Orbis ID number,Company name Latin alphabet,Orbis ID number,Company name Latin alphabet,Orbis ID number,Company name Latin alphabet,Orbis ID number,Company name Latin alphabet,Orbis ID number,Company name Latin alphabet,Orbis ID number,Company name Latin alphabet,real_costs_of_goods_sold,real_tangible_fixed_assets
37507349,A BROWN COMPANY INC,2004,Philippines (the),PH,6831,Real estate activities,67,3425.862363,1273.837224,3850.640647,5380.243737,2000.534179,6047.348968
37507349,A BROWN COMPANY INC,2005,Philippines (the),PH,6831,Real estate activities,46,4115.6841,1457.591401,1261.367752,6102.860475,2161.360477,1870.394134
37507349,A BROWN COMPANY INC,2006,Philippines (the),PH,6831,Real estate activities,16,5130.078194,1770.597587,1554.709773,7237.103791,2497.817386,2193.260134
37507349,A BROWN COMPANY INC,2007,Philippines (the),PH,6831,Real estate activities,17,6359.242433,1308.422482,2495.302008,8695.945427,1789.202191,3412.20048
37507349,A BROWN COMPANY INC,2008,Philippines (the),PH,6831,Real estate activities,137,5158.260563,1256.670542,2845.235371,6581.185365,1603.327649,3630.103821
37507349,A BROWN COMPANY INC,2009,Philippines (the),PH,6831,Real estate activities,105,9068.987655,1386.767597,2925.230765,11262.30949,1722.155379,3632.693688
37507349,A BROWN COMPANY INC,2010,Philippines (the),PH,6831,Real estate activities,126,9065.05656,1769.169452,12070.38873,10785.98475,2105.032064,14361.85509
37507349,A BROWN COMPANY INC,2011,Philippines (the),PH,6831,Real estate activities,157,10345.72513,3119.035788,14222.43259,11845.57296,3571.210865,16284.29721
37507349,A BROWN COMPANY INC,2012,Philippines (the),PH,6831,Real estate activities,164,17155.66112,8466.012732,17493.25094,19258.71123,9503.830444,19637.68495
37507349,A BROWN COMPANY INC,2013,Philippines (the),PH,6831,Real estate activities,203,11729.07219,5276.376943,22085.60416,12900.99874,5803.573476,24292.31799
37507349,A BROWN COMPANY INC,2014,Philippines (the),PH,6831,Real estate activities,199,16107.62731,8182.150389,17406.30272,17192.15721,8733.056276,18578.2727
37507349,A BROWN COMPANY INC,2015,Philippines (the),PH,6831,Real estate activities,75,14306.64032,7755.989452,18577.93742,15380.60092,8338.210501,19972.53269
37507349,A BROWN COMPANY INC,2016,Philippines (the),PH,6831,Real estate activities,75,10128.40027,5310.260404,18152.45027,10751.06461,5636.719637,19268.40966
37507349,A BROWN COMPANY INC,2017,Philippines (the),PH,6831,Real estate activities,65,16621.31626,5880.135207,18306.61156,17243.06216,6100.09071,18991.39852
37507349,A BROWN COMPANY INC,2018,Philippines (the),PH,6831,Real estate activities,55,17186.84164,7323.363487,16921.00444,17186.84164,7323.363487,16921.00444
37507349,A BROWN COMPANY INC,2019,Philippines (the),PH,6831,Real estate activities,132,20545.99555,8215.887578,17348.96734,20403.76574,8159.013032,17228.86897
37507349,A BROWN COMPANY INC,2020,Philippines (the),PH,6831,Real estate activities,136,18182.73738,8728.869744,18996.39795,17763.67946,8527.695301,18558.58757
37507349,A BROWN COMPANY INC,2021,Philippines (the),PH,6831,Real estate activities,162,14325.34396,5343.010306,18141.8446,13682.8787,5103.386146,17328.21633
37507349,A BROWN COMPANY INC,2022,Philippines (the),PH,6831,Real estate activities,193,27547.20251,10329.0093,20306.64654,24942.74192,9352.449242,18386.74703
37507349,A BROWN COMPANY INC,2023,Philippines (the),PH,6831,Real estate activities,268,29983.64103,12563.80571,26492.34228,25954.54541,10875.52594,22932.39504
37507349,A BROWN COMPANY INC,2024,Philippines (the),PH,6831,Real estate activities,313,32434.01498,16128.60641,29574.44668,27280.63663,13565.96312,24875.41965
37508761,A. SORIANO CORPORATION,2006,Philippines (the),PH,6420,Financial and insurance activities,162,159376.2122,69993.75204,11710.06684,224835.2063,98741.58424,16519.62523
37508761,A. SORIANO CORPORATION,2007,Philippines (the),PH,6420,Financial and insurance activities,259,139252.1898,100925.4592,13349.4358,190420.393,138010.509,18254.68464
37508761,A. SORIANO CORPORATION,2008,Philippines (the),PH,6420,Financial and insurance activities,260,40902.24329,22142.42418,3006.380997,52185.27479,28250.49184,3835.702051
37508761,A. SORIANO CORPORATION,2009,Philippines (the),PH,6420,Financial and insurance activities,240,30969.66891,18161.70471,4325.049531,38459.63952,22554.0873,5371.056642
37508761,A. SORIANO CORPORATION,2010,Philippines (the),PH,6420,Financial and insurance activities,141,71316.80656,15209.16058,3262.572691,84855.72954,18096.49757,3881.945915
37508761,A. SORIANO CORPORATION,2011,Philippines (the),PH,6420,Financial and insurance activities,577,54984.06647,24015.731,20642.1423,62955.25571,27497.35666,23634.68966
37508761,A. SORIANO CORPORATION,2012,Philippines (the),PH,6420,Financial and insurance activities,472,48446.85812,29899.5433,21233.8316,54385.78227,33564.81957,23836.80979
37508761,A. SORIANO CORPORATION,2013,Philippines (the),PH,6420,Financial and insurance activities,445,44779.07973,29179.40358,23217.0042,49253.2437,32094.90423,25536.76343
37508761,A. SORIANO CORPORATION,2014,Philippines (the),PH,6420,Financial and insurance activities,879,48144.45218,29409.28377,60559.07006,51386.02816,31389.41696,64636.52484
37508761,A. SORIANO CORPORATION,2015,Philippines (the),PH,6420,Financial and insurance activities,701,192671.7543,144296.7598,57284.42074,207135.0992,155128.7254,61584.60652
37508761,A. SORIANO CORPORATION,2016,Philippines (the),PH,6420,Financial and insurance activities,739,215316.2239,151171.2614,53173.48915,228553.2338,160464.8271,56442.43929
37508761,A. SORIANO CORPORATION,2017,Philippines (the),PH,6420,Financial and insurance activities,678,217255.9467,124592.7085,53446.08514,225382.7396,129253.2904,55445.31817
37508761,A. SORIANO CORPORATION,2018,Philippines (the),PH,6420,Financial and insurance activities,691,184678.6172,136779.0628,48570.48231,184678.6172,136779.0628,48570.48231
37508761,A. SORIANO CORPORATION,2019,Philippines (the),PH,6420,Financial and insurance activities,710,213315.6034,133657.7721,51193.36267,211838.9245,132732.5251,50838.97622
37508761,A. SORIANO CORPORATION,2020,Philippines (the),PH,6420,Financial and insurance activities,699,152860.4957,105905.1096,52076.8366,149337.5167,103464.3123,50876.62066
37508761,A. SORIANO CORPORATION,2021,Philippines (the),PH,6420,Financial and insurance activities,686,192577.504,141459.6278,50371.72667,183940.7581,135115.4243,48112.64761
37508761,A. SORIANO CORPORATION,2022,Philippines (the),PH,6420,Financial and insurance activities,709,191570.0469,164481.6648,48512.6338,173457.985,148930.6841,43925.98864
37508761,A. SORIANO CORPORATION,2023,Philippines (the),PH,6420,Financial and insurance activities,613,214294.7949,157608.6328,69056.84951,185498.6184,136429.7423,59777.23435
37508761,A. SORIANO CORPORATION,2024,Philippines (the),PH,6420,Financial and insurance activities,727,226631.6512,168895.8995,69061.56932,190622.5834,142060.3544,58088.50921
12153936,ABOITIZ POWER CORPORATION,2006,Philippines (the),PH,3511,"Electricity, gas, steam and air conditioning supply",1235,178889.6862,116918.7707,65708.39826,252363.254,164939.6455,92696.15007
12153936,ABOITIZ POWER CORPORATION,2007,Philippines (the),PH,3511,"Electricity, gas, steam and air conditioning supply",1648,273229.8936,180728.8927,99063.20952,373628.1906,247137.7061,135463.9759
12153936,ABOITIZ POWER CORPORATION,2008,Philippines (the),PH,3511,"Electricity, gas, steam and air conditioning supply",2061,265761.233,179674.3835,131781.4694,339072.4287,229238.2109,168133.8635
12153936,ABOITIZ POWER CORPORATION,2009,Philippines (the),PH,3511,"Electricity, gas, steam and air conditioning supply",1803,517466.4667,276279.3975,1572634.127,642614.9997,343097.1789,1952973.465
12153936,ABOITIZ POWER CORPORATION,2010,Philippines (the),PH,3511,"Electricity, gas, steam and air conditioning supply",2272,1367430.787,589977.1554,1692873.768,1627026.54,701979.5801,2014252.258
12153936,ABOITIZ POWER CORPORATION,2011,Philippines (the),PH,3511,"Electricity, gas, steam and air conditioning supply",2344,1256598.722,598628.7285,1791752.876,1438771.246,685413.5588,2051508.15
12153936,ABOITIZ POWER CORPORATION,2012,Philippines (the),PH,3511,"Electricity, gas, steam and air conditioning supply",2658,1508864.934,774720.399,2067034.792,1693831.199,869690.5553,2320425.069
12153936,ABOITIZ POWER CORPORATION,2013,Philippines (the),PH,3511,"Electricity, gas, steam and air conditioning supply",205,1622352.607,953777.1198,2403628.44,1784452.222,1049075.086,2643790.315
12153936,ABOITIZ POWER CORPORATION,2014,Philippines (the),PH,3511,"Electricity, gas, steam and air conditioning supply",262,1961980.947,1140188.886,2681637.969,2094081.533,1216958.041,2862193.212
12153936,ABOITIZ POWER CORPORATION,2015,Philippines (the),PH,3511,"Electricity, gas, steam and air conditioning supply",304,1820157.627,984315.7954,2858216.224,1956791.914,1058205.707,3072774.748
12153936,ABOITIZ POWER CORPORATION,2016,Philippines (the),PH,3511,"Electricity, gas, steam and air conditioning supply",342,1834422.751,927995.8899,3874016.604,1947197.681,985046.3551,4112179.781
12153936,ABOITIZ POWER CORPORATION,2017,Philippines (the),PH,3511,"Electricity, gas, steam and air conditioning supply",357,2421395.466,1280969.649,4086799.592,2511971.488,1328886.29,4239672.617
12153936,ABOITIZ POWER CORPORATION,2018,Philippines (the),PH,3511,"Electricity, gas, steam and air conditioning supply",383,2532550.711,1359538.371,3928200.077,2532550.711,1359538.371,3928200.077
12153936,ABOITIZ POWER CORPORATION,2019,Philippines (the),PH,3511,"Electricity, gas, steam and air conditioning supply",428,2521510.558,1406311.089,4128989.942,2504055.382,1396575.889,4100406.977
12153936,ABOITIZ POWER CORPORATION,2020,Philippines (the),PH,3511,"Electricity, gas, steam and air conditioning supply",370,2384331.324,1142291.35,4235390.888,2329379.59,1115964.938,4137777.746
12153936,ABOITIZ POWER CORPORATION,2021,Philippines (the),PH,3511,"Electricity, gas, steam and air conditioning supply",457,2688147.391,1477059.291,4002832.728,2567588.938,1410815.906,3823313.062
12153936,ABOITIZ POWER CORPORATION,2022,Philippines (the),PH,3511,"Electricity, gas, steam and air conditioning supply",549,3502712.449,2316437.32,3685986.968,3171547.187,2097428.885,3337493.948
12153936,ABOITIZ POWER CORPORATION,2023,Philippines (the),PH,3511,"Electricity, gas, steam and air conditioning supply",3681,3814500.596,2437305.748,3774306.506,3301921.499,2109789.223,3267128.549
12153936,ABOITIZ POWER CORPORATION,2024,Philippines (the),PH,3511,"Electricity, gas, steam and air conditioning supply",3927,3438582.017,1986989.134,3794916.512,2892232.324,1671280.247,3191949.516
37507114,ABS-CBN CORPORATION,2000,Philippines (the),PH,2630,Manufacturing,5595,188080.0075,57451.81939,204348.7786,355318.7184,108537.3566,386053.5051
37507114,ABS-CBN CORPORATION,2001,Philippines (the),PH,2630,Manufacturing,5804,202501.5834,73240.56772,226375.3101,362211.6312,131004.3361,404914.2182
37507114,ABS-CBN CORPORATION,2002,Philippines (the),PH,2630,Manufacturing,6059,206379.2189,85971.95649,212190.2404,354162.5581,147534.4669,364134.7165
37507114,ABS-CBN CORPORATION,2003,Philippines (the),PH,2630,Manufacturing,6305,230546.033,95686.92608,196328.287,383396.1547,159126.5703,326492.3249
37507114,ABS-CBN CORPORATION,2004,Philippines (the),PH,2630,Manufacturing,6561,245291.4289,113473.4022,189281.1927,385224.9548,178207.5567,297262.074
37507114,ABS-CBN CORPORATION,2005,Philippines (the),PH,2630,Manufacturing,6198.5,326647.7971,122668.1599,193860.5797,484363.2022,181896.0461,287462.3127
37507114,ABS-CBN CORPORATION,2006,Philippines (the),PH,2630,Manufacturing,5836,362988.2791,45142.92144,197928.8462,512074.8167,63684.02108,279222.1773
37507114,ABS-CBN CORPORATION,2007,Philippines (the),PH,2630,Manufacturing,7406,492493.483,61028.64572,228668.7485,673460.1638,83453.61546,312693.0571
37507114,ABS-CBN CORPORATION,2008,Philippines (the),PH,2630,Manufacturing,4210,488061.2461,81354.89197,310320.1889,622694.7031,103796.9327,395923.1335
37507114,ABS-CBN CORPORATION,2009,Philippines (the),PH,2630,Manufacturing,4424.5,547372.1957,226087.6865,317422.1182,679753.3869,280766.6736,394190.2085
37507114,ABS-CBN CORPORATION,2010,Philippines (the),PH,2630,Manufacturing,4639,742156.5816,272452.9615,346252.5526,883049.0483,324175.9681,411985.8189
37507114,ABS-CBN CORPORATION,2011,Philippines (the),PH,2630,Manufacturing,4853.5,617154.1342,333334.9444,346979.4995,706624.6429,381659.4153,397282.0586
37507114,ABS-CBN CORPORATION,2012,Philippines (the),PH,2630,Manufacturing,5068,720413.641,376750.069,428959.818,808726.5293,422934.4898,481544.442
37507114,ABS-CBN CORPORATION,2013,Philippines (the),PH,2630,Manufacturing,5282.5,762885.482,428320.8099,417343.7528,839110.245,471117.0787,459043.2338
37507114,ABS-CBN CORPORATION,2014,Philippines (the),PH,2630,Manufacturing,5497,766368.8138,384243.2522,461092.0326,817968.5854,410114.4303,492137.4551
37507114,ABS-CBN CORPORATION,2015,Philippines (the),PH,2630,Manufacturing,5711.5,816573.2061,416134.2051,462156.0639,877871.1375,447372.2689,496848.8636
37507114,ABS-CBN CORPORATION,2016,Philippines (the),PH,2630,Manufacturing,5926,844762.6571,407608.4379,492039.8318,896696.1873,432667.009,522288.9973
37507114,ABS-CBN CORPORATION,2017,Philippines (the),PH,2630,Manufacturing,6566,827203.1646,413605.0176,514812.734,858145.9715,429076.5495,534070.0963
37507114,ABS-CBN CORPORATION,2018,Philippines (the),PH,2630,Manufacturing,6730,767266.2682,405829.4688,528708.4855,767266.2682,405829.4688,528708.4855
37507114,ABS-CBN CORPORATION,2019,Philippines (the),PH,2630,Manufacturing,6686,853859.7258,435294.9701,541418.5116,847948.8752,432281.6373,537670.5377
37507114,ABS-CBN CORPORATION,2020,Philippines (the),PH,2630,Manufacturing,4012,453498.4247,335573.4137,557046.0316,443046.637,327839.4463,544207.7801
37507114,ABS-CBN CORPORATION,2021,Philippines (the),PH,2630,Manufacturing,3899,358564.7251,224739.1228,517703.0471,342483.7584,214659.9876,494485.02
37507114,ABS-CBN CORPORATION,2022,Philippines (the),PH,2630,Manufacturing,3867,391612.3676,220987.474,435878.2088,354587.2295,200094.1304,394667.9401
37507114,ABS-CBN CORPORATION,2023,Philippines (the),PH,2630,Manufacturing,3634,342983.9255,212579.4602,598489.8704,296894.9588,184013.7843,518066.9186
37507114,ABS-CBN CORPORATION,2024,Philippines (the),PH,2630,Manufacturing,2611,354926.4039,202659.852,338516.917,298532.8292,170459.6173,284730.6142
37507401,ACEN CORPORATION,2003,Philippines (the),PH,3511,"Electricity, gas, steam and air conditioning supply",16,7981.3742,6021.720512,1982.634126,13272.95958,10014.07163,3297.104229
37507401,ACEN CORPORATION,2004,Philippines (the),PH,3511,"Electricity, gas, steam and air conditioning supply",16,9109.122463,7026.765157,3135.479016,14305.68245,11035.38474,4924.202887
37507401,ACEN CORPORATION,2005,Philippines (the),PH,3511,"Electricity, gas, steam and air conditioning supply",31,13506.71843,9503.835129,3763.582027,20028.16932,14092.57328,5580.752906
37507401,ACEN CORPORATION,2006,Philippines (the),PH,3511,"Electricity, gas, steam and air conditioning supply",37,12991.16675,9516.750863,13145.44502,18326.89845,13425.47056,18544.54189
37507401,ACEN CORPORATION,2007,Philippines (the),PH,3511,"Electricity, gas, steam and air conditioning supply",78,34681.77044,25806.6951,16024.61269,47425.58351,35289.36262,21912.85501
37507401,ACEN CORPORATION,2008,Philippines (the),PH,3511,"Electricity, gas, steam and air conditioning supply",93,34358.11349,29187.38583,13059.72428,43835.92315,37238.8316,16662.29637
37507401,ACEN CORPORATION,2009,Philippines (the),PH,3511,"Electricity, gas, steam and air conditioning supply",95,22261.90741,8407.670902,9204.590379,27645.91822,10441.05422,11430.70754
37507401,ACEN CORPORATION,2010,Philippines (the),PH,3511,"Electricity, gas, steam and air conditioning supply",72,21800.47891,17605.53751,11149.04885,25939.12475,20947.80742,13265.60623
37507401,ACEN CORPORATION,2011,Philippines (the),PH,3511,"Electricity, gas, steam and air conditioning supply",69,30115.18939,11811.94262,10973.73007,34481.07007,13524.35198,12564.62148
37507401,ACEN CORPORATION,2012,Philippines (the),PH,3511,"Electricity, gas, steam and air conditioning supply",79,25040.34739,1615.99338,14721.79049,28109.95251,1814.092132,16526.48125
37507401,ACEN CORPORATION,2013,Philippines (the),PH,3511,"Electricity, gas, steam and air conditioning supply",64,50954.4525,20479.12869,53825.7319,56045.63742,22525.32928,59203.80469
37507401,ACEN CORPORATION,2014,Philippines (the),PH,3511,"Electricity, gas, steam and air conditioning supply",143,38416.29913,9862.518876,153821.6167,41002.87654,10526.56432,164178.4582
37507401,ACEN CORPORATION,2015,Philippines (the),PH,3511,"Electricity, gas, steam and air conditioning supply",254,286424.4783,236173.9803,156507.1443,307925.5855,253902.9191,168255.7103
37507401,ACEN CORPORATION,2016,Philippines (the),PH,3511,"Electricity, gas, steam and air conditioning supply",292,320205.8517,267981.8336,128772.9716,339891.1682,284456.5706,136689.5562
37507401,ACEN CORPORATION,2017,Philippines (the),PH,3511,"Electricity, gas, steam and air conditioning supply",271,341108.7558,324942.6205,122793.1172,353868.4536,337097.5991,127386.3826
37507401,ACEN CORPORATION,2018,Philippines (the),PH,3511,"Electricity, gas, steam and air conditioning supply",250,287665.0984,269233.5294,109266.4298,287665.0984,269233.5294,109266.4298
37507401,ACEN CORPORATION,2019,Philippines (the),PH,3511,"Electricity, gas, steam and air conditioning supply",92,323548.3401,258850.7602,520074.8651,321308.5742,257058.8638,516474.6428
37507401,ACEN CORPORATION,2020,Philippines (the),PH,3511,"Electricity, gas, steam and air conditioning supply",138,457523.2809,200127.5648,711577.8363,446978.7323,195515.2206,695178.087
37507401,ACEN CORPORATION,2021,Philippines (the),PH,3511,"Electricity, gas, steam and air conditioning supply",207,529079.4998,343780.6818,751842.3355,505351.2599,328362.7522,718123.5931
37507401,ACEN CORPORATION,2022,Philippines (the),PH,3511,"Electricity, gas, steam and air conditioning supply",233,850348.8801,531488.1521,1107000.627,769952.3264,481238.4055,1002338.838
37507401,ACEN CORPORATION,2023,Philippines (the),PH,3511,"Electricity, gas, steam and air conditioning supply",310,754295.4726,522549.349,1748195.042,652935.9152,452331.0159,1513278.776
37507401,ACEN CORPORATION,2024,Philippines (the),PH,3511,"Electricity, gas, steam and air conditioning supply",333,696041.7626,403380.3102,2246137.349,585449.0237,339287.9874,1889252.9
37507152,ACESITE (PHILS.) HOTEL CORPORATION,2003,Philippines (the),PH,5510,Accommodation and food service activities,676,10182.0185,6034.476815,19527.22877,16932.61294,10035.28526,32473.62068
37507152,ACESITE (PHILS.) HOTEL CORPORATION,2004,Philippines (the),PH,5510,Accommodation and food service activities,665,7702.827494,4239.465353,23289.61885,12097.12621,6657.989872,36575.84942
37507152,ACESITE (PHILS.) HOTEL CORPORATION,2005,Philippines (the),PH,5510,Accommodation and food service activities,666,12060.35811,7136.054688,23889.98902,17883.46264,10581.55705,35424.79602
37507152,ACESITE (PHILS.) HOTEL CORPORATION,2006,Philippines (the),PH,5510,Accommodation and food service activities,613,13800.82238,8235.935906,23942.33918,19469.09582,11618.59931,33775.93617
37507152,ACESITE (PHILS.) HOTEL CORPORATION,2007,Philippines (the),PH,5510,Accommodation and food service activities,619,18636.48193,9966.908859,26215.67072,25484.45534,13629.24852,35848.61629
37507152,ACESITE (PHILS.) HOTEL CORPORATION,2008,Philippines (the),PH,5510,Accommodation and food service activities,592,14468.21118,8234.47414,20919.78544,18459.31948,10505.98356,26690.58379
37507152,ACESITE (PHILS.) HOTEL CORPORATION,2009,Philippines (the),PH,5510,Accommodation and food service activities,592,14783.47973,7732.914681,25124.36313,18358.8434,9603.109158,31200.65481
37507152,ACESITE (PHILS.) HOTEL CORPORATION,2010,Philippines (the),PH,5510,Accommodation and food service activities,423,14998.49634,9117.853644,25000.00045,17845.84041,10848.80493,29746.04975
37507152,ACESITE (PHILS.) HOTEL CORPORATION,2011,Philippines (the),PH,5510,Accommodation and food service activities,343,14475.30092,6387.907675,38630.19146,16573.82456,7313.979976,44230.51509
37507152,ACESITE (PHILS.) HOTEL CORPORATION,2012,Philippines (the),PH,5510,Accommodation and food service activities,321,13024.44636,7263.084992,43445.20737,14621.06588,8153.440166,48770.99734
37507152,ACESITE (PHILS.) HOTEL CORPORATION,2013,Philippines (the),PH,5510,Accommodation and food service activities,258.5,12956.52302,6124.645527,42602.35612,14251.09202,6736.597995,46859.02973
37507152,ACESITE (PHILS.) HOTEL CORPORATION,2014,Philippines (the),PH,5510,Accommodation and food service activities,196,12720.71197,2630.006528,42984.28896,13577.20016,2807.085414,45878.43008
37507152,ACESITE (PHILS.) HOTEL CORPORATION,2015,Philippines (the),PH,5510,Accommodation and food service activities,196,13264.78814,2926.069614,38591.78206,14260.53974,3145.721708,41488.76225
37507152,ACESITE (PHILS.) HOTEL CORPORATION,2016,Philippines (the),PH,5510,Accommodation and food service activities,274,11829.00053,2766.466601,39782.64733,12556.21278,2936.540852,42228.36779
37507152,ACESITE (PHILS.) HOTEL CORPORATION,2017,Philippines (the),PH,5510,Accommodation and food service activities,225,8744.586364,2598.541665,40052.09886,9071.691069,2695.744114,41550.30923
37507152,ACESITE (PHILS.) HOTEL CORPORATION,2018,Philippines (the),PH,5510,Accommodation and food service activities,29,1189.780796,630.2063845,17617.27182,1189.780796,630.2063845,17617.27182
37507152,ACESITE (PHILS.) HOTEL CORPORATION,2020,Philippines (the),PH,5510,Accommodation and food service activities,26,17789.15758,63.36913785,30565.11688,17379.1705,61.90866801,29860.682
37507152,ACESITE (PHILS.) HOTEL CORPORATION,2024,Philippines (the),PH,5510,Accommodation and food service activities,17,526.1833196,41.40379787,30125.79634,442.5790625,34.82522794,25339.16642
75345688,AGRINURTURE INC,2015,Philippines (the),PH,4781,Wholesale and retail trade; repair of motor vehicles and motorcycles,102,61341.58055,53037.67522,14139.97365,65946.32629,57019.06936,15201.42304
75345688,AGRINURTURE INC,2016,Philippines (the),PH,4781,Wholesale and retail trade; repair of motor vehicles and motorcycles,153,11634.85442,9627.968657,12226.56743,12350.13114,10219.86793,12978.22093
75345688,AGRINURTURE INC,2017,Philippines (the),PH,4781,Wholesale and retail trade; repair of motor vehicles and motorcycles,144,46183.72135,27474.75018,19450.51313,47911.29449,28502.48547,20178.08949
75345688,AGRINURTURE INC,2018,Philippines (the),PH,4781,Wholesale and retail trade; repair of motor vehicles and motorcycles,129,74709.33859,57340.89085,12779.55066,74709.33859,57340.89085,12779.55066
75345688,AGRINURTURE INC,2019,Philippines (the),PH,4781,Wholesale and retail trade; repair of motor vehicles and motorcycles,188,91105.29308,72382.13372,12611.52055,90474.61598,71881.06784,12524.2172
75345688,AGRINURTURE INC,2020,Philippines (the),PH,4781,Wholesale and retail trade; repair of motor vehicles and motorcycles,204,92318.00864,80173.80467,14974.47701,90190.35357,78326.03732,14629.35993
75345688,AGRINURTURE INC,2021,Philippines (the),PH,4781,Wholesale and retail trade; repair of motor vehicles and motorcycles,386,89700.30111,78881.45661,13672.88403,85677.40801,75343.76874,13059.68039
75345688,AGRINURTURE INC,2022,Philippines (the),PH,4781,Wholesale and retail trade; repair of motor vehicles and motorcycles,308,68439.04156,60284.28387,9229.383494,61968.44671,54584.68365,8356.78797
75345688,AGRINURTURE INC,2023,Philippines (the),PH,4781,Wholesale and retail trade; repair of motor vehicles and motorcycles,397,53607.2663,48074.5401,7865.603597,46403.71148,41614.45346,6808.651609
75345688,AGRINURTURE INC,2024,Philippines (the),PH,4781,Wholesale and retail trade; repair of motor vehicles and motorcycles,236,25582.01394,24803.35708,5745.699145,21517.33687,20862.39931,4832.776043
339947379,"ALLDAY MARTS, INCORPORATION",2021,Philippines (the),PH,4711,Wholesale and retail trade; repair of motor vehicles and motorcycles,250,187825.8988,149692.7394,81788.1018,179402.2536,142979.296,78120.05625
339947379,"ALLDAY MARTS, INCORPORATION",2022,Philippines (the),PH,4711,Wholesale and retail trade; repair of motor vehicles and motorcycles,259,174823.5038,138219.9042,78235.99455,158294.75,125151.8515,70839.14311
339947379,"ALLDAY MARTS, INCORPORATION",2023,Philippines (the),PH,4711,Wholesale and retail trade; repair of motor vehicles and motorcycles,275,185711.1754,146472.8329,78612.34097,160755.9646,126790.3318,68048.69267
339947379,"ALLDAY MARTS, INCORPORATION",2024,Philippines (the),PH,4711,Wholesale and retail trade; repair of motor vehicles and motorcycles,241,160397.9854,126305.9742,72234.01036,134912.6576,106237.4605,60756.88718
339872857,ALLHOME CORPORATION,2020,Philippines (the),PH,4647,Wholesale and retail trade; repair of motor vehicles and motorcycles,516,266714.7682,176660.3326,249558.6566,260567.7873,172588.8382,243807.0731
339872857,ALLHOME CORPORATION,2021,Philippines (the),PH,4647,Wholesale and retail trade; repair of motor vehicles and motorcycles,639,289139.4668,183284.9132,267961.9739,276172.0949,175064.9228,255944.3735
339872857,ALLHOME CORPORATION,2022,Philippines (the),PH,4647,Wholesale and retail trade; repair of motor vehicles and motorcycles,514,228429.7228,141493.7282,249802.3173,206832.749,128116.1506,226184.6635
339872857,ALLHOME CORPORATION,2023,Philippines (the),PH,4647,Wholesale and retail trade; repair of motor vehicles and motorcycles,562,221129.0849,134728.8483,236052.6905,191414.5407,116624.4623,204332.7649
339872857,ALLHOME CORPORATION,2024,Philippines (the),PH,4647,Wholesale and retail trade; repair of motor vehicles and motorcycles,345,173459.4702,105845.0688,219007.9399,145898.8281,89027.54908,184210.189
7088240,ALLIANCE GLOBAL GROUP INC,2001,Philippines (the),PH,6420,Financial and insurance activities,260,34680.39584,27942.10673,22931.03737,62032.31863,49979.6391,41016.41235
7088240,ALLIANCE GLOBAL GROUP INC,2002,Philippines (the),PH,6420,Financial and insurance activities,300,48737.68271,43862.66387,30300.24862,83637.59917,75271.69319,51997.54908
7088240,ALLIANCE GLOBAL GROUP INC,2003,Philippines (the),PH,6420,Financial and insurance activities,310,62352.22636,57381.99135,35320.95097,103691.2391,95425.77918,58738.45066
7088240,ALLIANCE GLOBAL GROUP INC,2004,Philippines (the),PH,6420,Financial and insurance activities,5260,66077.22028,58831.33913,2044.182177,103772.8644,92393.3627,3210.344489
7088240,ALLIANCE GLOBAL GROUP INC,2005,Philippines (the),PH,6420,Financial and insurance activities,10210,215016.2139,124394.8451,35939.64368,318832.525,184456.427,53292.38726
7088240,ALLIANCE GLOBAL GROUP INC,2006,Philippines (the),PH,6420,Financial and insurance activities,10210,181564.2568,137478.3451,43693.84547,256136.3241,193943.4477,61639.78066
7088240,ALLIANCE GLOBAL GROUP INC,2007,Philippines (the),PH,6420,Financial and insurance activities,16259,665096.002,450799.9738,122000.8435,909485.4612,616446.3789,166830.0412
7088240,ALLIANCE GLOBAL GROUP INC,2008,Philippines (the),PH,6420,Financial and insurance activities,17911,690748.7708,382070.8058,285813.8603,881294.3134,487466.4171,364656.6457
7088240,ALLIANCE GLOBAL GROUP INC,2009,Philippines (the),PH,6420,Financial and insurance activities,16878,777199.3333,392489.8965,106855.3133,965163.8926,487413.0228,132698.1197
7088240,ALLIANCE GLOBAL GROUP INC,2010,Philippines (the),PH,6420,Financial and insurance activities,20947,865914.6105,486120.0953,116862.7798,1030301.545,578406.0913,139048.24
7088240,ALLIANCE GLOBAL GROUP INC,2011,Philippines (the),PH,6420,Financial and insurance activities,24533,1294616.206,727938.8079,149351.8985,1482300.229,833470.0711,171003.8482
7088240,ALLIANCE GLOBAL GROUP INC,2012,Philippines (the),PH,6420,Financial and insurance activities,28885,2363829.093,1077241.662,846967.1453,2653602.305,1209296.8,950793.7673
7088240,ALLIANCE GLOBAL GROUP INC,2013,Philippines (the),PH,6420,Financial and insurance activities,30326,2655214.477,1261490.371,938033.1873,2920513.921,1387533.934,1031758.077
7088240,ALLIANCE GLOBAL GROUP INC,2014,Philippines (the),PH,6420,Financial and insurance activities,35552,2749468.73,1322134.649,1215203.59,2934591.031,1411154.25,1297023.501
7088240,ALLIANCE GLOBAL GROUP INC,2015,Philippines (the),PH,6420,Financial and insurance activities,35552,2890524.985,1471712.499,1405127.183,3107508.84,1582189.956,1510606.262
7088240,ALLIANCE GLOBAL GROUP INC,2016,Philippines (the),PH,6420,Financial and insurance activities,38186,2761530.841,1300441.8,1666104.661,2931301.657,1380389.147,1768531.888
7088240,ALLIANCE GLOBAL GROUP INC,2017,Philippines (the),PH,6420,Financial and insurance activities,42055,2725796.333,1239814.472,1963553.505,2827758.938,1286191.639,2037003.245
7088240,ALLIANCE GLOBAL GROUP INC,2018,Philippines (the),PH,6420,Financial and insurance activities,47635,2911273.339,1332862.89,2228617.859,2911273.339,1332862.89,2228617.859
7088240,ALLIANCE GLOBAL GROUP INC,2019,Philippines (the),PH,6420,Financial and insurance activities,50179,3465667.265,1571601.408,2685293.744,3441676.156,1560721.985,2666704.777
7088240,ALLIANCE GLOBAL GROUP INC,2020,Philippines (the),PH,6420,Financial and insurance activities,42116,2621060.894,1296313.683,2917739.272,2560653.249,1266437.514,2850494.074
7088240,ALLIANCE GLOBAL GROUP INC,2021,Philippines (the),PH,6420,Financial and insurance activities,38954,2962819.099,1354468.691,2794816.87,2829942.126,1293723.268,2669474.487
7088240,ALLIANCE GLOBAL GROUP INC,2022,Philippines (the),PH,6420,Financial and insurance activities,48654,3421420.057,1518632.115,2645373.654,3097940.615,1375052.472,2395265.81
7088240,ALLIANCE GLOBAL GROUP INC,2023,Philippines (the),PH,6420,Financial and insurance activities,56915,3700789.924,1741199.019,2848936.225,3203490.865,1507222.854,2466106.253
7088240,ALLIANCE GLOBAL GROUP INC,2024,Philippines (the),PH,6420,Financial and insurance activities,62278,3781433.095,1756312.821,2904355.519,3180608.453,1477255.65,2442888.048
37508686,ALLIANCE SELECT FOODS INTERNATIONAL INC,2007,Philippines (the),PH,1020,Manufacturing,2095,42414,37318,1623,57999.02004,51030.49535,2219.371187
37508686,ALLIANCE SELECT FOODS INTERNATIONAL INC,2008,Philippines (the),PH,1020,Manufacturing,1647,51637,45096,4195,65881.2529,57535.89443,5352.205897
37508686,ALLIANCE SELECT FOODS INTERNATIONAL INC,2009,Philippines (the),PH,1020,Manufacturing,2331,50997,44013,6458,63330.55231,54657.48179,8019.858165
37508686,ALLIANCE SELECT FOODS INTERNATIONAL INC,2010,Philippines (the),PH,1020,Manufacturing,2432,48394,41300,7734,57581.21224,49140.47332,9202.237787
37508686,ALLIANCE SELECT FOODS INTERNATIONAL INC,2011,Philippines (the),PH,1020,Manufacturing,1099,51873,44069,9780,59393.1695,50457.80245,11197.83312
37508686,ALLIANCE SELECT FOODS INTERNATIONAL INC,2012,Philippines (the),PH,1020,Manufacturing,2080,82353,70496,23013,92448.35477,79137.84826,25834.07998
37508686,ALLIANCE SELECT FOODS INTERNATIONAL INC,2013,Philippines (the),PH,1020,Manufacturing,1928.8,84397,75744,21127,92829.64353,83312.06701,23237.93356
37508686,ALLIANCE SELECT FOODS INTERNATIONAL INC,2014,Philippines (the),PH,1020,Manufacturing,1777.6,81411,71518,13227,86892.41957,76333.32182,14117.57666
37508686,ALLIANCE SELECT FOODS INTERNATIONAL INC,2015,Philippines (the),PH,1020,Manufacturing,1626.4,74179,60010,17917,79747.41593,64514.78761,19261.9805
37508686,ALLIANCE SELECT FOODS INTERNATIONAL INC,2016,Philippines (the),PH,1020,Manufacturing,1475.2,60218,55385,17007,63920.026,58789.90734,18052.54047
37508686,ALLIANCE SELECT FOODS INTERNATIONAL INC,2017,Philippines (the),PH,1020,Manufacturing,1324,72195,61713,16104,74895.56503,64021.4697,16706.39489
37508686,ALLIANCE SELECT FOODS INTERNATIONAL INC,2018,Philippines (the),PH,1020,Manufacturing,1967,97134,83865,15486,97134,83865,15486
37508686,ALLIANCE SELECT FOODS INTERNATIONAL INC,2019,Philippines (the),PH,1020,Manufacturing,2610,85011,75887,20299,84422.51069,75361.67165,20158.48001
37508686,ALLIANCE SELECT FOODS INTERNATIONAL INC,2020,Philippines (the),PH,1020,Manufacturing,1447,62706,58757,20513,61260.81351,57402.8262,20040.23646
37508686,ALLIANCE SELECT FOODS INTERNATIONAL INC,2021,Philippines (the),PH,1020,Manufacturing,1136,41737,34755,14682,39865.17251,33196.30234,14023.53937
37508686,ALLIANCE SELECT FOODS INTERNATIONAL INC,2022,Philippines (the),PH,1020,Manufacturing,1136,34708,30733,14710,31426.51913,27827.33699,13319.23753
37508686,ALLIANCE SELECT FOODS INTERNATIONAL INC,2023,Philippines (the),PH,1020,Manufacturing,1325,57018,50930,14296,49356.12285,44086.20675,12374.95409
37508686,ALLIANCE SELECT FOODS INTERNATIONAL INC,2024,Philippines (the),PH,1020,Manufacturing,1472,72495,63386,14224,60976.40868,53314.72019,11963.97596
37507506,ALSONS CONSOLIDATED RESOURCES INC,2001,Philippines (the),PH,3511,"Electricity, gas, steam and air conditioning supply",461,79195.26019,18207.33864,173959.3483,141655.4078,32567.20129,311158.5511
37507506,ALSONS CONSOLIDATED RESOURCES INC,2002,Philippines (the),PH,3511,"Electricity, gas, steam and air conditioning supply",380,81894.90737,22764.74688,148703.2734,140537.9381,39066.05052,255186.2149
37507506,ALSONS CONSOLIDATED RESOURCES INC,2003,Philippines (the),PH,3511,"Electricity, gas, steam and air conditioning supply",378,79739.7979,26592.72154,87096.56128,132606.6274,44223.47697,144840.8643
37507506,ALSONS CONSOLIDATED RESOURCES INC,2004,Philippines (the),PH,3511,"Electricity, gas, steam and air conditioning supply",318,72273.83634,24592.70945,142205.6605,113504.5177,38622.32541,223330.9553
37507506,ALSONS CONSOLIDATED RESOURCES INC,2005,Philippines (the),PH,3511,"Electricity, gas, steam and air conditioning supply",292.25,71986.18996,20153.52366,127792.3239,106743.2929,29884.25252,189494.3109
37507506,ALSONS CONSOLIDATED RESOURCES INC,2006,Philippines (the),PH,3511,"Electricity, gas, steam and air conditioning supply",266.5,61007.0427,13091.71222,113265.0419,86063.85386,18468.73996,159785.2573
37507506,ALSONS CONSOLIDATED RESOURCES INC,2007,Philippines (the),PH,3511,"Electricity, gas, steam and air conditioning supply",240.75,63391.4147,13369.67686,99056.25316,86684.58366,18282.36328,135454.4634
37507506,ALSONS CONSOLIDATED RESOURCES INC,2008,Philippines (the),PH,3511,"Electricity, gas, steam and air conditioning supply",215,57805.0549,12969.10618,85000.71701,73750.78802,16546.68095,108448.4717
37507506,ALSONS CONSOLIDATED RESOURCES INC,2009,Philippines (the),PH,3511,"Electricity, gas, steam and air conditioning supply",219,58375.78624,12880.94288,75635.98954,72493.88757,15996.1807,93928.44662
37507506,ALSONS CONSOLIDATED RESOURCES INC,2010,Philippines (the),PH,3511,"Electricity, gas, steam and air conditioning supply",224,70419.71187,17572.74727,73228.43927,83788.32862,20908.79221,87130.27036
37507506,ALSONS CONSOLIDATED RESOURCES INC,2011,Philippines (the),PH,3511,"Electricity, gas, steam and air conditioning supply",237,75490.25903,21526.90831,66879.41831,86434.28663,24647.72259,76575.10897
37507506,ALSONS CONSOLIDATED RESOURCES INC,2012,Philippines (the),PH,3511,"Electricity, gas, steam and air conditioning supply",250,82787.60355,25793.98886,61114.60902,92936.23479,28955.98015,68606.42667
37507506,ALSONS CONSOLIDATED RESOURCES INC,2013,Philippines (the),PH,3511,"Electricity, gas, steam and air conditioning supply",263,75281.15186,29086.595,150262.6234,82802.97276,31992.82256,165276.3223
37507506,ALSONS CONSOLIDATED RESOURCES INC,2014,Philippines (the),PH,3511,"Electricity, gas, steam and air conditioning supply",373,118872.0231,60959.11937,300570.2343,126875.7012,65063.50956,320807.6907
37507506,ALSONS CONSOLIDATED RESOURCES INC,2015,Philippines (the),PH,3511,"Electricity, gas, steam and air conditioning supply",412,110075.0324,57727.62135,332360.8306,118338.0659,62061.077,357310.2549
37507506,ALSONS CONSOLIDATED RESOURCES INC,2016,Philippines (the),PH,3511,"Electricity, gas, steam and air conditioning supply",411,144843.3349,76907.79559,375582.2196,153747.8783,81635.86127,398671.9128
37507506,ALSONS CONSOLIDATED RESOURCES INC,2017,Philippines (the),PH,3511,"Electricity, gas, steam and air conditioning supply",417,132058.4255,70250.80384,455295.2792,136998.274,72878.64322,472326.2995
37507506,ALSONS CONSOLIDATED RESOURCES INC,2018,Philippines (the),PH,3511,"Electricity, gas, steam and air conditioning supply",472,126599.7133,66663.07848,514711.3678,126599.7133,66663.07848,514711.3678
37507506,ALSONS CONSOLIDATED RESOURCES INC,2019,Philippines (the),PH,3511,"Electricity, gas, steam and air conditioning supply",481,134258.4934,58063.14037,573407.0422,133329.0879,57661.19783,569437.6275
37507506,ALSONS CONSOLIDATED RESOURCES INC,2020,Philippines (the),PH,3511,"Electricity, gas, steam and air conditioning supply",479,197714.458,60621.51116,599462.3014,193157.7288,59224.36593,585646.4812
37507506,ALSONS CONSOLIDATED RESOURCES INC,2021,Philippines (the),PH,3511,"Electricity, gas, steam and air conditioning supply",488,198024.8,89225.05787,553331.1842,189143.7529,85223.47855,528515.3009
37507506,ALSONS CONSOLIDATED RESOURCES INC,2022,Philippines (the),PH,3511,"Electricity, gas, steam and air conditioning supply",490,221392.4098,109501.6041,494332.0223,200460.7814,99148.73384,447595.2158
37507506,ALSONS CONSOLIDATED RESOURCES INC,2023,Philippines (the),PH,3511,"Electricity, gas, steam and air conditioning supply",504,230753.3582,115131.6596,513204.5941,199745.5382,99660.67442,444241.9761
37507506,ALSONS CONSOLIDATED RESOURCES INC,2024,Philippines (the),PH,3511,"Electricity, gas, steam and air conditioning supply",522,218177.8645,105731.5962,496228.3786,183512.0026,88932.10591,417383.6045
339808444,ALTERNERGY HOLDINGS CORPORATION,2024,Philippines (the),PH,3511,"Electricity, gas, steam and air conditioning supply",63,9967.367832,374.4479235,35464.36152,8383.6719,314.9526121,29829.49723
530429427,"ALTUS PROPERTY VENTURES, INCORPORATION",2018,Philippines (the),PH,6820,Real estate activities,87,2451.464333,111.3724348,62.96942838,2451.464333,111.3724348,62.96942838
530429427,"ALTUS PROPERTY VENTURES, INCORPORATION",2019,Philippines (the),PH,6820,Real estate activities,85,2859.07693,85.31057844,835.3499907,2839.284948,84.7200153,829.5672738
530429427,"ALTUS PROPERTY VENTURES, INCORPORATION",2020,Philippines (the),PH,6820,Real estate activities,66,2039.928324,57.26954607,904.1968244,1992.914053,55.94965365,883.3577813
530429427,"ALTUS PROPERTY VENTURES, INCORPORATION",2021,Philippines (the),PH,6820,Real estate activities,60,2547.8198,60.24737187,910.1311872,2433.55478,57.54538834,869.3134817
39782572,ANCHOR LAND HOLDINGS INC,2007,Philippines (the),PH,6831,Real estate activities,149,9815.946324,6418.129899,251.1533499,13422.81482,8776.471086,343.4396232
39782572,ANCHOR LAND HOLDINGS INC,2008,Philippines (the),PH,6831,Real estate activities,52,26724.96609,18830.38876,298.9154505,34097.14448,24024.8195,381.3723568
39782572,ANCHOR LAND HOLDINGS INC,2009,Philippines (the),PH,6831,Real estate activities,117,35135.73147,19025.32537,614.612983,43633.25843,23626.57339,763.2562636
39782572,ANCHOR LAND HOLDINGS INC,2010,Philippines (the),PH,6831,Real estate activities,174,60525.85274,36818.59471,4910.242768,72016.19979,43808.30922,5842.412922
39782572,ANCHOR LAND HOLDINGS INC,2011,Philippines (the),PH,6831,Real estate activities,277,62599.77877,34786.19663,836.710096,71675.03848,39829.2459,958.0102278
39782572,ANCHOR LAND HOLDINGS INC,2012,Philippines (the),PH,6831,Real estate activities,365,93233.34534,49484.58389,1008.909487,104662.4821,55550.71906,1132.588032
39782572,ANCHOR LAND HOLDINGS INC,2013,Philippines (the),PH,6831,Real estate activities,403,121949.0054,75586.84377,998.5365211,134133.7098,83139.20829,1098.306685
39782572,ANCHOR LAND HOLDINGS INC,2014,Philippines (the),PH,6831,Real estate activities,400,78475.2457,45463.72507,940.8073256,83759.00032,48524.80714,1004.152079
39782572,ANCHOR LAND HOLDINGS INC,2015,Philippines (the),PH,6831,Real estate activities,429,69994.40246,42170.5252,651.8042631,75248.69202,45336.15192,700.7334377
39782572,ANCHOR LAND HOLDINGS INC,2016,Philippines (the),PH,6831,Real estate activities,450,93970.26934,60900.82945,16169.07242,99747.28585,64644.8338,17163.09957
39782572,ANCHOR LAND HOLDINGS INC,2017,Philippines (the),PH,6831,Real estate activities,471,117226.9855,78449.08891,18097.26918,121612.0413,81383.59776,18774.22537
39782572,ANCHOR LAND HOLDINGS INC,2018,Philippines (the),PH,6831,Real estate activities,494,115340.3243,80039.16964,22527.63544,115340.3243,80039.16964,22527.63544
39782572,ANCHOR LAND HOLDINGS INC,2019,Philippines (the),PH,6831,Real estate activities,460,109713.5423,73556.93271,41329.41818,108954.0494,73047.73427,41043.31496
39782572,ANCHOR LAND HOLDINGS INC,2020,Philippines (the),PH,6831,Real estate activities,399,69970.99875,46795.33955,56627.81905,68358.37569,45716.84638,55322.71652
39782572,ANCHOR LAND HOLDINGS INC,2021,Philippines (the),PH,6831,Real estate activities,389,78537.97372,51183.73677,58688.44404,75015.69042,48888.24055,56056.37555
39782572,ANCHOR LAND HOLDINGS INC,2022,Philippines (the),PH,6831,Real estate activities,441,75545.24258,42650.16051,63287.42002,68402.78929,38617.78509,57303.88716
39782572,ANCHOR LAND HOLDINGS INC,2023,Philippines (the),PH,6831,Real estate activities,502,90770.09634,46871.66791,67179.00837,78572.73187,40573.21897,58151.73086
39782572,ANCHOR LAND HOLDINGS INC,2024,Philippines (the),PH,6831,Real estate activities,524,103681.3153,40817.9393,120770.1209,87207.5902,34332.45532,101581.1883
37507222,ANGLO PHILIPPINE HOLDINGS CORPORATION,2013,Philippines (the),PH,6619,Financial and insurance activities,12,6831.945043,1402.41819,1503.399864,7514.568326,1542.542752,1653.614151
37507222,ANGLO PHILIPPINE HOLDINGS CORPORATION,2014,Philippines (the),PH,6619,Financial and insurance activities,13,2761.794861,87.7468239,1446.982107,2947.747084,93.6548358,1544.407714
37507222,ANGLO PHILIPPINE HOLDINGS CORPORATION,2015,Philippines (the),PH,6619,Financial and insurance activities,14,2032.353806,1066.700585,1224.123304,2184.917083,1146.774899,1316.014914
37507222,ANGLO PHILIPPINE HOLDINGS CORPORATION,2016,Philippines (the),PH,6619,Financial and insurance activities,14,3075.381946,492.9837621,1035.031022,3264.447407,523.2909577,1098.661693
37507222,ANGLO PHILIPPINE HOLDINGS CORPORATION,2017,Philippines (the),PH,6619,Financial and insurance activities,13.5,183.9632972,357.8453491,1593.59408,190.8447273,371.2311049,1653.204918
37507222,ANGLO PHILIPPINE HOLDINGS CORPORATION,2018,Philippines (the),PH,6619,Financial and insurance activities,13,793.945865,222.7069361,1230.597124,793.945865,222.7069361,1230.597124
37507222,ANGLO PHILIPPINE HOLDINGS CORPORATION,2019,Philippines (the),PH,6619,Financial and insurance activities,13,2445.609329,180.4548318,177.5382308,2428.679579,179.2056318,176.309221
37508488,APC GROUP INC,2000,Philippines (the),PH,6420,Financial and insurance activities,2910,40919.0577,43057.50329,99140.40789,77303.84178,81343.77008,187294.9876
37508488,APC GROUP INC,2001,Philippines (the),PH,6420,Financial and insurance activities,2679,26973.69957,28357.5608,87841.49427,48247.46332,50722.75574,157120.8007
37508488,APC GROUP INC,2002,Philippines (the),PH,6420,Financial and insurance activities,1114,23145.67953,22447.54785,71245.91309,39719.76015,38521.71267,122263.4477
37508488,APC GROUP INC,2003,Philippines (the),PH,6420,Financial and insurance activities,709,25124.097,21384.42215,60811.52927,41781.16646,35562.11797,101129.0725
37508488,APC GROUP INC,2004,Philippines (the),PH,6420,Financial and insurance activities,2697,16359.55335,12800.70007,48422.21846,25692.32945,20103.22631,76046.06081
37508488,APC GROUP INC,2005,Philippines (the),PH,6420,Financial and insurance activities,2512.333333,19599.73314,15056.90975,43399.74157,29063.07526,22326.83976,64354.44534
37508488,APC GROUP INC,2006,Philippines (the),PH,6420,Financial and insurance activities,2327.666667,16197.977,13018.07386,39151.08308,22850.80973,18364.85685,55231.21502
37508488,APC GROUP INC,2007,Philippines (the),PH,6420,Financial and insurance activities,2143,195977.8478,18347.40679,108.451485,267989.8883,25089.15957,148.3019723
37508488,APC GROUP INC,2008,Philippines (the),PH,6420,Financial and insurance activities,1995,6716.6685,6789.99692,139.959989,8569.485758,8663.042088,178.5684573
37508488,APC GROUP INC,2009,Philippines (the),PH,6420,Financial and insurance activities,1855,7217.706304,5825.394656,116.0367567,8963.298364,7234.258114,144.1000822
37508488,APC GROUP INC,2010,Philippines (the),PH,6420,Financial and insurance activities,1924,7295.887108,6300.467243,105.3435133,8680.952681,7496.560349,125.3421333
37508488,APC GROUP INC,2011,Philippines (the),PH,6420,Financial and insurance activities,2427,8815.812501,7282.62178,103.8972896,10093.86475,8338.40321,118.9595614
37507410,"APEX MINING COMPANY, INC",2004,Philippines (the),PH,729,"Professional, scientific and technical activities",19,357.3853191,249.524585,1634.119446,561.2660174,391.8730362,2566.349719
37507410,"APEX MINING COMPANY, INC",2008,Philippines (the),PH,729,"Professional, scientific and technical activities",945,14.257134,4634.811656,13049.44735,18.19001589,5913.341186,16649.18451
37507410,"APEX MINING COMPANY, INC",2009,Philippines (the),PH,729,"Professional, scientific and technical activities",769,21965.87238,6952.217484,9504.292677,27278.28754,8633.601448,11802.89242
37507410,"APEX MINING COMPANY, INC",2010,Philippines (the),PH,729,"Professional, scientific and technical activities",934,35242.7943,7551.373042,9533.234761,41933.35575,8984.940568,11343.04282
37507410,"APEX MINING COMPANY, INC",2011,Philippines (the),PH,729,"Professional, scientific and technical activities",1536,46545.05238,12895.28358,13187.85324,53292.81486,14764.74781,15099.7321
37507410,"APEX MINING COMPANY, INC",2012,Philippines (the),PH,729,"Professional, scientific and technical activities",1457,44118.29922,16525.00469,22217.32353,49526.60108,18550.74491,24940.86442
37507410,"APEX MINING COMPANY, INC",2013,Philippines (the),PH,729,"Professional, scientific and technical activities",1494,39083.19541,22638.31278,42861.55367,42988.24719,24900.25126,47144.12537
37507410,"APEX MINING COMPANY, INC",2014,Philippines (the),PH,729,"Professional, scientific and technical activities",1702.5,38903.71425,22291.5483,87721.74377,41523.10942,23792.44289,93628.06703
37507410,"APEX MINING COMPANY, INC",2015,Philippines (the),PH,729,"Professional, scientific and technical activities",1911,53454.28889,24960.86153,127351.2059,57466.95708,26834.60557,136911.1148
37507410,"APEX MINING COMPANY, INC",2016,Philippines (the),PH,729,"Professional, scientific and technical activities",1906,70806.43647,29423.36355,126951.2785,75159.40849,31232.22563,134755.8707
37507410,"APEX MINING COMPANY, INC",2017,Philippines (the),PH,729,"Professional, scientific and technical activities",1934.5,84077.19601,32520.92111,131680.183,87222.23286,33737.41619,136605.8828
37507410,"APEX MINING COMPANY, INC",2018,Philippines (the),PH,729,"Professional, scientific and technical activities",1963,88454.33197,34239.62668,138140.3784,88454.33197,34239.62668,138140.3784
37507410,"APEX MINING COMPANY, INC",2019,Philippines (the),PH,729,"Professional, scientific and technical activities",1898,97763.79457,38262.69109,172800.2125,97087.02393,37997.81731,171604.0017
37507410,"APEX MINING COMPANY, INC",2020,Philippines (the),PH,729,"Professional, scientific and technical activities",1728,131790.4031,37128.06947,204866.9893,128753.027,36272.37807,200145.4155
37507410,"APEX MINING COMPANY, INC",2021,Philippines (the),PH,729,"Professional, scientific and technical activities",1631,146443.7339,44790.46449,202693.9812,139876.0025,42781.69476,193603.5299
37507410,"APEX MINING COMPANY, INC",2022,Philippines (the),PH,729,"Professional, scientific and technical activities",1625,183740.9486,53992.67658,201200.8203,166369.0917,48887.91873,182178.2133
37507410,"APEX MINING COMPANY, INC",2023,Philippines (the),PH,729,"Professional, scientific and technical activities",1630,219468.0271,67616.75019,235463.2939,189976.69,58530.65048,203822.5694
37507410,"APEX MINING COMPANY, INC",2024,Philippines (the),PH,729,"Professional, scientific and technical activities",1672,261015.9368,81939.78799,260619.8427,219543.6159,68920.53245,219210.4565
72318852,"APOLLO GLOBAL CAPITAL, INC",2014,Philippines (the),PH,6311,Information and communication,19,434.9239126,264.3835338,54.46354587,464.2074301,282.1845321,58.13058774
72318852,"APOLLO GLOBAL CAPITAL, INC",2015,Philippines (the),PH,6311,Information and communication,19.11111111,379.8498903,170.504176,36.70297056,408.3641892,183.3034611,39.45816282
37507835,ARANETA PROPERTIES INC,2004,Philippines (the),PH,4110,Construction,22,5.651625216,540.3742339,25512.94688,8.875756802,848.6462034,40067.53866
37507835,ARANETA PROPERTIES INC,2005,Philippines (the),PH,4110,Construction,23.5,30.82895323,1080.748468,26904.64984,45.71410137,1602.566414,39895.02599
37507835,ARANETA PROPERTIES INC,2006,Philippines (the),PH,4110,Construction,25,2865.077771,1621.122702,745.1762653,4041.822446,2286.95018,1051.235044
37507835,ARANETA PROPERTIES INC,2007,Philippines (the),PH,4110,Construction,25,5157.508194,3940.146313,825.0042143,7052.634062,5387.95268,1128.15193
37507835,ARANETA PROPERTIES INC,2008,Philippines (the),PH,4110,Construction,26,2631.315183,1300.368553,662.4618378,3357.172977,1659.079913,845.2043277
37507835,ARANETA PROPERTIES INC,2009,Philippines (the),PH,4110,Construction,43,2966.282624,889.5072739,622.5731175,3683.67388,1104.63335,773.1415453
37507835,ARANETA PROPERTIES INC,2010,Philippines (the),PH,4110,Construction,44,2508.807154,1382.340232,619.3232423,2985.084044,1644.766423,736.8967859
37507835,ARANETA PROPERTIES INC,2011,Philippines (the),PH,4110,Construction,44,2233.017732,1296.348609,551.9941887,2556.744369,1484.283783,632.0182834
37507835,ARANETA PROPERTIES INC,2012,Philippines (the),PH,4110,Construction,44,3873.373431,1416.828496,528.6706103,4348.196194,1590.512349,593.4784178
37507835,ARANETA PROPERTIES INC,2013,Philippines (the),PH,4110,Construction,43,3061.10693,912.8203034,453.9559705,3366.961683,1004.026012,499.3136121
37507835,ARANETA PROPERTIES INC,2014,Philippines (the),PH,4110,Construction,45,5182.665855,769.9307521,445.525253,5531.615825,821.7703498,475.5225609
37507835,ARANETA PROPERTIES INC,2015,Philippines (the),PH,4110,Construction,45,2890.069106,675.6985937,374.6130672,3107.018739,726.4214507,402.734252
37507835,ARANETA PROPERTIES INC,2016,Philippines (the),PH,4110,Construction,57,2707.686764,1342.541111,383.3738203,2874.147404,1425.076601,406.9425182
37507835,ARANETA PROPERTIES INC,2017,Philippines (the),PH,4110,Construction,34,1221.300761,429.1208314,234.3809386,1266.985395,445.1727562,243.1483182
37507835,ARANETA PROPERTIES INC,2018,Philippines (the),PH,4110,Construction,33,1185.646056,189.8376532,196.760497,1185.646056,189.8376532,196.760497
37507835,ARANETA PROPERTIES INC,2019,Philippines (the),PH,4110,Construction,31,671.3897198,135.3460505,142.2237109,666.7420192,134.4091164,141.2391662
37507835,ARANETA PROPERTIES INC,2020,Philippines (the),PH,4110,Construction,32,426.3885287,69.55200052,100.154048,416.5615434,67.94903411,97.8457956
37507835,ARANETA PROPERTIES INC,2021,Philippines (the),PH,4110,Construction,30,722.0427918,222.5745504,71.59176095,689.6605041,212.5924922,68.38100249
37507835,ARANETA PROPERTIES INC,2022,Philippines (the),PH,4110,Construction,30,765.8945142,130.8446191,20.5096223,693.4827302,118.4738655,18.57053237
37507835,ARANETA PROPERTIES INC,2023,Philippines (the),PH,4110,Construction,30,467.6876511,73.26290702,13.22727503,404.8414389,63.41809673,11.4498406
37507835,ARANETA PROPERTIES INC,2024,Philippines (the),PH,4110,Construction,25,12181.05939,1150.498122,149.0846993,10245.63426,967.6976849,125.3969178
37508556,ARTHALAND CORPORATION,2011,Philippines (the),PH,4120,Construction,40,15373.20206,7076.602833,711.6190341,17601.89686,8102.517139,814.7843755
37508556,ARTHALAND CORPORATION,2012,Philippines (the),PH,4120,Construction,51,45086.35126,28350.23762,588.7550921,50613.32309,31825.59015,660.9284377
37508556,ARTHALAND CORPORATION,2013,Philippines (the),PH,4120,Construction,60,52675.98179,34695.02941,1025.262329,57939.1757,38161.63149,1127.702839
37508556,ARTHALAND CORPORATION,2014,Philippines (the),PH,4120,Construction,74,46270.9062,27264.6976,640.9664546,49386.33594,29100.43536,684.1228593
37508556,ARTHALAND CORPORATION,2015,Philippines (the),PH,4120,Construction,88,36676.3981,22128.24907,364.7118672,39429.59563,23789.35659,392.0897959
37508556,ARTHALAND CORPORATION,2016,Philippines (the),PH,4120,Construction,142,40256.37909,7903.037405,402.9470242,42731.22319,8388.892962,427.7190252
37508556,ARTHALAND CORPORATION,2017,Philippines (the),PH,4120,Construction,196,18939.54625,6580.333489,796.0859451,19648.00912,6826.480985,825.8647645
37508556,ARTHALAND CORPORATION,2018,Philippines (the),PH,4120,Construction,98,31335.5032,11736.55311,4503.698698,31335.5032,11736.55311,4503.698698
37508556,ARTHALAND CORPORATION,2019,Philippines (the),PH,4120,Construction,105,76193.73706,42285.57063,5568.145978,75666.28532,41992.84844,5529.600444
37508556,ARTHALAND CORPORATION,2020,Philippines (the),PH,4120,Construction,113,69426.17822,35035.82621,5832.958434,67826.11164,34228.3548,5698.526119
37508556,ARTHALAND CORPORATION,2021,Philippines (the),PH,4120,Construction,135,59016.17084,34049.77023,5380.962802,56369.4044,32522.70082,5139.636543
37508556,ARTHALAND CORPORATION,2022,Philippines (the),PH,4120,Construction,137,52654.49055,32146.50759,5950.463312,47676.25199,29107.20397,5387.874527
37508556,ARTHALAND CORPORATION,2023,Philippines (the),PH,4120,Construction,153,122180.2315,70630.28337,5682.671306,105762.0842,61139.23573,4919.054037
37508556,ARTHALAND CORPORATION,2024,Philippines (the),PH,4120,Construction,277,108574.0479,78072.94562,5199.089722,91322.92595,65668.08523,4373.016341
37507755,ASIAN TERMINALS INCORPORATED,2003,Philippines (the),PH,5222,Transportation and storage,2669,64865.08415,16084.92083,132637.3646,107870.1009,26749.09091,220574.8454
37507755,ASIAN TERMINALS INCORPORATED,2004,Philippines (the),PH,5222,Transportation and storage,2287,64287.11243,38145.78657,125435.6357,100961.5382,59907.14383,196993.9892
37507755,ASIAN TERMINALS INCORPORATED,2005,Philippines (the),PH,5222,Transportation and storage,2100.5,77495.30129,42472.89434,127344.1358,114912.3693,62980.08833,188829.724
37507755,ASIAN TERMINALS INCORPORATED,2006,Philippines (the),PH,5222,Transportation and storage,1914,85909.53006,43917.71179,132316.2714,121194.2902,61955.59336,186661.2073
37507755,ASIAN TERMINALS INCORPORATED,2007,Philippines (the),PH,5222,Transportation and storage,1812,100843.6013,52067.24396,163491.7972,137898.5724,71199.34752,223566.8417
37507755,ASIAN TERMINALS INCORPORATED,2008,Philippines (the),PH,5222,Transportation and storage,1736,88838.16045,47358.82966,36099.75824,113344.4878,60422.93382,46058.0069
37507755,ASIAN TERMINALS INCORPORATED,2009,Philippines (the),PH,5222,Transportation and storage,1711.857143,91953.57486,43028.40972,37064.86682,114192.4169,53434.76974,46028.95243
37507755,ASIAN TERMINALS INCORPORATED,2010,Philippines (the),PH,5222,Transportation and storage,1687.714286,117166.2776,49874.62776,9398.724106,139409.3544,59342.92529,11182.9964
37507755,ASIAN TERMINALS INCORPORATED,2011,Philippines (the),PH,5222,Transportation and storage,1663.571429,101419.3028,44160.08145,9058.414038,116122.3342,50562.08822,10371.63689
37507755,ASIAN TERMINALS INCORPORATED,2012,Philippines (the),PH,5222,Transportation and storage,1639.428571,155353.1495,75873.71258,10579.62701,174397.3271,85174.79506,11876.545
37507755,ASIAN TERMINALS INCORPORATED,2013,Philippines (the),PH,5222,Transportation and storage,1615.285714,148004.9569,74165.6252,7693.92552,162793.0778,81575.9867,8462.67478
37507755,ASIAN TERMINALS INCORPORATED,2014,Philippines (the),PH,5222,Transportation and storage,1591.142857,184707.5126,98425.35461,10211.91485,197143.9078,105052.3542,10899.4852
37507755,ASIAN TERMINALS INCORPORATED,2015,Philippines (the),PH,5222,Transportation and storage,1567,172719.6914,89055.39971,10410.67714,185685.2893,95740.54653,11192.17838
37507755,ASIAN TERMINALS INCORPORATED,2016,Philippines (the),PH,5222,Transportation and storage,1580,187924.7998,95150.7644,9699.716996,199477.8653,101000.3543,10296.02715
37507755,ASIAN TERMINALS INCORPORATED,2017,Philippines (the),PH,5222,Transportation and storage,1607,174042.6798,64293.79024,11329.80752,180553.0139,66698.79837,11753.6164
37507755,ASIAN TERMINALS INCORPORATED,2018,Philippines (the),PH,5222,Transportation and storage,1853,190126.8194,70623.05893,16765.51547,190126.8194,70623.05893,16765.51547
37507755,ASIAN TERMINALS INCORPORATED,2019,Philippines (the),PH,5222,Transportation and storage,1913,218020.8297,79229.85955,31732.61858,216511.5788,78681.39023,31512.94928
37507755,ASIAN TERMINALS INCORPORATED,2020,Philippines (the),PH,5222,Transportation and storage,1807,198693.0782,69090.18023,37770.10875,194113.7947,67497.8574,36899.62027
37507755,ASIAN TERMINALS INCORPORATED,2021,Philippines (the),PH,5222,Transportation and storage,1745,181940.7015,70301.7306,46277.87934,173780.9966,67148.82762,44202.40179
37507755,ASIAN TERMINALS INCORPORATED,2022,Philippines (the),PH,5222,Transportation and storage,1758,199327.8873,75860.03232,59541.32236,180482.3575,68687.81712,53911.96571
37507755,ASIAN TERMINALS INCORPORATED,2023,Philippines (the),PH,5222,Transportation and storage,1816,231312.0531,78028.90117,58271.27546,200229.1576,67543.65344,50440.98759
37507755,ASIAN TERMINALS INCORPORATED,2024,Philippines (the),PH,5222,Transportation and storage,1833,236046.6887,81440.58092,58125.77828,198541.6837,68500.64343,48890.285
37508766,ATLAS CONSOLIDATED MINING AND DEVELOPMENT CORPORATION,2007,Philippines (the),PH,729,"Professional, scientific and technical activities",4065,53939.83155,6997.101412,97546.65197,73760.01723,9568.185624,133390.1594
37508766,ATLAS CONSOLIDATED MINING AND DEVELOPMENT CORPORATION,2008,Philippines (the),PH,729,"Professional, scientific and technical activities",5751,51491.16623,16325.49245,202503.2771,65695.19036,20828.93849,258364.5372
37508766,ATLAS CONSOLIDATED MINING AND DEVELOPMENT CORPORATION,2009,Philippines (the),PH,729,"Professional, scientific and technical activities",3721,90814.02445,65847.76383,233466.9037,112777.2678,81772.95237,289930.5441
37508766,ATLAS CONSOLIDATED MINING AND DEVELOPMENT CORPORATION,2010,Philippines (the),PH,729,"Professional, scientific and technical activities",3808,5915.757198,319.106762,22916.89684,7038.816192,379.686618,27267.48566
37508766,ATLAS CONSOLIDATED MINING AND DEVELOPMENT CORPORATION,2011,Philippines (the),PH,729,"Professional, scientific and technical activities",3767.2,443422.022,9687.10191,322455.8237,507706.1151,11091.46735,369203.119
37508766,ATLAS CONSOLIDATED MINING AND DEVELOPMENT CORPORATION,2012,Philippines (the),PH,729,"Professional, scientific and technical activities",3726.4,384157.114,26234.26853,443067.1202,431249.5375,29450.23209,497381.1071
37508766,ATLAS CONSOLIDATED MINING AND DEVELOPMENT CORPORATION,2013,Philippines (the),PH,729,"Professional, scientific and technical activities",3685.6,327392.0238,21333.76913,600761.6434,360103.8527,23465.36232,660787.5778
37508766,ATLAS CONSOLIDATED MINING AND DEVELOPMENT CORPORATION,2014,Philippines (the),PH,729,"Professional, scientific and technical activities",3644.8,364724.3242,29233.54358,691790.1995,389281.2888,31201.84415,738368.5775
37508766,ATLAS CONSOLIDATED MINING AND DEVELOPMENT CORPORATION,2015,Philippines (the),PH,729,"Professional, scientific and technical activities",3604,210640.7785,119897.362,737463.8904,226453.0093,128897.7311,792823.3004
37508766,ATLAS CONSOLIDATED MINING AND DEVELOPMENT CORPORATION,2016,Philippines (the),PH,729,"Professional, scientific and technical activities",2545,220173.47,115077.3299,726478.7547,233709.0891,122151.9465,771140.5375
37508766,ATLAS CONSOLIDATED MINING AND DEVELOPMENT CORPORATION,2017,Philippines (the),PH,729,"Professional, scientific and technical activities",2455,222904.6656,102027.9195,749159.0393,231242.7575,105844.4308,777182.4856
37508766,ATLAS CONSOLIDATED MINING AND DEVELOPMENT CORPORATION,2018,Philippines (the),PH,729,"Professional, scientific and technical activities",2397,252179.5305,134639.942,745806.8371,252179.5305,134639.942,745806.8371
37508766,ATLAS CONSOLIDATED MINING AND DEVELOPMENT CORPORATION,2019,Philippines (the),PH,729,"Professional, scientific and technical activities",2413,320385.247,153602.4946,766081.0132,318167.3776,152539.1801,760777.8114
37508766,ATLAS CONSOLIDATED MINING AND DEVELOPMENT CORPORATION,2020,Philippines (the),PH,729,"Professional, scientific and technical activities",2368,372048.5354,144158.46,717239.4024,363473.9251,140836.037,700709.171
37508766,ATLAS CONSOLIDATED MINING AND DEVELOPMENT CORPORATION,2021,Philippines (the),PH,729,"Professional, scientific and technical activities",2353,353923.2944,131161.4237,669472.0066,338050.4873,125279.0758,639447.4216
37508766,ATLAS CONSOLIDATED MINING AND DEVELOPMENT CORPORATION,2022,Philippines (the),PH,729,"Professional, scientific and technical activities",2591,338894.1921,191264.2201,623001.5166,306853.3136,173181.0727,564099.6046
37508766,ATLAS CONSOLIDATED MINING AND DEVELOPMENT CORPORATION,2023,Philippines (the),PH,729,"Professional, scientific and technical activities",2845,341891.4605,181068.1139,616613.4687,295949.2954,156736.8213,533755.1319
37508766,ATLAS CONSOLIDATED MINING AND DEVELOPMENT CORPORATION,2024,Philippines (the),PH,729,"Professional, scientific and technical activities",7,323968.1534,188492.9962,591354.897,272493.4757,158543.706,497395.6531
37507391,ATN HOLDINGS INC,2003,Philippines (the),PH,6831,Real estate activities,215,975.5487623,799.1199196,417.4104492,1622.32956,1328.929847,694.1501404
37507391,ATN HOLDINGS INC,2004,Philippines (the),PH,6831,Real estate activities,215,233.7159846,75.44759334,229.5001176,367.0459666,118.4888354,360.4250374
37507391,ATN HOLDINGS INC,2005,Philippines (the),PH,6831,Real estate activities,196.5454545,146.4589349,79.04999627,231.7876926,217.1737245,117.2177179,343.7017791
37507391,ATN HOLDINGS INC,2006,Philippines (the),PH,6831,Real estate activities,178.0909091,315.8178372,121.1512199,1569.081312,445.5305319,170.9104461,2213.534352
37507391,ATN HOLDINGS INC,2007,Philippines (the),PH,6831,Real estate activities,159.6363636,24607.33651,431.8094819,1772.451454,33649.29984,590.4778326,2423.738563
37507391,ATN HOLDINGS INC,2008,Philippines (the),PH,6831,Real estate activities,141.1818182,809.454931,355.5835365,1213.077458,1032.745997,453.672539,1547.709256
37507391,ATN HOLDINGS INC,2009,Philippines (the),PH,6831,Real estate activities,122.7272727,851.3981698,292.8646661,1020.950244,1057.307613,363.6935713,1267.865616
37507391,ATN HOLDINGS INC,2010,Philippines (the),PH,6831,Real estate activities,104.2727273,912.691083,303.1635593,980.8205713,1085.958155,360.7167263,1167.02148
37507391,ATN HOLDINGS INC,2011,Philippines (the),PH,6831,Real estate activities,85.81818182,700.1860439,546.7209282,894.0232525,801.6939137,625.9805439,1023.632228
37507391,ATN HOLDINGS INC,2012,Philippines (the),PH,6831,Real estate activities,67.36363636,550.6619857,394.1570244,858.2002194,618.1656359,442.4753006,963.4038632
37507391,ATN HOLDINGS INC,2013,Philippines (the),PH,6831,Real estate activities,48.90909091,396.1907628,136.4787948,696.261873,435.7767134,150.1152632,765.8298455
37507391,ATN HOLDINGS INC,2014,Philippines (the),PH,6831,Real estate activities,30.45454545,524.9799183,92.17340999,618.8722318,560.3269254,98.37946486,660.5410279
37507391,ATN HOLDINGS INC,2015,Philippines (the),PH,6831,Real estate activities,12,387.6116864,113.3208964,558.7750385,416.7086422,121.8275882,600.720762
37507391,ATN HOLDINGS INC,2016,Philippines (the),PH,6831,Real estate activities,12,331.9918691,139.757739,445.5911033,352.4017554,148.3496348,472.9847372
37507391,ATN HOLDINGS INC,2017,Philippines (the),PH,6831,Real estate activities,12,188.1931476,46.21985397,367.2304353,195.2328018,47.94877871,380.9672546
37507391,ATN HOLDINGS INC,2018,Philippines (the),PH,6831,Real estate activities,12,320.3175247,102.7812487,306.6196735,320.3175247,102.7812487,306.6196735
37507391,ATN HOLDINGS INC,2019,Philippines (the),PH,6831,Real estate activities,12,572.3493216,262.7732826,98.95383959,568.387229,260.9542325,98.26883086
37507391,ATN HOLDINGS INC,2020,Philippines (the),PH,6831,Real estate activities,12,383.0520417,162.2993461,49759.68789,374.2238333,158.5588297,48612.87532
37507391,ATN HOLDINGS INC,2021,Philippines (the),PH,6831,Real estate activities,12,676.0007956,398.4218781,46312.37667,645.6834064,380.5533916,44235.35197
37507391,ATN HOLDINGS INC,2022,Philippines (the),PH,6831,Real estate activities,12,754.7630576,501.9934038,44569.78649,683.4037013,454.5322492,40355.91932
37507391,ATN HOLDINGS INC,2023,Philippines (the),PH,6831,Real estate activities,36,214.992634,115.6518227,43257.24645,186.1026844,100.1109399,37444.49069
37507391,ATN HOLDINGS INC,2024,Philippines (the),PH,6831,Real estate activities,40,702.2062862,402.2167341,42666.56909,590.634078,338.3092897,35887.35987
37508794,ATOK BIG WEDGE CO INC,2005,Philippines (the),PH,6420,Financial and insurance activities,35,8.7625081,1.658281103,448.3765973,12.99331121,2.458949218,664.8663374
37508794,ATOK BIG WEDGE CO INC,2006,Philippines (the),PH,6420,Financial and insurance activities,35,73.67906917,20.6382807,516.9543309,103.9405347,29.11483487,729.2778016
37508794,ATOK BIG WEDGE CO INC,2007,Philippines (the),PH,6420,Financial and insurance activities,39,13.50208911,9.637448223,685.2974461,18.46343041,13.17872761,937.1099239
339823170,AXELUM RESOURCES CORP.,2019,Philippines (the),PH,1089,Manufacturing,380,105322.8163,70124.84222,70271.97292,104593.7183,69639.40246,69785.51464
339823170,AXELUM RESOURCES CORP.,2020,Philippines (the),PH,1089,Manufacturing,370,109154.2559,76006.1597,77828.52203,106638.5755,74254.44415,76034.80646
339823170,AXELUM RESOURCES CORP.,2021,Philippines (the),PH,1089,Manufacturing,384,125950.7843,87050.69693,73377.79321,120302.1239,83146.6337,70086.93449
339823170,AXELUM RESOURCES CORP.,2022,Philippines (the),PH,1089,Manufacturing,386,125762.046,84194.28038,74551.2832,113871.8262,76234.10057,67502.80418
339823170,AXELUM RESOURCES CORP.,2023,Philippines (the),PH,1089,Manufacturing,401,102364.9097,80334.98209,74004.98414,88609.47521,69539.85137,64060.45615
339823170,AXELUM RESOURCES CORP.,2024,Philippines (the),PH,1089,Manufacturing,401,127622.9666,89086.89021,71099.99102,107345.1985,74932.04532,59803.05
37507363,AYALA CORPORATION,2003,Philippines (the),PH,6831,Real estate activities,11157,529396.9275,372345.2861,388820.6224,880382.7319,619207.1452,646605.4939
37507363,AYALA CORPORATION,2004,Philippines (the),PH,6831,Real estate activities,12499,562876.8835,376923.0052,461944.1356,883986.1344,591949.5366,725473.4075
37507363,AYALA CORPORATION,2005,Philippines (the),PH,6831,Real estate activities,16523.66667,685533.3702,480647.897,487244.2754,1016529.551,712719.1937,722500.5025
37507363,AYALA CORPORATION,2006,Philippines (the),PH,6831,Real estate activities,20548.33333,1089971.676,774700.7302,513556.525,1537644.818,1092885.796,724484.4489
37507363,AYALA CORPORATION,2007,Philippines (the),PH,6831,Real estate activities,24573,1395171.617,886486.0858,596445.6323,1907827.288,1212225.309,815609.52
37507363,AYALA CORPORATION,2008,Philippines (the),PH,6831,Real estate activities,19611,1381154.633,912363.178,624269.8609,1762151.126,1164041.855,796476.9561
37507363,AYALA CORPORATION,2009,Philippines (the),PH,6831,Real estate activities,9862,1386911.419,829545.0696,567783.512,1722333.984,1030169.371,705101.1513
37507363,AYALA CORPORATION,2010,Philippines (the),PH,6831,Real estate activities,113,2029493.257,1105527.353,641053.2415,2414776.253,1315402.842,762752.051
37507363,AYALA CORPORATION,2011,Philippines (the),PH,6831,Real estate activities,114,2174658.62,1236906.361,737157.894,2489924.778,1416224.031,844025.6731
37507363,AYALA CORPORATION,2012,Philippines (the),PH,6831,Real estate activities,112,2856738.148,1461257.438,1753263.966,3206935.289,1640387.673,1968190.219
37507363,AYALA CORPORATION,2013,Philippines (the),PH,6831,Real estate activities,115,3273484.136,1646618.245,1989423.9,3600558.852,1811142.395,2188199.953
37507363,AYALA CORPORATION,2014,Philippines (the),PH,6831,Real estate activities,124,3635497.921,1939770.534,2418652.826,3880276.752,2070375.688,2581501.224
37507363,AYALA CORPORATION,2015,Philippines (the),PH,6831,Real estate activities,460,3869415.22,2031284.985,2810061.643,4159881.704,2183768.028,3021005.333
37507363,AYALA CORPORATION,2016,Philippines (the),PH,6831,Real estate activities,429,4252611.953,2295799.844,3314870.474,4514050.061,2436938.885,3518658.988
37507363,AYALA CORPORATION,2017,Philippines (the),PH,6831,Real estate activities,290.5,5271436.672,2877421.731,1711247.883,5468622.87,2985056.117,1775259.743
37507363,AYALA CORPORATION,2018,Philippines (the),PH,6831,Real estate activities,152,5040797.765,2953112.599,1981874.696,5040797.765,2953112.599,1981874.696
37507363,AYALA CORPORATION,2019,Philippines (the),PH,6831,Real estate activities,156,5861840.74,3046585.364,2108669.534,5821262.101,3025495.353,2094072.252
37507363,AYALA CORPORATION,2020,Philippines (the),PH,6831,Real estate activities,165,4159391.807,2313286.276,2380516.539,4063530.217,2259971.919,2325652.725
37507363,AYALA CORPORATION,2021,Philippines (the),PH,6831,Real estate activities,151,4892743.409,2838257.017,2317719.37,4673312.889,2710966.424,2213773.93
37507363,AYALA CORPORATION,2022,Philippines (the),PH,6831,Real estate activities,157,5114867.639,3081959.561,2440757.634,4631280.56,2790574.538,2209995.289
37507363,AYALA CORPORATION,2023,Philippines (the),PH,6831,Real estate activities,173,5485406.241,3113083.504,3105312.525,4748296.754,2694758.354,2688031.612
37507363,AYALA CORPORATION,2024,Philippines (the),PH,6831,Real estate activities,210,5832020.1,3269957.052,3493869.308,4905381.627,2750399.856,2938735.124
37507837,AYALA LAND INC,2004,Philippines (the),PH,6831,Real estate activities,1315,321400.6927,173240.6895,446252.9491,504752.9295,272070.8062,700830.734
37507837,AYALA LAND INC,2005,Philippines (the),PH,6831,Real estate activities,1233.3,415713.9809,204618.9045,426844.8159,616433.225,303415.081,632938.3627
37507837,AYALA LAND INC,2006,Philippines (the),PH,6831,Real estate activities,1151.6,520207.6485,310398.9887,419275.2005,733867.3218,437886.0541,591479.9011
37507837,AYALA LAND INC,2007,Philippines (the),PH,6831,Real estate activities,1069.9,587753.596,334107.9874,493094.7003,803723.5958,456875.9339,674282.2985
37507837,AYALA LAND INC,2008,Philippines (the),PH,6831,Real estate activities,988.2,672597.3123,421775.4709,524170.2915,858135.7094,538123.7574,668764.559
37507837,AYALA LAND INC,2009,Philippines (the),PH,6831,Real estate activities,906.5,612011.6585,371669.3559,455876.9433,760025.8124,461557.0639,566130.1372
37507837,AYALA LAND INC,2010,Philippines (the),PH,6831,Real estate activities,824.8,816740.3359,527283.546,471736.7978,971791.9294,627384.0925,561292.2403
37507837,AYALA LAND INC,2011,Philippines (the),PH,6831,Real estate activities,743.1,948098.8946,583623.6288,549354.6649,1085547.363,668233.1291,628996.1006
37507837,AYALA LAND INC,2012,Philippines (the),PH,6831,Real estate activities,661.4,1338103.21,767807.9889,1557771.955,1502136.417,861930.7779,1748733.553
37507837,AYALA LAND INC,2013,Philippines (the),PH,6831,Real estate activities,579.7,1743481.196,1019896.971,1810627.097,1917683.542,1121801.394,1991538.42
37507837,AYALA LAND INC,2014,Philippines (the),PH,6831,Real estate activities,498,2011195.956,1069431.148,2224924.47,2146610.198,1141436.169,2374729.097
37507837,AYALA LAND INC,2015,Philippines (the),PH,6831,Real estate activities,460,2148653.619,1039113.001,2492239.336,2309947.206,1117116.39,2679324.969
37507837,AYALA LAND INC,2016,Philippines (the),PH,6831,Real estate activities,429,2376095.089,1235005.969,2568831.083,2522170.445,1310930.514,2726755.283
37507837,AYALA LAND INC,2017,Philippines (the),PH,6831,Real estate activities,397.6666667,2837362.401,1588731.552,571361.6374,2943498.306,1648160.5,592734.2984
37507837,AYALA LAND INC,2018,Philippines (the),PH,6831,Real estate activities,366.3333333,3134968.327,1662858.048,678044.1834,3134968.327,1662858.048,678044.1834
37507837,AYALA LAND INC,2019,Philippines (the),PH,6831,Real estate activities,335,3308046.148,1544875.116,1115931.517,3285146.172,1534180.706,1108206.472
37507837,AYALA LAND INC,2020,Philippines (the),PH,6831,Real estate activities,324,1996022.088,919258.9857,1175267.326,1950019.726,898072.8046,1148180.915
37507837,AYALA LAND INC,2021,Philippines (the),PH,6831,Real estate activities,295,2085914.938,1078097.768,1062248.278,1992365.499,1029747.071,1014608.401
37507837,AYALA LAND INC,2022,Philippines (the),PH,6831,Real estate activities,278,2248195.499,1142879.28,865514.6143,2035639.013,1034825.33,783684.2106
37507837,AYALA LAND INC,2023,Philippines (the),PH,6831,Real estate activities,264,2666472.175,1333733.298,955058.9271,2308161.076,1154510.935,826721.4868
37507837,AYALA LAND INC,2024,Philippines (the),PH,6831,Real estate activities,257,3100860.736,1662933.312,858977.9284,2608170.929,1398713.032,722496.5751
37507898,AYALALAND LOGISTICS HOLDINGS CORPORATION,2004,Philippines (the),PH,6420,Financial and insurance activities,539,20031.7013,7897.741303,46166.80059,31459.35943,12403.23419,72503.97519
37507898,AYALALAND LOGISTICS HOLDINGS CORPORATION,2005,Philippines (the),PH,6420,Financial and insurance activities,603,47756.68606,10404.94336,41540.31923,70815.054,15428.76374,61597.23784
37507898,AYALALAND LOGISTICS HOLDINGS CORPORATION,2006,Philippines (the),PH,6420,Financial and insurance activities,22,36358.33223,11452.51617,19035.94106,51291.4256,16156.29334,26854.38232
37507898,AYALALAND LOGISTICS HOLDINGS CORPORATION,2007,Philippines (the),PH,6420,Financial and insurance activities,22,133861.3637,10.53335944,18333.76538,183048.7084,14.40384131,25070.50563
37507898,AYALALAND LOGISTICS HOLDINGS CORPORATION,2008,Philippines (the),PH,6420,Financial and insurance activities,24,38357.29283,7414.223781,15705.11214,48938.29055,9459.464182,20037.42403
37507898,AYALALAND LOGISTICS HOLDINGS CORPORATION,2009,Philippines (the),PH,6420,Financial and insurance activities,29,27831.37357,4236.382019,13892.10891,34562.35189,5260.945017,17251.8958
37507898,AYALALAND LOGISTICS HOLDINGS CORPORATION,2010,Philippines (the),PH,6420,Financial and insurance activities,32.5,64748.73578,1058.540256,14267.02634,77040.76327,1259.495622,16975.50671
37507898,AYALALAND LOGISTICS HOLDINGS CORPORATION,2011,Philippines (the),PH,6420,Financial and insurance activities,36,32372.42022,2953.134738,15061.91707,37065.53777,3381.25869,17245.48403
37507898,AYALALAND LOGISTICS HOLDINGS CORPORATION,2012,Philippines (the),PH,6420,Financial and insurance activities,36,29534.49474,4847.72922,17398.83698,33155.02104,5441.994715,19531.69713
37507898,AYALALAND LOGISTICS HOLDINGS CORPORATION,2013,Philippines (the),PH,6420,Financial and insurance activities,41,51377.69786,6742.323703,16271.9419,56511.17193,7415.992344,17897.77558
37507898,AYALALAND LOGISTICS HOLDINGS CORPORATION,2014,Philippines (the),PH,6420,Financial and insurance activities,42,25356.4179,8636.918185,15351.37015,27063.67079,9218.443683,16384.9811
37507898,AYALALAND LOGISTICS HOLDINGS CORPORATION,2015,Philippines (the),PH,6420,Financial and insurance activities,42,15640.06631,10531.51267,1024.955748,16814.12359,11322.0847,1101.896391
37507898,AYALALAND LOGISTICS HOLDINGS CORPORATION,2016,Philippines (the),PH,6420,Financial and insurance activities,35,34554.00292,12426.10715,415.3960759,36678.28166,13190.02777,440.9334082
37507898,AYALALAND LOGISTICS HOLDINGS CORPORATION,2017,Philippines (the),PH,6420,Financial and insurance activities,5,13259.55927,5246.058751,746.1290132,13755.55348,5442.295649,774.0391167
37507898,AYALALAND LOGISTICS HOLDINGS CORPORATION,2018,Philippines (the),PH,6420,Financial and insurance activities,13,65541.36916,41866.74179,801.3239095,65541.36916,41866.74179,801.3239095
37507898,AYALALAND LOGISTICS HOLDINGS CORPORATION,2019,Philippines (the),PH,6420,Financial and insurance activities,21,107121.6497,69208.9704,26897.22918,106380.0992,68729.87076,26711.0329
37507898,AYALALAND LOGISTICS HOLDINGS CORPORATION,2020,Philippines (the),PH,6420,Financial and insurance activities,18,81812.61717,46340.1393,26949.57865,79927.08008,45272.13714,26328.47115
37507898,AYALALAND LOGISTICS HOLDINGS CORPORATION,2021,Philippines (the),PH,6420,Financial and insurance activities,31,87511.20822,50977.46977,37896.60136,83586.49191,48691.22426,36197.00867
37507898,AYALALAND LOGISTICS HOLDINGS CORPORATION,2022,Philippines (the),PH,6420,Financial and insurance activities,37,75559.12355,36306.59313,39662.06356,68415.35788,32873.97267,35912.19889
37507898,AYALALAND LOGISTICS HOLDINGS CORPORATION,2023,Philippines (the),PH,6420,Financial and insurance activities,48,64785.3215,28359.20568,41399.48124,56079.69916,24548.39594,35836.36539
37507898,AYALALAND LOGISTICS HOLDINGS CORPORATION,2024,Philippines (the),PH,6420,Financial and insurance activities,68,89483.60478,45504.37692,46584.32311,75265.72667,38274.27386,39182.62948
160196973,BALAI NI FRUITAS INC.,2021,Philippines (the),PH,4781,Wholesale and retail trade; repair of motor vehicles and motorcycles,107,2966.163842,1402.824307,1250.797677,2833.136864,1339.910224,1194.701707
160196973,BALAI NI FRUITAS INC.,2022,Philippines (the),PH,4781,Wholesale and retail trade; repair of motor vehicles and motorcycles,186,6081.8425,2947.719183,1439.861017,5506.83242,2669.025967,1303.728817
160196973,BALAI NI FRUITAS INC.,2023,Philippines (the),PH,4781,Wholesale and retail trade; repair of motor vehicles and motorcycles,233,9643.925243,4716.882269,3603.991537,8348.008682,4083.044315,3119.699903
160196973,BALAI NI FRUITAS INC.,2024,Philippines (the),PH,4781,Wholesale and retail trade; repair of motor vehicles and motorcycles,297,11642.12053,5568.931474,3451.632263,9792.326355,4684.094647,2903.209042
37507382,BASIC ENERGY CORPORATION,2001,Philippines (the),PH,910,"Arts, entertainment and recreation",10,396.6033922,376.6049478,14474.12708,709.3987078,673.6277817,25889.66017
37507382,BASIC ENERGY CORPORATION,2002,Philippines (the),PH,910,"Arts, entertainment and recreation",10,322.6231732,321.7003165,14004.33178,553.6460937,552.0624009,24032.50674
37507382,BASIC ENERGY CORPORATION,2003,Philippines (the),PH,910,"Arts, entertainment and recreation",10,208.0116532,134.1755244,13196.6559,345.9216666,223.1327923,21945.93011
37507382,BASIC ENERGY CORPORATION,2004,Philippines (the),PH,910,"Arts, entertainment and recreation",10,327.2610903,240.8694231,13336.8758,513.956559,378.2802891,20945.27885
37507382,BASIC ENERGY CORPORATION,2005,Philippines (the),PH,910,"Arts, entertainment and recreation",11,618.7461365,335.8396115,13758.60756,917.4954269,497.9931018,20401.67812
37507382,BASIC ENERGY CORPORATION,2006,Philippines (the),PH,910,"Arts, entertainment and recreation",16,444.8628218,312.3905005,494.8302568,627.5768696,440.6955196,698.0669284
37507382,BASIC ENERGY CORPORATION,2007,Philippines (the),PH,910,"Arts, entertainment and recreation",28,139.7792302,288.9413895,648.6799736,191.1410944,395.1128741,887.0373649
37507382,BASIC ENERGY CORPORATION,2008,Philippines (the),PH,910,"Arts, entertainment and recreation",17,54.52248142,265.4922785,2151.816388,69.56270479,338.7292822,2745.402708
37507382,BASIC ENERGY CORPORATION,2009,Philippines (the),PH,910,"Arts, entertainment and recreation",18,87.00060231,242.0431675,2295.905555,108.0415749,300.5809652,2851.167066
37507382,BASIC ENERGY CORPORATION,2010,Philippines (the),PH,910,"Arts, entertainment and recreation",20,2461.866285,218.5940566,1758.322921,2929.231828,260.0923826,2092.126406
37507382,BASIC ENERGY CORPORATION,2011,Philippines (the),PH,910,"Arts, entertainment and recreation",20,4745.743176,163.9273405,574.8725358,5433.746435,187.6923317,658.2133664
37507382,BASIC ENERGY CORPORATION,2012,Philippines (the),PH,910,"Arts, entertainment and recreation",20,7287.143061,145.7131916,829.4814443,8180.447427,163.5756418,931.1645579
37507382,BASIC ENERGY CORPORATION,2013,Philippines (the),PH,910,"Arts, entertainment and recreation",19,48.54325327,127.4990426,627.2797014,53.39351988,140.2382866,689.9552244
37507382,BASIC ENERGY CORPORATION,2014,Philippines (the),PH,910,"Arts, entertainment and recreation",21,329.0001604,109.2848937,3969.921821,351.1518096,116.6430683,4237.217483
37507382,BASIC ENERGY CORPORATION,2015,Philippines (the),PH,910,"Arts, entertainment and recreation",22,954.1194889,91.07074474,467.1585445,1025.742646,97.90717804,502.2268668
37507382,BASIC ENERGY CORPORATION,2016,Philippines (the),PH,910,"Arts, entertainment and recreation",22,1444.562673,72.85659579,968.5222788,1533.370148,77.33560559,1028.064188
37507382,BASIC ENERGY CORPORATION,2017,Philippines (the),PH,910,"Arts, entertainment and recreation",23,33.65182266,54.64244684,922.8812055,34.91062085,56.68643162,957.4029967
37507382,BASIC ENERGY CORPORATION,2018,Philippines (the),PH,910,"Arts, entertainment and recreation",20,462.0476641,36.4282979,778.2414413,462.0476641,36.4282979,778.2414413
37507382,BASIC ENERGY CORPORATION,2019,Philippines (the),PH,910,"Arts, entertainment and recreation",18.33333333,132.5476901,18.21414895,26.24940875,131.6301277,18.08806136,26.06769701
37507382,BASIC ENERGY CORPORATION,2021,Philippines (the),PH,910,"Arts, entertainment and recreation",15,76702.52641,71184.40679,91792.1001,73262.55954,67991.91741,87675.39368
37507382,BASIC ENERGY CORPORATION,2022,Philippines (the),PH,910,"Arts, entertainment and recreation",15,1331603.158,1292882.203,93136.51135,1205706.238,1170646.17,84330.88496
37507382,BASIC ENERGY CORPORATION,2023,Philippines (the),PH,910,"Arts, entertainment and recreation",15,1156157.707,1119634.357,84573.37893,1000797.324,969181.8524,73208.70743
37507382,BASIC ENERGY CORPORATION,2024,Philippines (the),PH,910,"Arts, entertainment and recreation",16,835357.1479,802887.4519,74803.16601,702628.855,675318.2066,62917.83462
37507466,BELLE CORPORATION,2003,Philippines (the),PH,4110,Construction,170,13042.21728,1590.976922,31814.7876,21689.09996,2645.781523,52907.72984
37507466,BELLE CORPORATION,2004,Philippines (the),PH,4110,Construction,161,9099.276549,2821.742727,2998.524853,14290.21965,4431.48674,4709.119296
37507466,BELLE CORPORATION,2005,Philippines (the),PH,4110,Construction,152.6666667,18096.42595,4788.211308,2406.768891,26833.92602,7100.104096,3568.829478
37507466,BELLE CORPORATION,2006,Philippines (the),PH,4110,Construction,144.3333333,11822.23407,4999.023076,2553.73282,16677.86177,7052.221718,3602.601904
37507466,BELLE CORPORATION,2007,Philippines (the),PH,4110,Construction,136,15023.01854,5346.827289,3072.413663,20543.22519,7311.51844,4201.371755
37507466,BELLE CORPORATION,2008,Philippines (the),PH,4110,Construction,154,29042.96127,12990.01805,2396.883254,37054.56701,16573.36144,3058.072154
37507466,BELLE CORPORATION,2009,Philippines (the),PH,4110,Construction,149,28876.00254,12216.32559,2136.573433,35859.62291,15170.82665,2653.300695
37507466,BELLE CORPORATION,2010,Philippines (the),PH,4110,Construction,153,28782.56859,11598.01775,68244.27603,34246.70808,13799.80828,81199.90376
37507466,BELLE CORPORATION,2011,Philippines (the),PH,4110,Construction,167,15855.96933,5372.040772,67422.76198,18154.65221,6150.840092,77197.22264
37507466,BELLE CORPORATION,2012,Philippines (the),PH,4110,Construction,131,25104.48605,4614.852352,72172.38711,28181.9537,5180.570318,81019.73757
37507466,BELLE CORPORATION,2013,Philippines (the),PH,4110,Construction,131,129119.7401,3955.014278,67236.34598,142020.9183,4350.185025,73954.35892
37507466,BELLE CORPORATION,2014,Philippines (the),PH,4110,Construction,131,70406.99808,11811.73108,12928.18894,75147.51591,12607.01739,13798.6466
37507466,BELLE CORPORATION,2015,Philippines (the),PH,4110,Construction,138,78192.68085,21632.21379,16340.49944,84062.39289,23256.08529,17567.13633
37507466,BELLE CORPORATION,2016,Philippines (the),PH,4110,Construction,138,110539.5786,23422.19916,13859.33399,117335.2277,24862.12726,14711.36519
37507466,BELLE CORPORATION,2017,Philippines (the),PH,4110,Construction,139,124175.6262,25577.00772,12988.88243,128820.6065,26533.75504,13474.75156
37507466,BELLE CORPORATION,2018,Philippines (the),PH,4110,Construction,136,134351.6293,25113.55467,6902.720119,134351.6293,25113.55467,6902.720119
37507466,BELLE CORPORATION,2019,Philippines (the),PH,4110,Construction,128,147198.368,19924.54277,21261.88314,146179.3862,19786.61497,21114.69759
37507466,BELLE CORPORATION,2020,Philippines (the),PH,4110,Construction,85,104406.6085,11967.17009,4489.195465,102000.3472,11691.36247,4385.732883
37507466,BELLE CORPORATION,2021,Philippines (the),PH,4110,Construction,67,73427.62186,13120.82981,2774.924228,70134.52842,12532.38479,2650.473993
37507466,BELLE CORPORATION,2022,Philippines (the),PH,4110,Construction,74,96713.31107,13330.95158,2692.26658,87569.51481,12070.57176,2437.725227
37507466,BELLE CORPORATION,2023,Philippines (the),PH,4110,Construction,74,104587.6858,4573.217866,15307.66445,90533.56251,3958.685026,13250.67465
37507466,BELLE CORPORATION,2024,Philippines (the),PH,4110,Construction,64,101815.1968,3375.150727,58790.01448,85637.97571,2838.87951,49448.98199
6533625,BENGUET CORPORATION,1996,Philippines (the),PH,2441,Manufacturing,2600,107216.2152,78260.03883,70115.63873,267378.3872,195166.7752,174856.0735
6533625,BENGUET CORPORATION,1997,Philippines (the),PH,2441,Manufacturing,1461,34646.65505,44677.92485,21063.16502,81312.64358,104855.1491,49433.39054
6533625,BENGUET CORPORATION,1998,Philippines (the),PH,2441,Manufacturing,480,10394.53142,8986.40524,54276.86356,22095.82928,19102.55192,115377.2367
6533625,BENGUET CORPORATION,1999,Philippines (the),PH,2441,Manufacturing,487.6,7493.796606,5930.521155,50595.53404,14980.71449,11855.59855,101144.6253
6533625,BENGUET CORPORATION,2000,Philippines (the),PH,2441,Manufacturing,495.2,6840.273768,5400.216132,39881.59618,12922.57131,10202.02998,75343.88068
6533625,BENGUET CORPORATION,2001,Philippines (the),PH,2441,Manufacturing,502.8,4999.611115,2995.875921,49062.33164,8942.731541,5358.6796,87757.07761
6533625,BENGUET CORPORATION,2002,Philippines (the),PH,2441,Manufacturing,510.4,3013.409674,2109.386772,48421.7267,5171.241973,3619.869381,83095.39445
6533625,BENGUET CORPORATION,2003,Philippines (the),PH,2441,Manufacturing,518,4660.871889,2123.486035,44305.27642,7750.991579,3531.339793,73679.30991
6533625,BENGUET CORPORATION,2004,Philippines (the),PH,2441,Manufacturing,537,5491.673559,2488.136888,42102.83062,8624.556138,3907.565888,66121.59706
6533625,BENGUET CORPORATION,2005,Philippines (the),PH,2441,Manufacturing,597,7548.401359,3071.268511,38843.12429,11192.99713,4554.16955,57597.75586
6533625,BENGUET CORPORATION,2006,Philippines (the),PH,2441,Manufacturing,543,5225.168971,2706.382825,41238.66349,7371.250249,3817.948316,58176.2064
6533625,BENGUET CORPORATION,2007,Philippines (the),PH,2441,Manufacturing,515,9618.511483,5220.01876,60354.77312,13152.83256,7138.11413,82532.12844
6533625,BENGUET CORPORATION,2008,Philippines (the),PH,2441,Manufacturing,660,7262.419796,3150.700258,52840.56079,9265.78452,4019.8323,67416.82028
6533625,BENGUET CORPORATION,2009,Philippines (the),PH,2441,Manufacturing,508,5452.907823,2238.609845,53706.74672,6771.685866,2780.014469,66695.64745
6533625,BENGUET CORPORATION,2010,Philippines (the),PH,2441,Manufacturing,676,66121.97908,3493.881799,62652.41083,78674.70578,4157.167199,74546.46786
6533625,BENGUET CORPORATION,2011,Philippines (the),PH,2441,Manufacturing,876,51380.82925,6875.136792,71178.77193,58829.64742,7871.844019,81497.75154
6533625,BENGUET CORPORATION,2012,Philippines (the),PH,2441,Manufacturing,1501,53369.02743,15244.73183,83092.10442,59911.34241,17113.52807,93278.06332
6533625,BENGUET CORPORATION,2013,Philippines (the),PH,2441,Manufacturing,1227,54942.69954,30533.75134,82488.42902,60432.37571,33584.57353,90730.37502
6533625,BENGUET CORPORATION,2014,Philippines (the),PH,2441,Manufacturing,1481,67657.48554,32314.43206,89490.21769,72212.87811,34490.1695,95515.61266
6533625,BENGUET CORPORATION,2015,Philippines (the),PH,2441,Manufacturing,1702,69070.30459,26655.98089,83568.24797,74255.22464,28656.97293,89841.48922
6533625,BENGUET CORPORATION,2016,Philippines (the),PH,2441,Manufacturing,678,30800.07245,14334.7119,76511.51349,32693.57055,15215.96794,81215.21691
6533625,BENGUET CORPORATION,2017,Philippines (the),PH,2441,Manufacturing,676.5,30581.79492,3749.053414,43648.53726,31725.754,3889.292524,45281.27794
6533625,BENGUET CORPORATION,2018,Philippines (the),PH,2441,Manufacturing,675,31783.15514,10504.13519,41739.66493,31783.15514,10504.13519,41739.66493
6533625,BENGUET CORPORATION,2019,Philippines (the),PH,2441,Manufacturing,853,23656.19577,8043.078971,51969.73032,23492.43557,7987.400694,51609.96946
6533625,BENGUET CORPORATION,2020,Philippines (the),PH,2441,Manufacturing,1252,37082.06231,12535.82691,54444.37337,36227.43124,12246.91344,53189.59276
6533625,BENGUET CORPORATION,2021,Philippines (the),PH,2441,Manufacturing,1422,81369.87593,13461.1221,50257.82979,77720.58704,12857.41559,48003.8588
6533625,BENGUET CORPORATION,2022,Philippines (the),PH,2441,Manufacturing,1330,73204.81135,13439.62941,44723.89537,66283.63501,12168.97461,40495.45791
6533625,BENGUET CORPORATION,2023,Philippines (the),PH,2441,Manufacturing,1131,45581.74765,9736.426187,46188.36668,39456.63363,8428.079676,39981.73735
6533625,BENGUET CORPORATION,2024,Philippines (the),PH,2441,Manufacturing,1244,41128.60568,11231.61618,46825.09257,34593.76051,9447.046253,39385.14354
37508778,BERJAYA PHILIPPINES INC,2011,Philippines (the),PH,6430,Financial and insurance activities,120.9,47188.61948,274.1410616,27083.89555,54029.68162,313.8840348,31010.32134
37508778,BERJAYA PHILIPPINES INC,2012,Philippines (the),PH,6430,Financial and insurance activities,138.8,51953.38808,362.8758563,28334.62125,58322.16498,407.3594878,31808.05942
37508778,BERJAYA PHILIPPINES INC,2013,Philippines (the),PH,6430,Financial and insurance activities,156.7,56208.54653,93649.36327,26039.47894,61824.70156,103006.4695,28641.24966
37508778,BERJAYA PHILIPPINES INC,2014,Philippines (the),PH,6430,Financial and insurance activities,174.6,282993.0637,186935.8507,33588.89304,302047.0455,199522.2804,35850.4402
37508778,BERJAYA PHILIPPINES INC,2015,Philippines (the),PH,6430,Financial and insurance activities,192.5,599849.3796,432500.9952,32369.67238,644878.4423,464967.6694,34799.57571
37508778,BERJAYA PHILIPPINES INC,2016,Philippines (the),PH,6430,Financial and insurance activities,210.4,569086.2808,420058.4195,42797.36271,604072.0361,445882.3789,45428.41903
37508778,BERJAYA PHILIPPINES INC,2017,Philippines (the),PH,6430,Financial and insurance activities,228.3,574876.4572,431167.2073,37930.68277,596380.5954,447295.6799,39349.53831
37508778,BERJAYA PHILIPPINES INC,2018,Philippines (the),PH,6430,Financial and insurance activities,246.2,594170.9937,431824.2865,34029.15279,594170.9937,431824.2865,34029.15279
37508778,BERJAYA PHILIPPINES INC,2019,Philippines (the),PH,6430,Financial and insurance activities,264.1,642890.2708,458784.5645,32024.3385,638439.8579,455608.6248,31802.64976
37508778,BERJAYA PHILIPPINES INC,2020,Philippines (the),PH,6430,Financial and insurance activities,282,510869.172,392442.2038,102992.1931,499095.1595,383397.5802,100618.5299
37508778,BERJAYA PHILIPPINES INC,2021,Philippines (the),PH,6430,Financial and insurance activities,234,612144.7137,461470.7479,135120.2002,584691.1521,440774.6358,129060.3083
37508778,BERJAYA PHILIPPINES INC,2022,Philippines (the),PH,6430,Financial and insurance activities,272,667434.8367,508729.9554,141770.5648,604331.9598,460631.891,128366.8136
37508778,BERJAYA PHILIPPINES INC,2023,Philippines (the),PH,6430,Financial and insurance activities,102,697705.8543,568390.1012,165046.0902,603950.6096,492011.85,142867.7804
37508778,BERJAYA PHILIPPINES INC,2024,Philippines (the),PH,6430,Financial and insurance activities,204,679570.8815,559477.5351,162570.907,571595.1693,470583.224,136740.3278
37508189,BLOOMBERRY RESORTS CORPORATION,2011,Philippines (the),PH,5510,Accommodation and food service activities,19,98.88909419,9851.421313,98567.97781,113.2253144,11279.60858,112857.6449
37508189,BLOOMBERRY RESORTS CORPORATION,2012,Philippines (the),PH,5510,Accommodation and food service activities,4288,138410.5051,10888.63915,361505.3615,155377.7456,12223.43783,405820.989
37508189,BLOOMBERRY RESORTS CORPORATION,2013,Philippines (the),PH,5510,Accommodation and food service activities,3994,276722.1212,11925.85699,615826.7583,304371.1964,13117.44557,677357.9446
37508189,BLOOMBERRY RESORTS CORPORATION,2014,Philippines (the),PH,5510,Accommodation and food service activities,5177,538746.6942,13987.04545,907067.0021,575020.6212,14928.79613,968140.012
37508189,BLOOMBERRY RESORTS CORPORATION,2015,Philippines (the),PH,5510,Accommodation and food service activities,4711,531001.0155,14915.46871,1009450.765,570861.8186,16035.13241,1085227.491
37508189,BLOOMBERRY RESORTS CORPORATION,2016,Philippines (the),PH,5510,Accommodation and food service activities,5272,610012.3496,14331.88132,893169.5994,647514.1195,15212.96334,948079.0464
37508189,BLOOMBERRY RESORTS CORPORATION,2017,Philippines (the),PH,5510,Accommodation and food service activities,5243.5,661452.4942,44425.09312,850723.6453,686195.1423,46086.88207,882546.272
37508189,BLOOMBERRY RESORTS CORPORATION,2018,Philippines (the),PH,5510,Accommodation and food service activities,5215,724911.3806,50821.81007,1568543.178,724911.3806,50821.81007,1568543.178
37508189,BLOOMBERRY RESORTS CORPORATION,2019,Philippines (the),PH,5510,Accommodation and food service activities,5186.5,913158.7561,65360.83072,1632288.406,906837.4075,64908.36986,1620988.876
37508189,BLOOMBERRY RESORTS CORPORATION,2020,Philippines (the),PH,5510,Accommodation and food service activities,5158,369426.3563,32715.12931,1746892.027,360912.1794,31961.14304,1706631.37
37508189,BLOOMBERRY RESORTS CORPORATION,2021,Philippines (the),PH,5510,Accommodation and food service activities,4780,432724.907,27403.37628,1678701.238,413317.9929,26174.38538,1603414.583
37508189,BLOOMBERRY RESORTS CORPORATION,2022,Philippines (the),PH,5510,Accommodation and food service activities,5751,691514.4712,53761.27957,1646748.348,626134.9762,48678.39924,1491055.908
37508189,BLOOMBERRY RESORTS CORPORATION,2023,Philippines (the),PH,5510,Accommodation and food service activities,6772,862198.1295,62720.8588,1980963.247,746338.9947,54292.65165,1714768.413
37508189,BLOOMBERRY RESORTS CORPORATION,2024,Philippines (the),PH,5510,Accommodation and food service activities,10395,910972.1352,85912.79439,2679424.646,766229.5222,72262.27549,2253696.01
37508770,"BOGO-MEDELLIN MILLING COMPANY,INC",2004,Philippines (the),PH,1081,Manufacturing,297,3279.235385,2234.965265,1294.394381,5149.969197,3509.965257,2032.818754
37508770,"BOGO-MEDELLIN MILLING COMPANY,INC",2005,Philippines (the),PH,1081,Manufacturing,284,3585.014708,2339.612874,1184.693601,5315.967901,3469.248511,1756.699392
37508770,"BOGO-MEDELLIN MILLING COMPANY,INC",2006,Philippines (the),PH,1081,Manufacturing,295,5792.783888,2710.361816,1384.186406,8171.995952,3823.561558,1952.699414
37508770,"BOGO-MEDELLIN MILLING COMPANY,INC",2007,Philippines (the),PH,1081,Manufacturing,288.5555556,5843.308055,3635.865218,1892.572555,7990.431014,4971.863528,2587.998151
37508770,"BOGO-MEDELLIN MILLING COMPANY,INC",2008,Philippines (the),PH,1081,Manufacturing,282.1111111,4698.26,2387.0199,2160.359062,5994.291986,3045.487958,2756.301909
37508770,"BOGO-MEDELLIN MILLING COMPANY,INC",2009,Philippines (the),PH,1081,Manufacturing,275.6666667,4537.33655,3195.809375,2057.223555,5634.684976,3968.711352,2554.760162
37508770,"BOGO-MEDELLIN MILLING COMPANY,INC",2010,Philippines (the),PH,1081,Manufacturing,269.2222222,6735.602257,3282.50862,2077.729155,8014.302251,3905.666519,2472.169348
37508770,"BOGO-MEDELLIN MILLING COMPANY,INC",2011,Philippines (the),PH,1081,Manufacturing,262.7777778,7126.982157,4185.626458,2452.745387,8160.200089,4792.428077,2808.326538
37508770,"BOGO-MEDELLIN MILLING COMPANY,INC",2012,Philippines (the),PH,1081,Manufacturing,256.3333333,6651.43254,4950.095418,3098.734422,7466.807466,5556.909613,3478.597005
37508770,"BOGO-MEDELLIN MILLING COMPANY,INC",2013,Philippines (the),PH,1081,Manufacturing,249.8888889,7289.639724,5301.069176,3098.547713,8017.994207,5830.732869,3408.143413
37508770,"BOGO-MEDELLIN MILLING COMPANY,INC",2014,Philippines (the),PH,1081,Manufacturing,243.4444444,5773.87376,3511.475438,2938.420224,6162.629881,3747.90381,3136.264669
37508770,"BOGO-MEDELLIN MILLING COMPANY,INC",2015,Philippines (the),PH,1081,Manufacturing,237,7350.424371,5319.524574,2980.735748,7902.200752,5718.846827,3204.491479
37508770,"BOGO-MEDELLIN MILLING COMPANY,INC",2016,Philippines (the),PH,1081,Manufacturing,455,7796.713252,3909.215154,3774.457505,8276.032312,4149.542235,4006.500081
37508770,"BOGO-MEDELLIN MILLING COMPANY,INC",2017,Philippines (the),PH,1081,Manufacturing,248,5295.302663,4294.1279,4050.300444,5493.381604,4454.75636,4201.808162
37508770,"BOGO-MEDELLIN MILLING COMPANY,INC",2018,Philippines (the),PH,1081,Manufacturing,248,4490.608653,3453.300542,3552.561389,4490.608653,3453.300542,3552.561389
37508770,"BOGO-MEDELLIN MILLING COMPANY,INC",2019,Philippines (the),PH,1081,Manufacturing,248,4246.569924,3076.265213,3083.528577,4217.173011,3054.969743,3062.182826
37508770,"BOGO-MEDELLIN MILLING COMPANY,INC",2020,Philippines (the),PH,1081,Manufacturing,248,3675.683347,3221.149164,2895.243883,3590.969796,3146.911272,2828.517137
37508770,"BOGO-MEDELLIN MILLING COMPANY,INC",2021,Philippines (the),PH,1081,Manufacturing,248,4271.492678,3340.450095,2534.861306,4079.924108,3190.637068,2421.17745
37508512,BOULEVARD HOLDINGS INC,2003,Philippines (the),PH,5510,Accommodation and food service activities,71,3702.995157,2666.883341,319.249443,6158.050459,4435.005039,530.9091953
37508512,BOULEVARD HOLDINGS INC,2004,Philippines (the),PH,5510,Accommodation and food service activities,50,5888.192421,4227.985031,361.5165574,9247.28055,6639.960271,567.754039
37508512,BOULEVARD HOLDINGS INC,2005,Philippines (the),PH,5510,Accommodation and food service activities,176,3586.550701,2404.583687,554.2884526,5318.245517,3565.589191,821.9156297
37508512,BOULEVARD HOLDINGS INC,2006,Philippines (the),PH,5510,Accommodation and food service activities,182,5819.254143,3576.59446,1162.114968,8209.338069,5045.573254,1639.418801
37508512,BOULEVARD HOLDINGS INC,2007,Philippines (the),PH,5510,Accommodation and food service activities,138.5,7794.700571,4999.459691,1608.420328,10658.86251,6836.510653,2199.434216
37508512,BOULEVARD HOLDINGS INC,2008,Philippines (the),PH,5510,Accommodation and food service activities,95,5173.579088,2558.725646,1890.50178,6600.72956,3264.559354,2412.003522
37508512,BOULEVARD HOLDINGS INC,2009,Philippines (the),PH,5510,Accommodation and food service activities,51.5,4355.030889,1982.10238,3918.461509,5408.288949,2461.471037,4866.135882
37508512,BOULEVARD HOLDINGS INC,2010,Philippines (the),PH,5510,Accommodation and food service activities,8,3371.180657,1509.19675,3618.648848,4011.17223,1795.705633,4305.62027
37508512,BOULEVARD HOLDINGS INC,2011,Philippines (the),PH,5510,Accommodation and food service activities,8,3358.134487,1369.68423,3558.360862,3844.972351,1568.251068,4074.226086
37508512,BOULEVARD HOLDINGS INC,2012,Philippines (the),PH,5510,Accommodation and food service activities,8,2902.833065,1497.963217,3775.448191,3258.680813,1681.59308,4238.266654
37508512,BOULEVARD HOLDINGS INC,2013,Philippines (the),PH,5510,Accommodation and food service activities,8,3134.085314,1399.329802,7401.90198,3447.231803,1539.145783,8141.473301
37508512,BOULEVARD HOLDINGS INC,2014,Philippines (the),PH,5510,Accommodation and food service activities,8,2867.917259,1193.980936,8705.17004,3061.014725,1274.371921,9291.29095
37508512,BOULEVARD HOLDINGS INC,2015,Philippines (the),PH,5510,Accommodation and food service activities,8,1590.795127,821.2318308,8662.486297,1710.211794,882.8794724,9312.7556
37508512,BOULEVARD HOLDINGS INC,2016,Philippines (the),PH,5510,Accommodation and food service activities,8,2287.781945,886.3923074,8507.236808,2428.428068,940.8851064,9030.236773
37508512,BOULEVARD HOLDINGS INC,2017,Philippines (the),PH,5510,Accommodation and food service activities,8,1961.8385,780.4961234,8537.569977,2035.224087,809.6917815,8856.930915
37508512,BOULEVARD HOLDINGS INC,2018,Philippines (the),PH,5510,Accommodation and food service activities,8,1911.518597,594.6972053,21117.90008,1911.518597,594.6972053,21117.90008
37508512,BOULEVARD HOLDINGS INC,2019,Philippines (the),PH,5510,Accommodation and food service activities,8,2157.835314,574.6407179,20458.82848,2142.897682,570.662763,20317.20208
37508512,BOULEVARD HOLDINGS INC,2020,Philippines (the),PH,5510,Accommodation and food service activities,82,1506.199902,402.8623939,20449.28802,1471.486482,393.5776159,19977.99285
37508512,BOULEVARD HOLDINGS INC,2021,Philippines (the),PH,5510,Accommodation and food service activities,76,1080.374103,28.03699292,19945.61697,1031.921317,26.77958549,19051.09283
37508512,BOULEVARD HOLDINGS INC,2022,Philippines (the),PH,5510,Accommodation and food service activities,32,20556.09339,98.67350532,17647.2444,18612.60984,89.34438176,15978.77906
37508512,BOULEVARD HOLDINGS INC,2023,Philippines (the),PH,5510,Accommodation and food service activities,32,949.7511262,104.9591152,17848.87965,822.1269294,90.85508053,15450.41034
37508512,BOULEVARD HOLDINGS INC,2024,Philippines (the),PH,5510,Accommodation and food service activities,26,722.8591009,588.4510475,19023.37109,608.0054066,494.9531907,16000.78419
84031412,"CEBU LANDMASTERS, INC",2017,Philippines (the),PH,4110,Construction,211,79247.49844,37577.60823,3504.777237,82211.87302,38983.25647,3635.878821
84031412,"CEBU LANDMASTERS, INC",2018,Philippines (the),PH,4110,Construction,298,128905.2669,59137.43519,6177.850958,128905.2669,59137.43519,6177.850958
84031412,"CEBU LANDMASTERS, INC",2019,Philippines (the),PH,4110,Construction,415,168515.6469,84361.08688,10442.21975,167349.096,83777.0966,10369.9334
84031412,"CEBU LANDMASTERS, INC",2020,Philippines (the),PH,4110,Construction,574,174138.8488,88264.75704,33189.5235,170125.4671,86230.51734,32424.60386
84031412,"CEBU LANDMASTERS, INC",2021,Philippines (the),PH,4110,Construction,691,224864.9352,116778.3928,40739.86765,214780.1576,111541.0972,38912.75971
84031412,"CEBU LANDMASTERS, INC",2022,Philippines (the),PH,4110,Construction,801,282490.842,147536.369,106589.1308,255782.6394,133587.4876,96511.62144
84031412,"CEBU LANDMASTERS, INC",2023,Philippines (the),PH,4110,Construction,914,346014.6631,142518.3816,150655.9812,299518.4366,123367.2656,130411.3633
84031412,"CEBU LANDMASTERS, INC",2024,Philippines (the),PH,4110,Construction,908,344315.0518,147007.1147,176851.3755,289607.4945,123649.4365,148751.8001
185281402,"CENTURY PACIFIC FOOD, INC",2013,Philippines (the),PH,4639,Wholesale and retail trade; repair of motor vehicles and motorcycles,9664,32520.53483,29422.20991,23335.43532,35769.86926,32361.97089,25667.02777
185281402,"CENTURY PACIFIC FOOD, INC",2014,Philippines (the),PH,4639,Wholesale and retail trade; repair of motor vehicles and motorcycles,5253.5,461369.1691,337629.0015,31857.11758,492433.2513,360361.6324,34002.06394
185281402,"CENTURY PACIFIC FOOD, INC",2015,Philippines (the),PH,4639,Wholesale and retail trade; repair of motor vehicles and motorcycles,843,496481.5737,363146.3751,66444.93888,533751.0961,390406.7866,71432.77986
185281402,"CENTURY PACIFIC FOOD, INC",2016,Philippines (the),PH,4639,Wholesale and retail trade; repair of motor vehicles and motorcycles,843,571700.8243,395037.1211,79204.72612,606847.314,419322.8445,84074.00035
185281402,"CENTURY PACIFIC FOOD, INC",2017,Philippines (the),PH,4639,Wholesale and retail trade; repair of motor vehicles and motorcycles,4425,666456.8808,520257.0781,98868.47407,691386.7257,539718.0944,102566.8014
185281402,"CENTURY PACIFIC FOOD, INC",2018,Philippines (the),PH,4639,Wholesale and retail trade; repair of motor vehicles and motorcycles,8007,725076.4478,564023.3531,103521.5316,725076.4478,564023.3531,103521.5316
185281402,"CENTURY PACIFIC FOOD, INC",2019,Philippines (the),PH,4639,Wholesale and retail trade; repair of motor vehicles and motorcycles,11589,809662.2641,607683.5477,140311.8002,804057.3707,603476.8536,139340.4906
185281402,"CENTURY PACIFIC FOOD, INC",2020,Philippines (the),PH,4639,Wholesale and retail trade; repair of motor vehicles and motorcycles,15171,1017558.654,757224.4333,165897.5717,994106.9582,739772.6659,162074.1269
185281402,"CENTURY PACIFIC FOOD, INC",2021,Philippines (the),PH,4639,Wholesale and retail trade; repair of motor vehicles and motorcycles,18753,1085960.355,802931.7129,194449.2298,1037257.036,766921.7062,185728.5404
185281402,"CENTURY PACIFIC FOOD, INC",2022,Philippines (the),PH,4639,Wholesale and retail trade; repair of motor vehicles and motorcycles,2798,1116985.731,828497.5436,181494.4589,1011379.896,750166.9327,164334.9972
185281402,"CENTURY PACIFIC FOOD, INC",2023,Philippines (the),PH,4639,Wholesale and retail trade; repair of motor vehicles and motorcycles,2725,1216662.322,888566.9812,188973.9752,1053171.543,769164.4934,163580.3209
185281402,"CENTURY PACIFIC FOOD, INC",2024,Philippines (the),PH,4639,Wholesale and retail trade; repair of motor vehicles and motorcycles,3201,1306623.104,931502.248,202168.2466,1099016.269,783497.6448,170046.1221
77226362,CENTURY PEAK HOLDINGS CORPORATION,2017,Philippines (the),PH,729,"Professional, scientific and technical activities",101,6501.431983,2762.794609,19001.24126,6744.628047,2866.141192,19712.01192
77226362,CENTURY PEAK HOLDINGS CORPORATION,2018,Philippines (the),PH,729,"Professional, scientific and technical activities",60,697.2536524,430.3543162,17260.52725,697.2536524,430.3543162,17260.52725
77226362,CENTURY PEAK HOLDINGS CORPORATION,2019,Philippines (the),PH,729,"Professional, scientific and technical activities",183,3024.574329,1312.431024,35861.91465,3003.636689,1303.34571,35613.66026
77226362,CENTURY PEAK HOLDINGS CORPORATION,2020,Philippines (the),PH,729,"Professional, scientific and technical activities",306,1605.400067,774.4191617,70216.64784,1568.400378,756.5711071,68598.36329
77226362,CENTURY PEAK HOLDINGS CORPORATION,2021,Philippines (the),PH,729,"Professional, scientific and technical activities",252,19876.37412,5552.802723,102012.922,18984.95539,5303.769761,97437.83054
77226362,CENTURY PEAK HOLDINGS CORPORATION,2022,Philippines (the),PH,729,"Professional, scientific and technical activities",251,19267.53392,9077.993614,149506.6113,17445.8777,8219.711304,135371.4527
77226362,CENTURY PEAK HOLDINGS CORPORATION,2023,Philippines (the),PH,729,"Professional, scientific and technical activities",789,45560.24208,20170.02875,147876.1658,39438.01791,17459.65163,128005.0898
37507514,CENTURY PROPERTIES GROUP INC.,2006,Philippines (the),PH,6420,Financial and insurance activities,155,42703.39118,30763.86084,70220.69171,60242.52701,43399.19305,99061.73258
37507514,CENTURY PROPERTIES GROUP INC.,2007,Philippines (the),PH,6420,Financial and insurance activities,80,222.6033154,1599.043477,58975.04801,304.3988812,2186.611842,80645.42348
37507514,CENTURY PROPERTIES GROUP INC.,2008,Philippines (the),PH,6420,Financial and insurance activities,5,325.7449759,13965.90389,41196.90477,415.6029037,17818.4489,52561.2197
37507514,CENTURY PROPERTIES GROUP INC.,2009,Philippines (the),PH,6420,Financial and insurance activities,5,866.7270517,26332.7643,32147.35893,1076.343763,32701.3061,39922.15222
37507514,CENTURY PROPERTIES GROUP INC.,2010,Philippines (the),PH,6420,Financial and insurance activities,791,68235.77654,38699.62471,1568.052894,81189.79071,46046.43766,1865.735142
37507514,CENTURY PROPERTIES GROUP INC.,2011,Philippines (the),PH,6420,Financial and insurance activities,921,95975.89523,55937.99111,4376.821292,109889.7811,64047.47339,5011.340946
37507514,CENTURY PROPERTIES GROUP INC.,2012,Philippines (the),PH,6420,Financial and insurance activities,2077,221159.8589,120175.7611,4652.481017,248271.0417,134907.6706,5222.811745
37507514,CENTURY PROPERTIES GROUP INC.,2013,Philippines (the),PH,6420,Financial and insurance activities,2865,226611.7494,130050.6177,3552.055742,249253.9772,143044.8059,3906.964327
37507514,CENTURY PROPERTIES GROUP INC.,2014,Philippines (the),PH,6420,Financial and insurance activities,2865,256918.5764,144593.049,2730.394273,274216.9576,154328.5291,2914.232288
37507514,CENTURY PROPERTIES GROUP INC.,2015,Philippines (the),PH,6420,Financial and insurance activities,3487,177255.5647,109795.1062,4945.723594,190561.6582,118037.1264,5316.985623
37507514,CENTURY PROPERTIES GROUP INC.,2016,Philippines (the),PH,6420,Financial and insurance activities,1940,131833.0162,68370.18488,10585.61024,139937.7234,72573.38329,11236.38251
37507514,CENTURY PROPERTIES GROUP INC.,2017,Philippines (the),PH,6420,Financial and insurance activities,1719.666667,144416.0358,66402.67785,21404.16168,149818.1397,68886.57217,22204.81727
37507514,CENTURY PROPERTIES GROUP INC.,2018,Philippines (the),PH,6420,Financial and insurance activities,1499.333333,205227.9695,116829.2478,24159.60576,205227.9695,116829.2478,24159.60576
37507514,CENTURY PROPERTIES GROUP INC.,2019,Philippines (the),PH,6420,Financial and insurance activities,1279,285292.0537,176813.6722,32479.15019,283317.1173,175589.6782,32254.31302
37507514,CENTURY PROPERTIES GROUP INC.,2020,Philippines (the),PH,6420,Financial and insurance activities,1306,228297.0618,137302.623,37130.38023,223035.4947,134138.2065,36274.63559
37507514,CENTURY PROPERTIES GROUP INC.,2021,Philippines (the),PH,6420,Financial and insurance activities,1222,190891.7396,107007.3681,35763.12749,182330.5971,102208.2849,34159.21717
37507514,CENTURY PROPERTIES GROUP INC.,2022,Philippines (the),PH,6420,Financial and insurance activities,1025,201966.5901,112552.1208,44267.89038,182871.5831,101910.8383,40082.56608
37507514,CENTURY PROPERTIES GROUP INC.,2023,Philippines (the),PH,6420,Financial and insurance activities,1039,238111.6103,121872.7468,24704.53659,206115.0144,105495.9182,21384.82835
37507514,CENTURY PROPERTIES GROUP INC.,2024,Philippines (the),PH,6420,Financial and insurance activities,1159,268086.9022,130418.1366,54424.79242,225491.0892,109696.2494,45777.34168
339941095,CHELSEA LOGISTICS AND INFRASTRUCTURE HOLDINGS CORP,2016,Philippines (the),PH,5224,Transportation and storage,300,58979.14233,31024.17057,156958.3852,62605.00699,32931.44558,166607.7264
339941095,CHELSEA LOGISTICS AND INFRASTRUCTURE HOLDINGS CORP,2017,Philippines (the),PH,5224,Transportation and storage,1231,81186.8049,38679.44502,226410.7849,84223.72223,40126.30916,234880.0286
339941095,CHELSEA LOGISTICS AND INFRASTRUCTURE HOLDINGS CORP,2018,Philippines (the),PH,5224,Transportation and storage,2162,100782.8925,53071.75327,328197.7418,100782.8925,53071.75327,328197.7418
339941095,CHELSEA LOGISTICS AND INFRASTRUCTURE HOLDINGS CORP,2019,Philippines (the),PH,5224,Transportation and storage,2139,143197.698,80848.80957,450097.3112,142206.4108,80289.13306,446981.5091
339941095,CHELSEA LOGISTICS AND INFRASTRUCTURE HOLDINGS CORP,2020,Philippines (the),PH,5224,Transportation and storage,2116,123068.4865,71020.71144,447658.1384,120232.1245,69383.89562,437340.9519
339941095,CHELSEA LOGISTICS AND INFRASTRUCTURE HOLDINGS CORP,2021,Philippines (the),PH,5224,Transportation and storage,2041,94969.27746,66189.94102,374863.7958,90710.08049,63221.44422,358051.8459
339941095,CHELSEA LOGISTICS AND INFRASTRUCTURE HOLDINGS CORP,2022,Philippines (the),PH,5224,Transportation and storage,2132,117733.5,76280.86268,328182.289,106602.3421,69068.85992,297154.1714
339941095,CHELSEA LOGISTICS AND INFRASTRUCTURE HOLDINGS CORP,2023,Philippines (the),PH,5224,Transportation and storage,2286,136055.679,74291.12519,326461.0074,117772.9981,64308.14658,282592.332
339941095,CHELSEA LOGISTICS AND INFRASTRUCTURE HOLDINGS CORP,2024,Philippines (the),PH,5224,Transportation and storage,2461,148089.1638,78271.86312,311358.3526,124559.561,65835.39711,261887.222
128568892,CIRTEK HOLDINGS PHILIPPINES CORPORATION,2011,Philippines (the),PH,2611,Manufacturing,894,37408,21698,14290,42831.13922,24843.61791,16361.66006
128568892,CIRTEK HOLDINGS PHILIPPINES CORPORATION,2012,Philippines (the),PH,2611,Manufacturing,879,40631,30806,14619,45611.80652,34582.3955,16411.09004
128568892,CIRTEK HOLDINGS PHILIPPINES CORPORATION,2013,Philippines (the),PH,2611,Manufacturing,1565,43984,33216,15784,48378.72248,36534.82279,17361.08029
128568892,CIRTEK HOLDINGS PHILIPPINES CORPORATION,2014,Philippines (the),PH,2611,Manufacturing,1735,54752,41412,17015,58438.46355,44200.27857,18160.62349
128568892,CIRTEK HOLDINGS PHILIPPINES CORPORATION,2015,Philippines (the),PH,2611,Manufacturing,1735,60201,47866,23842,64720.12546,51459.17053,25631.75414
128568892,CIRTEK HOLDINGS PHILIPPINES CORPORATION,2016,Philippines (the),PH,2611,Manufacturing,2807,75072,58939,28676,79687.20635,62562.39683,30438.91636
128568892,CIRTEK HOLDINGS PHILIPPINES CORPORATION,2017,Philippines (the),PH,2611,Manufacturing,2807,89038,66398,31294,92368.60336,68881.71933,32464.60021
128568892,CIRTEK HOLDINGS PHILIPPINES CORPORATION,2018,Philippines (the),PH,2611,Manufacturing,2282,114920,79415,38161,114920,79415,38161
128568892,CIRTEK HOLDINGS PHILIPPINES CORPORATION,2019,Philippines (the),PH,2611,Manufacturing,1428,80843,51817,37230,80283.3637,51458.29641,36972.27503
128568892,CIRTEK HOLDINGS PHILIPPINES CORPORATION,2020,Philippines (the),PH,2611,Manufacturing,1292,69804,42555,42395,68195.22576,41574.23403,41417.92155
128568892,CIRTEK HOLDINGS PHILIPPINES CORPORATION,2021,Philippines (the),PH,2611,Manufacturing,1912,71385,42654,41230,68183.51438,40741.04675,39380.91053
128568892,CIRTEK HOLDINGS PHILIPPINES CORPORATION,2022,Philippines (the),PH,2611,Manufacturing,1912,87909,55045,53424,79597.61063,49840.74983,48373.00789
128568892,CIRTEK HOLDINGS PHILIPPINES CORPORATION,2023,Philippines (the),PH,2611,Manufacturing,1505,73891,43845,48493,63961.78879,37953.26399,41976.68219
128568892,CIRTEK HOLDINGS PHILIPPINES CORPORATION,2024,Philippines (the),PH,2611,Manufacturing,1413,59119,32901,42862,49725.69563,27673.4233,36051.73914
339821648,CITICORE ENERGY REIT CORP.,2021,Philippines (the),PH,6820,Real estate activities,3,7446.271859,170.3627874,26957.57724,7112.320297,162.7223305,25748.57961
339821648,CITICORE ENERGY REIT CORP.,2022,Philippines (the),PH,6820,Real estate activities,3,24500.19609,0.213827513,23297.95089,22183.81586,0.193611111,21095.23739
418162934,CITICORE RENEWABLE ENERGY CORPORATION,2023,Philippines (the),PH,3511,"Electricity, gas, steam and air conditioning supply",265,66391.86853,29935.44696,175968.4145,57470.36408,25912.82749,152322.4014
418162934,CITICORE RENEWABLE ENERGY CORPORATION,2024,Philippines (the),PH,3511,"Electricity, gas, steam and air conditioning supply",121,89497.25666,44107.43829,443459.8243,75277.20943,37099.29213,372999.3445
37507596,CITYLAND DEVELOPMENT CORPORATION,2001,Philippines (the),PH,6831,Real estate activities,253,18353.78639,8506.06989,1232.919664,32829.15025,15214.68325,2205.305435
37507596,CITYLAND DEVELOPMENT CORPORATION,2002,Philippines (the),PH,6831,Real estate activities,218,10437.75426,5311.322889,2256.836674,17911.98634,9114.63718,3872.904715
37507596,CITYLAND DEVELOPMENT CORPORATION,2003,Philippines (the),PH,6831,Real estate activities,180,12110.02491,6491.532799,2225.953234,20138.87172,10795.3656,3701.741901
37507596,CITYLAND DEVELOPMENT CORPORATION,2004,Philippines (the),PH,6831,Real estate activities,216,23759.21914,13906.05489,2013.933542,37313.34666,21839.16246,3162.839652
37507596,CITYLAND DEVELOPMENT CORPORATION,2005,Philippines (the),PH,6831,Real estate activities,209,37471.17934,22434.75313,1953.737801,55563.39452,33266.92837,2897.061318
37507596,CITYLAND DEVELOPMENT CORPORATION,2006,Philippines (the),PH,6831,Real estate activities,209,38420.4391,22030.1638,2729.646686,54200.48095,31078.39217,3850.767109
37507596,CITYLAND DEVELOPMENT CORPORATION,2007,Philippines (the),PH,6831,Real estate activities,281,49534.96217,32166.78292,2741.721173,67736.57904,43986.46407,3749.166342
37507596,CITYLAND DEVELOPMENT CORPORATION,2008,Philippines (the),PH,6831,Real estate activities,209,39865.11576,25862.48319,2016.931686,50862.05189,32996.74256,2573.309574
37507596,CITYLAND DEVELOPMENT CORPORATION,2009,Philippines (the),PH,6831,Real estate activities,137,41341.63781,26651.63033,1761.239071,51340.05444,33097.28943,2187.19225
37507596,CITYLAND DEVELOPMENT CORPORATION,2010,Philippines (the),PH,6831,Real estate activities,221,34139.38765,21995.35188,1578.625982,40620.47621,26170.99279,1878.315447
37507596,CITYLAND DEVELOPMENT CORPORATION,2011,Philippines (the),PH,6831,Real estate activities,220,36853.16992,22106.03781,1261.040832,42195.87391,25310.81007,1443.857341
37507596,CITYLAND DEVELOPMENT CORPORATION,2012,Philippines (the),PH,6831,Real estate activities,216,35713.39059,20707.78286,1042.071265,40091.36526,23246.27465,1169.814992
37507596,CITYLAND DEVELOPMENT CORPORATION,2013,Philippines (the),PH,6831,Real estate activities,230,30417.79691,14411.44718,600.418801,33457.03335,15851.38695,660.4104798
37507596,CITYLAND DEVELOPMENT CORPORATION,2014,Philippines (the),PH,6831,Real estate activities,232,29254.9928,16001.63632,30330.95041,31224.73755,17079.02982,32373.13961
37507596,CITYLAND DEVELOPMENT CORPORATION,2015,Philippines (the),PH,6831,Real estate activities,201,54117.8813,30149.25994,297.7568575,58180.36357,32412.48294,320.1086556
37507596,CITYLAND DEVELOPMENT CORPORATION,2016,Philippines (the),PH,6831,Real estate activities,206,32895.77037,16585.9917,207.5562616,34918.10584,17605.64982,220.3162117
37507596,CITYLAND DEVELOPMENT CORPORATION,2017,Philippines (the),PH,6831,Real estate activities,218,30350.27839,14802.49534,211.0049404,31485.57724,15356.20545,218.8979048
37507596,CITYLAND DEVELOPMENT CORPORATION,2018,Philippines (the),PH,6831,Real estate activities,215,31732.34336,14079.58485,1154.047542,31732.34336,14079.58485,1154.047542
37507596,CITYLAND DEVELOPMENT CORPORATION,2019,Philippines (the),PH,6831,Real estate activities,225,37795.40432,17706.40861,1275.953805,37533.76534,17583.83586,1267.121005
37507596,CITYLAND DEVELOPMENT CORPORATION,2020,Philippines (the),PH,6831,Real estate activities,137,26655.77818,11782.99572,1492.921929,26041.4419,11511.43277,1458.514526
37507596,CITYLAND DEVELOPMENT CORPORATION,2021,Philippines (the),PH,6831,Real estate activities,183,31457.18342,12780.95113,1228.443716,30046.38675,12207.74904,1173.35028
37507596,CITYLAND DEVELOPMENT CORPORATION,2022,Philippines (the),PH,6831,Real estate activities,183,53502.95812,21181.89601,1030.007131,48444.50088,19179.2457,932.6247205
37507596,CITYLAND DEVELOPMENT CORPORATION,2023,Philippines (the),PH,6831,Real estate activities,176,45556.42686,21237.02893,1370.615638,39434.71537,18383.27211,1186.437157
37507596,CITYLAND DEVELOPMENT CORPORATION,2024,Philippines (the),PH,6831,Real estate activities,177,33738.83791,12847.39853,1216.740751,28378.13875,10806.10005,1023.41515
399600393,CONCEPCION INDUSTRIAL CORPORATION,2018,Philippines (the),PH,2825,Manufacturing,3,270402.371,170552.7916,10537.36484,270402.371,170552.7916,10537.36484
399600393,CONCEPCION INDUSTRIAL CORPORATION,2019,Philippines (the),PH,2825,Manufacturing,1393,297863.944,188222.6467,26158.0679,295801.9785,186919.6739,25976.98847
399600393,CONCEPCION INDUSTRIAL CORPORATION,2020,Philippines (the),PH,2825,Manufacturing,1344,224735.6496,138896.4692,23394.68243,219556.1624,135695.3194,22855.5047
399600393,CONCEPCION INDUSTRIAL CORPORATION,2021,Philippines (the),PH,2825,Manufacturing,1389,241577.1702,157249.1857,19706.60219,230742.8796,150196.8497,18822.79742
399600393,CONCEPCION INDUSTRIAL CORPORATION,2022,Philippines (the),PH,2825,Manufacturing,1218,235569.566,159724.3947,14871.89955,213297.553,144623.1919,13465.83023
399600393,CONCEPCION INDUSTRIAL CORPORATION,2023,Philippines (the),PH,2825,Manufacturing,888,264475.855,176898.193,13971.5657,228936.5251,153127.2396,12094.11612
399600393,CONCEPCION INDUSTRIAL CORPORATION,2024,Philippines (the),PH,2825,Manufacturing,1361,312476.5137,205662.3341,11948.27076,262827.7206,172985.0408,10049.83296
299842014,"CONCREAT HOLDINGS PHILIPPINES, INC.",2017,Philippines (the),PH,2351,Manufacturing,661,439540.898,214452.2491,312135.3177,455982.6014,222474.1654,323811.2194
299842014,"CONCREAT HOLDINGS PHILIPPINES, INC.",2018,Philippines (the),PH,2351,Manufacturing,682,444729.3263,230461.2988,337000.6782,444729.3263,230461.2988,337000.6782
299842014,"CONCREAT HOLDINGS PHILIPPINES, INC.",2019,Philippines (the),PH,2351,Manufacturing,717,465555.2175,234047.1382,392907.9884,462332.4079,232426.945,390188.0798
299842014,"CONCREAT HOLDINGS PHILIPPINES, INC.",2020,Philippines (the),PH,2351,Manufacturing,764,410656.9946,196576.4574,451731.5415,401192.5742,192045.9557,441320.4753
299842014,"CONCREAT HOLDINGS PHILIPPINES, INC.",2021,Philippines (the),PH,2351,Manufacturing,759,412359.5424,219305.5937,448812.7672,393865.9773,209470.1423,428684.3422
299842014,"CONCREAT HOLDINGS PHILIPPINES, INC.",2022,Philippines (the),PH,2351,Manufacturing,741,366833.5543,214667.0356,448456.8974,332151.1383,194371.2602,406057.3718
299842014,"CONCREAT HOLDINGS PHILIPPINES, INC.",2023,Philippines (the),PH,2351,Manufacturing,697,312203.0667,213394.8903,495167.27,270250.3229,184719.6397,428628.4438
299842014,"CONCREAT HOLDINGS PHILIPPINES, INC.",2024,Philippines (the),PH,2351,Manufacturing,707,276721.7832,198509.0782,516948.0319,232753.9905,166968.352,434811.1519
37507231,CONCRETE AGGREGATES CORPORATION,2003,Philippines (the),PH,811,Administrative and support service activities,185,5285.140792,4050.315668,2107.109998,8789.145624,6735.641608,3504.106579
37507231,CONCRETE AGGREGATES CORPORATION,2004,Philippines (the),PH,811,Administrative and support service activities,135,7252.030407,4155.295237,2064.051727,11389.159,6525.8025,3241.549193
37507231,CONCRETE AGGREGATES CORPORATION,2005,Philippines (the),PH,811,Administrative and support service activities,122.6666667,6494.281057,3351.329576,2246.575168,9629.91576,4969.452541,3331.289396
37507231,CONCRETE AGGREGATES CORPORATION,2006,Philippines (the),PH,811,Administrative and support service activities,110.3333333,6247.842592,3297.056932,3586.257455,8813.956356,4651.224078,5059.205034
37507231,CONCRETE AGGREGATES CORPORATION,2007,Philippines (the),PH,811,Administrative and support service activities,98,8900.871823,4928.552375,2433.491907,12171.49628,6739.548451,3327.678265
37507231,CONCRETE AGGREGATES CORPORATION,2008,Philippines (the),PH,811,Administrative and support service activities,75,13195.28287,2408.402682,1888.596421,16835.2493,3072.769257,2409.572563
475227535,CONVERGE INFORMATION AND COMMUNICATION TECHNOLOGY SOLUTIONS INCORPORATION,2020,Philippines (the),PH,2630,Manufacturing,2205,327784.2767,99117.22152,624247.0454,320229.8256,96832.86485,609860.0107
475227535,CONVERGE INFORMATION AND COMMUNICATION TECHNOLOGY SOLUTIONS INCORPORATION,2021,Philippines (the),PH,2630,Manufacturing,1594,522499.695,120371.8462,1019954.17,499066.5472,114973.3909,974211.1059
475227535,CONVERGE INFORMATION AND COMMUNICATION TECHNOLOGY SOLUTIONS INCORPORATION,2022,Philippines (the),PH,2630,Manufacturing,4565,603688.9007,113508.4822,1172979.084,546612.9072,102776.7802,1062079.337
475227535,CONVERGE INFORMATION AND COMMUNICATION TECHNOLOGY SOLUTIONS INCORPORATION,2023,Philippines (the),PH,2630,Manufacturing,3379,641780.0781,91967.17373,1266644.811,555539.9414,79608.95024,1096437.562
475227535,CONVERGE INFORMATION AND COMMUNICATION TECHNOLOGY SOLUTIONS INCORPORATION,2024,Philippines (the),PH,2630,Manufacturing,3331,705533.385,89475.81356,1246074.549,593432.5405,75259.17338,1048088.157
37507403,CROWN EQUITIES INCORPORATED,2015,Philippines (the),PH,6831,Real estate activities,380,3816.838385,1507.166173,5891.383599,4103.358069,1620.305041,6333.633755
37507403,CROWN EQUITIES INCORPORATED,2016,Philippines (the),PH,6831,Real estate activities,376,2781.783887,793.5277985,5430.851415,2952.799801,842.3115598,5764.72423
37507403,CROWN EQUITIES INCORPORATED,2017,Philippines (the),PH,6831,Real estate activities,259.5,6054.343482,1232.437912,5439.196176,6280.815513,1278.539148,5642.657676
37507403,CROWN EQUITIES INCORPORATED,2018,Philippines (the),PH,6831,Real estate activities,143,10134.00013,1557.867451,5066.156047,10134.00013,1557.867451,5066.156047
37507403,CROWN EQUITIES INCORPORATED,2019,Philippines (the),PH,6831,Real estate activities,134,4070.806394,1427.459402,5033.422662,4042.626205,1417.577803,4998.578754
37507403,CROWN EQUITIES INCORPORATED,2020,Philippines (the),PH,6831,Real estate activities,102,3135.231813,1212.194983,5199.704228,3062.97406,1184.2575,5079.866536
37507403,CROWN EQUITIES INCORPORATED,2021,Philippines (the),PH,6831,Real estate activities,124,4482.077528,1198.290487,5222.377696,4281.064616,1144.549368,4988.163687
37507403,CROWN EQUITIES INCORPORATED,2022,Philippines (the),PH,6831,Real estate activities,84,3856.254467,1181.361372,4813.292959,3491.663442,1069.669118,4358.218371
37507403,CROWN EQUITIES INCORPORATED,2023,Philippines (the),PH,6831,Real estate activities,64,3025.698672,878.3990399,4884.049831,2619.115987,760.3628841,4227.748491
37507403,CROWN EQUITIES INCORPORATED,2024,Philippines (the),PH,6831,Real estate activities,70,2150.498093,622.953062,4514.082675,1808.809581,523.9732464,3796.848748
550731530,"CTS GLOBAL EQUITY GROUP, INC",2018,Philippines (the),PH,6612,Financial and insurance activities,58,992.9633987,848.2475136,568.4697913,992.9633987,848.2475136,568.4697913
550731530,"CTS GLOBAL EQUITY GROUP, INC",2019,Philippines (the),PH,6612,Financial and insurance activities,58,639.9968458,915.260916,766.5339731,635.5664626,908.9250151,761.2276357
550731530,"CTS GLOBAL EQUITY GROUP, INC",2020,Philippines (the),PH,6612,Financial and insurance activities,60.66666667,947.8750669,1030.499438,564.3844926,926.0293704,1006.749496,551.3771114
550731530,"CTS GLOBAL EQUITY GROUP, INC",2021,Philippines (the),PH,6612,Financial and insurance activities,63.33333333,1255.753288,1145.737961,362.2350121,1199.435069,1094.353726,345.9894397
550731530,"CTS GLOBAL EQUITY GROUP, INC",2022,Philippines (the),PH,6612,Financial and insurance activities,66,1563.631509,1260.976483,160.0855315,1415.797382,1141.756989,144.9501849
550731530,"CTS GLOBAL EQUITY GROUP, INC",2023,Philippines (the),PH,6612,Financial and insurance activities,73,1866.377505,1069.231726,226.1954012,1615.580298,925.5521491,195.8000633
550731530,"CTS GLOBAL EQUITY GROUP, INC",2024,Philippines (the),PH,6612,Financial and insurance activities,77,2800.944517,1305.839931,231.099383,2355.907822,1098.357533,194.3804459
37507432,"D&L INDUSTRIES, INC",2015,Philippines (the),PH,1042,Manufacturing,598,415469.2982,327732.3906,50177.54294,446657.4493,352334.3705,53944.23472
37507432,"D&L INDUSTRIES, INC",2016,Philippines (the),PH,1042,Manufacturing,673,446512.8406,354934.6175,48119.5273,473963.1402,376754.9566,51077.77469
37507432,"D&L INDUSTRIES, INC",2017,Philippines (the),PH,1042,Manufacturing,800,556671.1145,451875.6731,49592.01,577494.2539,468778.7778,51447.07542
37507432,"D&L INDUSTRIES, INC",2018,Philippines (the),PH,1042,Manufacturing,770,504002.6768,396176.8624,54662.69864,504002.6768,396176.8624,54662.69864
37507432,"D&L INDUSTRIES, INC",2019,Philippines (the),PH,1042,Manufacturing,773,441622.3585,334655.5252,83468.13402,438565.2243,332338.8697,82890.32521
37507432,"D&L INDUSTRIES, INC",2020,Philippines (the),PH,1042,Manufacturing,779,453256.8558,352319.6036,120694.517,442810.6356,344199.6863,117912.868
37507432,"D&L INDUSTRIES, INC",2021,Philippines (the),PH,1042,Manufacturing,987,608334.5728,497467.1976,173595.4459,581051.889,475156.7111,165810.0103
37507432,"D&L INDUSTRIES, INC",2022,Philippines (the),PH,1042,Manufacturing,952,775465.0951,648619.9593,221615.5032,702148.4569,587295.942,200662.7824
37507432,"D&L INDUSTRIES, INC",2023,Philippines (the),PH,1042,Manufacturing,1097,603390.4228,482749.5402,236707.7915,522308.9521,417879.3646,204899.8358
37507432,"D&L INDUSTRIES, INC",2024,Philippines (the),PH,1042,Manufacturing,1219,701454.9558,567188.3172,235463.2778,590002.1251,477068.8548,198050.9698
384723945,"D.M. WENCESLAO & ASSOCIATES, INCORPORATED",2018,Philippines (the),PH,4299,Construction,154,65659.87307,4014.092425,2478.150474,65659.87307,4014.092425,2478.150474
384723945,"D.M. WENCESLAO & ASSOCIATES, INCORPORATED",2019,Philippines (the),PH,4299,Construction,181,87057.52389,11069.01307,11830.73859,86454.8675,10992.38774,11748.84021
384723945,"D.M. WENCESLAO & ASSOCIATES, INCORPORATED",2020,Philippines (the),PH,4299,Construction,178,80054.41505,11171.2254,10881.7342,78209.39927,10913.76194,10630.94264
384723945,"D.M. WENCESLAO & ASSOCIATES, INCORPORATED",2021,Philippines (the),PH,4299,Construction,174,69135.40529,8977.646214,16386.73369,66034.80985,8575.015336,15651.8189
384723945,"D.M. WENCESLAO & ASSOCIATES, INCORPORATED",2022,Philippines (the),PH,4299,Construction,176,77264.8969,13428.8133,14412.47332,69959.85825,12159.18111,13049.84062
384723945,"D.M. WENCESLAO & ASSOCIATES, INCORPORATED",2023,Philippines (the),PH,4299,Construction,186,75907.57019,16369.06779,14596.64893,65707.37941,14169.45036,12635.20288
384723945,"D.M. WENCESLAO & ASSOCIATES, INCORPORATED",2024,Philippines (the),PH,4299,Construction,191,71316.54219,6559.588872,13238.63167,59985.19377,5517.348394,11135.17091
37508195,DFNN INC,2003,Philippines (the),PH,5829,Information and communication,77,1640.752875,1495.653994,370.7462651,2728.558522,2487.260278,616.5479865
37508195,DFNN INC,2004,Philippines (the),PH,5829,Information and communication,76,2078.802825,2400.394517,595.1267987,3264.715477,3769.768368,934.633938
37508195,DFNN INC,2005,Philippines (the),PH,5829,Information and communication,49,1986.187347,1711.157657,266.2106493,2945.178483,2537.356167,394.7451773
37508195,DFNN INC,2006,Philippines (the),PH,5829,Information and communication,53,4520.92326,1859.032823,628.4295413,6377.756756,2622.574741,886.5381079
37508195,DFNN INC,2007,Philippines (the),PH,5829,Information and communication,65,5613.849821,2632.182757,811.7436653,7676.658374,3599.378047,1110.018794
37508195,DFNN INC,2008,Philippines (the),PH,5829,Information and communication,102,4562.451354,2416.763217,560.1347859,5821.020033,3083.436076,714.6499891
37508195,DFNN INC,2009,Philippines (the),PH,5829,Information and communication,94,3686.858155,2697.320682,489.2139001,4578.519585,3349.663874,607.5295899
37508195,DFNN INC,2010,Philippines (the),PH,5829,Information and communication,57,2759.257199,1710.060416,364.8171422,3283.080018,2034.701652,434.0747468
37508195,DFNN INC,2011,Philippines (the),PH,5829,Information and communication,49,2074.849816,1610.635634,300.5827808,2375.646421,1844.13385,344.1590817
37508195,DFNN INC,2012,Philippines (the),PH,5829,Information and communication,41,2004.054165,1618.032611,277.9908692,2249.723877,1816.381345,312.0687589
37508195,DFNN INC,2013,Philippines (the),PH,5829,Information and communication,17,1899.198496,1974.219887,307.4706246,2088.959552,2171.47681,338.1919793
37508195,DFNN INC,2014,Philippines (the),PH,5829,Information and communication,25,2170.5404,1701.728059,264.047339,2316.683337,1816.305763,281.8257013
37508195,DFNN INC,2015,Philippines (the),PH,5829,Information and communication,27,6338.951761,2401.1152,390.6627639,6814.799642,2581.360393,419.9887559
37508195,DFNN INC,2016,Philippines (the),PH,5829,Information and communication,22,6334.209981,3360.528395,252.9861697,6723.618631,3567.123823,268.5390173
37508195,DFNN INC,2017,Philippines (the),PH,5829,Information and communication,22,19389.17867,10876.4093,2963.563787,20114.46073,11283.25812,3074.420449
37508195,DFNN INC,2018,Philippines (the),PH,5829,Information and communication,27.5,21782.41501,11247.30721,1314.752351,21782.41501,11247.30721,1314.752351
37508195,DFNN INC,2019,Philippines (the),PH,5829,Information and communication,33,22608.46599,12767.5587,4949.511264,22451.9587,12679.17518,4915.248233
37508195,DFNN INC,2020,Philippines (the),PH,5829,Information and communication,25,12191.85573,8164.522189,4791.843469,11910.86978,7976.354276,4681.405753
37508195,DFNN INC,2021,Philippines (the),PH,5829,Information and communication,25,10890.23931,6128.195652,3833.143022,10401.83216,5853.357378,3661.233626
37508195,DFNN INC,2022,Philippines (the),PH,5829,Information and communication,50,16415.556,4746.115482,3138.239497,14863.54111,4297.392214,2841.533467
37508195,DFNN INC,2023,Philippines (the),PH,5829,Information and communication,124,18048.15788,7869.652763,3252.218007,15622.91026,6812.156662,2815.196455
37508195,DFNN INC,2024,Philippines (the),PH,5829,Information and communication,117,10358.96477,5236.718569,3768.504044,8713.048755,4404.666413,3169.733674
37507213,DIGIPLUS INTERACTIVE CORP.,2008,Philippines (the),PH,9329,"Arts, entertainment and recreation",1089,54812.2782,34398.1893,8585.069069,69932.44306,43887.05403,10953.29137
37507213,DIGIPLUS INTERACTIVE CORP.,2009,Philippines (the),PH,9329,"Arts, entertainment and recreation",1098,59455.97001,36833.8072,3727.543287,73835.31226,45742.01137,4629.044358
37507213,DIGIPLUS INTERACTIVE CORP.,2010,Philippines (the),PH,9329,"Arts, entertainment and recreation",1107,62765.68416,37456.6943,8481.144051,74681.24522,44567.5469,10091.22114
37507213,DIGIPLUS INTERACTIVE CORP.,2011,Philippines (the),PH,9329,"Arts, entertainment and recreation",891.4,63865.32698,38738.32295,9194.659717,73124.05664,44354.3227,10527.63447
37507213,DIGIPLUS INTERACTIVE CORP.,2012,Philippines (the),PH,9329,"Arts, entertainment and recreation",675.8,71377.01423,36239.90059,9492.911149,80126.86282,40682.4182,10656.6126
37507213,DIGIPLUS INTERACTIVE CORP.,2013,Philippines (the),PH,9329,"Arts, entertainment and recreation",460.2,74201.31215,34110.41644,8468.951431,81615.23936,37518.60609,9315.138481
37508787,DITO CME HOLDINGS CORPORATION,2021,Philippines (the),PH,6190,Information and communication,800,43390.16116,3384.921482,2324150.339,41444.19245,3233.113996,2219916.482
37508787,DITO CME HOLDINGS CORPORATION,2022,Philippines (the),PH,6190,Information and communication,850,129876.9605,5603.848913,3134912.751,117597.6946,5074.030916,2838521.249
37508787,DITO CME HOLDINGS CORPORATION,2023,Philippines (the),PH,6190,Information and communication,900,202297.1165,12185.95556,3277286.752,175113.1456,10548.44995,2836896.551
37508787,DITO CME HOLDINGS CORPORATION,2024,Philippines (the),PH,6190,Information and communication,1400,282125.6683,22676.90491,3235100.071,237299.2627,19073.81504,2721081.233
37507343,DIZON COPPER-SILVER MINES INCORPORATION,2003,Philippines (the),PH,729,"Professional, scientific and technical activities",13,545.2320328,351.7608603,574.9428417,906.7163817,584.9754146,956.1252121
37507343,DIZON COPPER-SILVER MINES INCORPORATION,2005,Philippines (the),PH,729,"Professional, scientific and technical activities",11.66666667,266.2483375,131.7202831,17.71345723,394.8010625,195.3188072,26.26604846
37507343,DIZON COPPER-SILVER MINES INCORPORATION,2006,Philippines (the),PH,729,"Professional, scientific and technical activities",10.33333333,15.18358718,66.7589356,12.33412042,21.41978976,94.17816408,17.39999007
37507343,DIZON COPPER-SILVER MINES INCORPORATION,2007,Philippines (the),PH,729,"Professional, scientific and technical activities",9,16.85949589,53.13881226,7.173739655,23.05451596,72.66466349,9.809729571
37507343,DIZON COPPER-SILVER MINES INCORPORATION,2008,Philippines (the),PH,729,"Professional, scientific and technical activities",9,14.69937892,57.30230666,0.442244925,18.75425567,73.10935486,0.564239784
37508535,DMCI HOLDINGS INC,2003,Philippines (the),PH,4120,Construction,1529,84702.70868,55877.0516,42826.28639,140859.9072,92923.07677,71219.76167
37508535,DMCI HOLDINGS INC,2004,Philippines (the),PH,4120,Construction,1425,139957.2734,77917.46397,45559.22598,219799.9113,122367.7145,71549.79221
37508535,DMCI HOLDINGS INC,2005,Philippines (the),PH,4120,Construction,1283.8,190335.9409,110545.8989,56575.29372,282235.872,163920.792,83891.55133
37508535,DMCI HOLDINGS INC,2006,Philippines (the),PH,4120,Construction,1142.6,178956.2823,103485.7331,67074.41228,252457.2025,145989.3909,94623.21333
37508535,DMCI HOLDINGS INC,2007,Philippines (the),PH,4120,Construction,1001.4,301081.0804,182156.491,70847.56298,411713.2932,249089.8754,96880.49289
37508535,DMCI HOLDINGS INC,2008,Philippines (the),PH,4120,Construction,860.2,451182.2523,320163.4238,95795.64185,575642.5057,408481.6602,122221.2155
37508535,DMCI HOLDINGS INC,2009,Philippines (the),PH,4120,Construction,719,589082.0921,426039.5982,482559.8533,731550.7629,529076.6723,599266.2713
37508535,DMCI HOLDINGS INC,2010,Philippines (the),PH,4120,Construction,577.8,997135.6678,624811.473,490844.8077,1186433.866,743426.9132,584027.7524
37508535,DMCI HOLDINGS INC,2011,Philippines (the),PH,4120,Construction,436.6,1097703.388,649558.2283,533130.229,1256840.426,743726.4463,610419.5642
37508535,DMCI HOLDINGS INC,2012,Philippines (the),PH,4120,Construction,295.4,1263621.249,766602.5122,624495.8181,1418523.982,860577.5261,701050.4893
37508535,DMCI HOLDINGS INC,2013,Philippines (the),PH,4120,Construction,154.2,1282993.613,722198.8733,704085.3501,1411185.703,794358.3772,774435.0162
37508535,DMCI HOLDINGS INC,2014,Philippines (the),PH,4120,Construction,13,1298644.813,793856.2292,1050724.802,1386082.838,847306.7342,1121470.322
37508535,DMCI HOLDINGS INC,2015,Philippines (the),PH,4120,Construction,12,1232047.317,614168.127,1048217.419,1324533.761,660272.0592,1126904.252
37508535,DMCI HOLDINGS INC,2016,Philippines (the),PH,4120,Construction,12,1405347.046,732812.4828,1119219.929,1491743.66,777863.6447,1188026.287
37508535,DMCI HOLDINGS INC,2017,Philippines (the),PH,4120,Construction,12,1648586.988,797296.0086,1115738.639,1710254.92,827120.0923,1157474.56
37508535,DMCI HOLDINGS INC,2018,Philippines (the),PH,4120,Construction,14,1620756.12,837545.6696,1082750.672,1620756.12,837545.6696,1082750.672
37508535,DMCI HOLDINGS INC,2019,Philippines (the),PH,4120,Construction,14,1771103.871,1027570.47,1251041.835,1758843.391,1020457.105,1242381.488
37508535,DMCI HOLDINGS INC,2020,Philippines (the),PH,4120,Construction,12,1427165.332,923792.627,1295005.602,1394273.423,902501.959,1265159.58
37508535,DMCI HOLDINGS INC,2021,Philippines (the),PH,4120,Construction,11,2161578.35,1210514.342,1171893.295,2064635.547,1156225.006,1119336.042
37508535,DMCI HOLDINGS INC,2022,Philippines (the),PH,4120,Construction,12,2571592.15,1089669.907,1029138.67,2328460.006,986646.6573,931838.3689
37508535,DMCI HOLDINGS INC,2023,Philippines (the),PH,4120,Construction,12,2266070.304,1058052.051,968460.2263,1961563.792,915874.7594,838321.9668
37508535,DMCI HOLDINGS INC,2024,Philippines (the),PH,4120,Construction,12,1832514.046,902138.1126,1487945.211,1541349.409,758799.1205,1251528.454
144181587,DOUBLEDRAGON CORPORATION,2016,Philippines (the),PH,6831,Real estate activities,287,72118.20249,11617.12812,17333.16614,76551.81803,12331.31509,18398.75835
144181587,DOUBLEDRAGON CORPORATION,2017,Philippines (the),PH,6831,Real estate activities,488.5,129878.9091,10792.94076,20229.77316,134737.2295,11196.66731,20986.49894
144181587,DOUBLEDRAGON CORPORATION,2018,Philippines (the),PH,6831,Real estate activities,690,271313.5879,13950.68719,19039.11014,271313.5879,13950.68719,19039.11014
144181587,DOUBLEDRAGON CORPORATION,2019,Philippines (the),PH,6831,Real estate activities,637,396404.2442,19749.2117,18768.7411,393660.1327,19612.49762,18638.81434
144181587,DOUBLEDRAGON CORPORATION,2020,Philippines (the),PH,6831,Real estate activities,573,294629.3106,9828.85722,17429.92702,287838.9827,9602.331342,17028.21912
144181587,DOUBLEDRAGON CORPORATION,2021,Philippines (the),PH,6831,Real estate activities,496,311800.5536,12132.1151,16659.19598,297816.8737,11588.01211,15912.06176
144181587,DOUBLEDRAGON CORPORATION,2022,Philippines (the),PH,6831,Real estate activities,532,250662.9374,19093.0863,12637.43767,226963.916,17287.9233,11442.62639
144181587,DOUBLEDRAGON CORPORATION,2023,Philippines (the),PH,6831,Real estate activities,589,441743.5479,16235.12138,21901.74,382383.6125,14053.5032,18958.66165
144181587,DOUBLEDRAGON CORPORATION,2024,Philippines (the),PH,6831,Real estate activities,649,151239.2309,19511.23809,24252.1798,127209.12,16411.13495,20398.79753
37507154,EAST COAST VULCAN MINING CORPORATION,2003,Philippines (the),PH,6420,Financial and insurance activities,80,1034.767546,734.0603291,1152.405074,1720.80991,1220.736284,1916.440149
37507154,EAST COAST VULCAN MINING CORPORATION,2004,Philippines (the),PH,6420,Financial and insurance activities,71,978.0688381,581.9041284,1288.321736,1536.036239,913.8680164,2023.281794
37507154,EAST COAST VULCAN MINING CORPORATION,2005,Philippines (the),PH,6420,Financial and insurance activities,58,723.0670931,568.8281065,1225.884305,1072.185687,843.4754669,1817.778209
37507154,EAST COAST VULCAN MINING CORPORATION,2006,Philippines (the),PH,6420,Financial and insurance activities,45,1078.09575,737.7269451,1056.256623,1520.891211,1040.726139,1490.082318
37507154,EAST COAST VULCAN MINING CORPORATION,2007,Philippines (the),PH,6420,Financial and insurance activities,44,1979.638143,1121.953559,1177.531926,2707.05598,1534.215281,1610.215914
37507154,EAST COAST VULCAN MINING CORPORATION,2008,Philippines (the),PH,6420,Financial and insurance activities,45,2455.048991,1461.851128,965.3996111,3132.28312,1865.10804,1231.70858
37507154,EAST COAST VULCAN MINING CORPORATION,2009,Philippines (the),PH,6420,Financial and insurance activities,45,2819.225072,1675.295506,864.9797052,3501.050668,2080.463354,1074.173823
37507154,EAST COAST VULCAN MINING CORPORATION,2010,Philippines (the),PH,6420,Financial and insurance activities,44,2966.708496,2106.84748,1017.363582,3529.914278,2506.815554,1210.501888
37507154,EAST COAST VULCAN MINING CORPORATION,2011,Philippines (the),PH,6420,Financial and insurance activities,41,2590.557353,1931.160138,961.1409866,2966.117478,2211.12566,1100.480202
37507154,EAST COAST VULCAN MINING CORPORATION,2012,Philippines (the),PH,6420,Financial and insurance activities,8,4007.282927,1309.501832,3.30161193,4498.521167,1470.028899,3.706344529
37507927,EASYCALL COMMUNICATIONS PHILIPPINES INC,2003,Philippines (the),PH,6311,Information and communication,153,372.7437816,394.3565505,591.1929085,619.86984,655.8116967,983.1489395
37507927,EASYCALL COMMUNICATIONS PHILIPPINES INC,2004,Philippines (the),PH,6311,Information and communication,26,414.6302399,238.8255964,160.0227467,651.167944,375.0705029,251.312309
37507927,EASYCALL COMMUNICATIONS PHILIPPINES INC,2005,Philippines (the),PH,6311,Information and communication,16.5,809.8253454,168.0140263,8.347937824,1200.833439,249.1362639,12.3785739
37507927,EASYCALL COMMUNICATIONS PHILIPPINES INC,2006,Philippines (the),PH,6311,Information and communication,7,350.8100652,170.0521058,6.004233537,494.8947671,239.8959027,8.470292196
37507927,EASYCALL COMMUNICATIONS PHILIPPINES INC,2007,Philippines (the),PH,6311,Information and communication,7,368.348585,175.9619306,2.705248624,503.6982356,240.6191243,3.69929196
37507927,EASYCALL COMMUNICATIONS PHILIPPINES INC,2008,Philippines (the),PH,6311,Information and communication,8,296.2409216,137.3065194,5.306939095,377.9600495,175.1830186,6.770877407
37507927,EASYCALL COMMUNICATIONS PHILIPPINES INC,2009,Philippines (the),PH,6311,Information and communication,8,362.9519301,148.6754652,276.2749104,450.7313409,184.6324161,343.0916067
37507927,EASYCALL COMMUNICATIONS PHILIPPINES INC,2010,Philippines (the),PH,6311,Information and communication,11,432.4484525,157.2974849,233.4282826,514.5453182,187.1591491,277.7427674
37507927,EASYCALL COMMUNICATIONS PHILIPPINES INC,2011,Philippines (the),PH,6311,Information and communication,10,423.8982097,172.0998048,166.9094932,485.3518828,197.0495803,191.1068151
37507927,EASYCALL COMMUNICATIONS PHILIPPINES INC,2012,Philippines (the),PH,6311,Information and communication,14,486.5750582,216.4497939,122.2810242,546.222525,242.9835869,137.2710103
37507927,EASYCALL COMMUNICATIONS PHILIPPINES INC,2013,Philippines (the),PH,6311,Information and communication,18,546.5844232,262.3947466,47.53005921,601.1971653,288.6122823,52.27909112
37507927,EASYCALL COMMUNICATIONS PHILIPPINES INC,2014,Philippines (the),PH,6311,Information and communication,13,635.7218169,306.1389189,5.087746877,678.525099,326.751316,5.430305933
37507927,EASYCALL COMMUNICATIONS PHILIPPINES INC,2015,Philippines (the),PH,6311,Information and communication,14,665.5853765,333.4605422,296.2091325,715.5490619,358.4925189,318.444747
37507927,EASYCALL COMMUNICATIONS PHILIPPINES INC,2016,Philippines (the),PH,6311,Information and communication,17,911.6294995,440.0056235,528.8378566,967.673807,467.0558786,561.3492568
37507927,EASYCALL COMMUNICATIONS PHILIPPINES INC,2017,Philippines (the),PH,6311,Information and communication,17,1058.470008,548.5046785,473.4290646,1098.063707,569.0223397,491.138407
37507927,EASYCALL COMMUNICATIONS PHILIPPINES INC,2018,Philippines (the),PH,6311,Information and communication,16,1200.667679,689.1928069,392.6674927,1200.667679,689.1928069,392.6674927
37507927,EASYCALL COMMUNICATIONS PHILIPPINES INC,2019,Philippines (the),PH,6311,Information and communication,20,1421.192651,766.3369055,1490.718112,1411.354434,761.0319323,1480.398604
37507927,EASYCALL COMMUNICATIONS PHILIPPINES INC,2020,Philippines (the),PH,6311,Information and communication,24,1709.842565,839.016545,1594.845483,1670.435788,819.6797132,1558.089046
37507927,EASYCALL COMMUNICATIONS PHILIPPINES INC,2021,Philippines (the),PH,6311,Information and communication,30,1725.568238,809.5088195,1402.981868,1648.179684,773.2038416,1340.060719
37507927,EASYCALL COMMUNICATIONS PHILIPPINES INC,2022,Philippines (the),PH,6311,Information and communication,295,7751.354266,4732.7869,3262.580196,7018.49957,4285.323788,2954.118328
37507927,EASYCALL COMMUNICATIONS PHILIPPINES INC,2023,Philippines (the),PH,6311,Information and communication,33,7418.791645,4763.852593,1963.701455,6421.880667,4123.702933,1699.8262
37507927,EASYCALL COMMUNICATIONS PHILIPPINES INC,2024,Philippines (the),PH,6311,Information and communication,38,7741.269122,5384.355342,1331.678521,6511.273738,4528.845463,1120.090679
37508790,EEI CORPORATION,2001,Philippines (the),PH,7112,"Professional, scientific and technical activities",10204.66667,71875.30426,55067.77892,32809.33515,128562.3093,98498.93363,58685.57964
37508790,EEI CORPORATION,2002,Philippines (the),PH,7112,"Professional, scientific and technical activities",8815.333333,52718.15205,40168.05411,27780.20944,90468.38966,68931.45965,47672.9687
37508790,EEI CORPORATION,2003,Philippines (the),PH,7112,"Professional, scientific and technical activities",7426,49720.14781,48968.70369,30233.02444,82684.19645,81434.55107,50277.27074
37508790,EEI CORPORATION,2004,Philippines (the),PH,7112,"Professional, scientific and technical activities",6346,52138.46417,44849.05839,27040.05867,81882.3454,70434.48917,42465.83513
37508790,EEI CORPORATION,2005,Philippines (the),PH,7112,"Professional, scientific and technical activities",8406.25,79971.5107,70154.10969,19138.31643,118584.1673,104026.6291,28378.87264
37508790,EEI CORPORATION,2006,Philippines (the),PH,7112,"Professional, scientific and technical activities",10466.5,108028.6176,92566.47466,4428.43771,152398.1289,130585.375,6247.285544
37508790,EEI CORPORATION,2007,Philippines (the),PH,7112,"Professional, scientific and technical activities",12526.75,183041.687,163974.8773,9236.588347,250300.3365,224227.4295,12630.57181
37508790,EEI CORPORATION,2008,Philippines (the),PH,7112,"Professional, scientific and technical activities",14587,198806.1095,174130.6749,12529.45155,253647.4927,222165.2503,15985.746
37508790,EEI CORPORATION,2009,Philippines (the),PH,7112,"Professional, scientific and technical activities",16557,138123.9079,115803.0653,15924.49706,171528.9796,143809.8728,19775.81414
37508790,EEI CORPORATION,2010,Philippines (the),PH,7112,"Professional, scientific and technical activities",13872,159239.4241,130178.3776,24231.74249,189469.7499,154891.6971,28831.94419
37508790,EEI CORPORATION,2011,Philippines (the),PH,7112,"Professional, scientific and technical activities",19689,206422.1515,167857.3397,38711.73399,236347.7306,192192.0735,44323.87906
37508790,EEI CORPORATION,2012,Philippines (the),PH,7112,"Professional, scientific and technical activities",23001,333680.9298,285570.1078,77571.0567,374585.6615,320577.1088,87080.21043
37508790,EEI CORPORATION,2013,Philippines (the),PH,7112,"Professional, scientific and technical activities",24073,238634.5578,202234.6605,79154.84043,262478.0612,222441.2176,87063.7063
37508790,EEI CORPORATION,2014,Philippines (the),PH,7112,"Professional, scientific and technical activities",27451,383757.2939,336835.3578,82057.06433,409595.7523,359514.5525,87581.98354
37508790,EEI CORPORATION,2015,Philippines (the),PH,7112,"Professional, scientific and technical activities",31729,403772.5039,346122.5233,92378.78942,434082.6085,372105.0004,99313.41408
37508790,EEI CORPORATION,2016,Philippines (the),PH,7112,"Professional, scientific and technical activities",22994,298427.1392,249429.9293,89967.47888,316773.5643,264764.1497,95498.41558
37508790,EEI CORPORATION,2017,Philippines (the),PH,7112,"Professional, scientific and technical activities",23371,306838.661,251701.8522,87516.17191,318316.4332,261117.1472,90789.84895
37508790,EEI CORPORATION,2018,Philippines (the),PH,7112,"Professional, scientific and technical activities",22620,420611.03,354999.8444,92523.78818,420611.03,354999.8444,92523.78818
37508790,EEI CORPORATION,2019,Philippines (the),PH,7112,"Professional, scientific and technical activities",28763,465477.1788,393616.4269,103125.6501,462254.9094,390891.6141,102411.762
37508790,EEI CORPORATION,2020,Philippines (the),PH,7112,"Professional, scientific and technical activities",21324,289435.9974,323440.8052,91896.99108,282765.3599,315986.4582,89779.03921
37508790,EEI CORPORATION,2021,Philippines (the),PH,7112,"Professional, scientific and technical activities",19852,318525.1766,275118.373,76852.83956,304239.9098,262779.8213,73406.13142
37508790,EEI CORPORATION,2022,Philippines (the),PH,7112,"Professional, scientific and technical activities",24503,261596.1163,219187.1711,55026.40787,236863.4134,198464.0378,49823.91551
37508790,EEI CORPORATION,2023,Philippines (the),PH,7112,"Professional, scientific and technical activities",25900,341179.6891,255134.5554,46747.61946,295333.1694,220850.4763,40465.83972
37508790,EEI CORPORATION,2024,Philippines (the),PH,7112,"Professional, scientific and technical activities",18687,267494.9934,223432.1822,78629.77671,224993.2276,187931.4719,66136.4425
108755374,EMPERADOR INC,2013,Philippines (the),PH,4634,Wholesale and retail trade; repair of motor vehicles and motorcycles,1207,672417.3843,425524.6194,84462.55884,739602.9015,468041.503,92901.75277
108755374,EMPERADOR INC,2014,Philippines (the),PH,4634,Wholesale and retail trade; repair of motor vehicles and motorcycles,1701,717425.7871,444309.8866,257027.7724,765730.2145,474225.3637,274333.5058
108755374,EMPERADOR INC,2015,Philippines (the),PH,4634,Wholesale and retail trade; repair of motor vehicles and motorcycles,1507,925350.3969,610311.5778,302486.4084,994813.9363,656126.0093,325193.241
108755374,EMPERADOR INC,2016,Philippines (the),PH,4634,Wholesale and retail trade; repair of motor vehicles and motorcycles,1819,823441.6966,489770.3238,420558.5112,874064.4767,519879.9666,446413.2149
108755374,EMPERADOR INC,2017,Philippines (the),PH,4634,Wholesale and retail trade; repair of motor vehicles and motorcycles,2371.5,854426.3273,531895.7413,527629.6116,886387.4585,551792.1197,547366.4088
108755374,EMPERADOR INC,2018,Philippines (the),PH,4634,Wholesale and retail trade; repair of motor vehicles and motorcycles,2924,888618.3332,547874.1983,516802.1046,888618.3332,547874.1983,516802.1046
108755374,EMPERADOR INC,2019,Philippines (the),PH,4634,Wholesale and retail trade; repair of motor vehicles and motorcycles,3457,995782.8692,632241.3673,571232.795,988889.5545,627864.6715,567278.4315
108755374,EMPERADOR INC,2020,Philippines (the),PH,4634,Wholesale and retail trade; repair of motor vehicles and motorcycles,3499,1078529.174,703384.773,550334.0241,1053672.29,687173.8495,537650.4644
108755374,EMPERADOR INC,2021,Philippines (the),PH,4634,Wholesale and retail trade; repair of motor vehicles and motorcycles,3098,1089879.172,653696.314,548837.3881,1041000.101,624379.2397,524223.0433
108755374,EMPERADOR INC,2022,Philippines (the),PH,4634,Wholesale and retail trade; repair of motor vehicles and motorcycles,3013,1096251.607,706984.3216,521311.8335,992606.0879,640142.2238,472024.2107
108755374,EMPERADOR INC,2023,Philippines (the),PH,4634,Wholesale and retail trade; repair of motor vehicles and motorcycles,3013,1172132.044,737123.1223,615684.986,1014625.086,638071.1246,532951.4154
108755374,EMPERADOR INC,2024,Philippines (the),PH,4634,Wholesale and retail trade; repair of motor vehicles and motorcycles,3168,1053643.262,675626.329,705114.7792,886231.9077,568277.3591,593080.4461
37508514,EMPIRE EAST LAND HOLDINGS INC.,2003,Philippines (the),PH,4120,Construction,193,21415.1767,19336.84174,10456.81905,35613.26254,32157.00861,17389.60398
37508514,EMPIRE EAST LAND HOLDINGS INC.,2004,Philippines (the),PH,4120,Construction,197.5,32562.38963,29061.86538,336.1295211,51138.53806,45641.03944,527.8842403
37508514,EMPIRE EAST LAND HOLDINGS INC.,2005,Philippines (the),PH,4120,Construction,202,29089.07716,20876.7415,372.4725486,43134.16067,30956.66175,552.3135255
37508514,EMPIRE EAST LAND HOLDINGS INC.,2006,Philippines (the),PH,4120,Construction,215,31032.91157,21300.90384,462.9976424,43778.74828,30049.61057,653.1600233
37508514,EMPIRE EAST LAND HOLDINGS INC.,2007,Philippines (the),PH,4120,Construction,338,57035.86783,38143.93314,3411.052821,77993.69173,52159.91754,4664.443838
37508514,EMPIRE EAST LAND HOLDINGS INC.,2008,Philippines (the),PH,4120,Construction,448,32171.86517,15904.55952,3253.153665,41046.59035,20291.88969,4150.54785
37508514,EMPIRE EAST LAND HOLDINGS INC.,2009,Philippines (the),PH,4120,Construction,444,35566.16118,16241.71596,3290.792929,44167.78695,20169.752,4086.666544
37508514,EMPIRE EAST LAND HOLDINGS INC.,2010,Philippines (the),PH,4120,Construction,2610.5,36469.20425,16934.94391,4001.23056,43392.58979,20149.907,4760.832048
37508514,EMPIRE EAST LAND HOLDINGS INC.,2011,Philippines (the),PH,4120,Construction,4777,34397.5379,16985.61333,4018.598736,39384.24226,19448.06376,4601.185893
37508514,EMPIRE EAST LAND HOLDINGS INC.,2012,Philippines (the),PH,4120,Construction,514,46308.43321,22000.97084,4152.893724,51985.21562,24697.98984,4661.981862
37508514,EMPIRE EAST LAND HOLDINGS INC.,2013,Philippines (the),PH,4120,Construction,514,54575.22532,25946.2563,3610.798482,60028.18479,28538.71255,3971.57643
37508514,EMPIRE EAST LAND HOLDINGS INC.,2014,Philippines (the),PH,4120,Construction,610,89666.63027,51559.67511,3441.042689,95703.90314,55031.19876,3672.728809
37508514,EMPIRE EAST LAND HOLDINGS INC.,2015,Philippines (the),PH,4120,Construction,698,100570.5165,55448.90364,3196.751884,108120.0718,59611.30214,3436.72336
37508514,EMPIRE EAST LAND HOLDINGS INC.,2016,Philippines (the),PH,4120,Construction,723,97822.65729,53240.98157,3120.550878,103836.5073,56514.08095,3312.393192
37508514,EMPIRE EAST LAND HOLDINGS INC.,2017,Philippines (the),PH,4120,Construction,712,92611.31826,45488.11013,3968.972081,96075.58709,47189.66287,4117.437587
37508514,EMPIRE EAST LAND HOLDINGS INC.,2018,Philippines (the),PH,4120,Construction,654,78766.52335,39037.80229,4722.081227,78766.52335,39037.80229,4722.081227
37508514,EMPIRE EAST LAND HOLDINGS INC.,2019,Philippines (the),PH,4120,Construction,772,98248.28534,43201.44246,7463.108926,97568.16082,42902.38014,7411.445496
37508514,EMPIRE EAST LAND HOLDINGS INC.,2020,Philippines (the),PH,4120,Construction,672,99296.54535,52818.23885,5227.370977,97008.0558,51600.9358,5106.895649
37508514,EMPIRE EAST LAND HOLDINGS INC.,2021,Philippines (the),PH,4120,Construction,602,81161.7379,43894.55318,2854.492512,77521.78362,41925.96342,2726.473787
37508514,EMPIRE EAST LAND HOLDINGS INC.,2022,Philippines (the),PH,4120,Construction,572,75115.7522,39701.01581,2354.668575,68013.90524,35947.46838,2132.045552
37508514,EMPIRE EAST LAND HOLDINGS INC.,2023,Philippines (the),PH,4120,Construction,648,83063.07607,44943.72509,2894.829633,71901.35373,38904.34629,2505.832666
37508514,EMPIRE EAST LAND HOLDINGS INC.,2024,Philippines (the),PH,4120,Construction,698,69582.08159,35400.3506,2527.682899,58526.31828,29775.65688,2126.064218
37507822,EURO-MED LABORATORIES PHIL. INC,2003,Philippines (the),PH,2120,Manufacturing,865,19189.20547,5468.858326,59579.24153,31911.49071,9094.66637,99079.78814
37507822,EURO-MED LABORATORIES PHIL. INC,2004,Philippines (the),PH,2120,Manufacturing,862.3333333,22104.8747,7255.016171,71188.61766,34715.23402,11393.84808,111800.205
37507822,EURO-MED LABORATORIES PHIL. INC,2005,Philippines (the),PH,2120,Manufacturing,859.6666667,31443.12025,12238.18991,74462.17324,46624.80674,18147.157,110414.7556
37507822,EURO-MED LABORATORIES PHIL. INC,2006,Philippines (the),PH,2120,Manufacturing,857,44312.50541,22638.8099,80975.63765,62512.5366,31937.02138,114233.9497
37507822,EURO-MED LABORATORIES PHIL. INC,2007,Philippines (the),PH,2120,Manufacturing,979,57377.47793,31380.83573,94130.1645,78460.82643,42911.72067,128718.284
37507822,EURO-MED LABORATORIES PHIL. INC,2008,Philippines (the),PH,2120,Manufacturing,1081,53146.19415,29265.76848,80544.34126,67806.76371,37338.83638,102762.7886
37507822,EURO-MED LABORATORIES PHIL. INC,2009,Philippines (the),PH,2120,Manufacturing,1118,94490.20437,69116.59628,82780.26414,117342.5266,85832.34732,102800.5539
37507822,EURO-MED LABORATORIES PHIL. INC,2010,Philippines (the),PH,2120,Manufacturing,1240,91722.7315,62457.35557,87355.59003,109135.5554,74314.38292,103939.3472
37507822,EURO-MED LABORATORIES PHIL. INC,2011,Philippines (the),PH,2120,Manufacturing,1065,91888.41104,53655.11906,88430.36596,105209.7232,61433.64719,101250.3559
37507822,EURO-MED LABORATORIES PHIL. INC,2012,Philippines (the),PH,2120,Manufacturing,890,109402.2372,76626.18878,88465.55067,122813.4596,86019.51459,99310.22079
37507822,EURO-MED LABORATORIES PHIL. INC,2013,Philippines (the),PH,2120,Manufacturing,837,103137.5717,72540.21426,84189.10902,113442.7055,79788.17056,92600.98083
37507822,EURO-MED LABORATORIES PHIL. INC,2014,Philippines (the),PH,2120,Manufacturing,784,105692.1812,73868.79519,83120.38101,112808.4578,78842.39654,88716.89356
37507822,EURO-MED LABORATORIES PHIL. INC,2015,Philippines (the),PH,2120,Manufacturing,731,94861.10718,59509.56173,78767.18366,101982.0727,63976.78279,84680.02207
37507822,EURO-MED LABORATORIES PHIL. INC,2016,Philippines (the),PH,2120,Manufacturing,723,97249.83493,56189.08751,76936.82416,103228.4695,59643.42779,81666.67443
37507822,EURO-MED LABORATORIES PHIL. INC,2017,Philippines (the),PH,2120,Manufacturing,919.5,103361.8938,60604.64909,75720.04628,107228.3044,62871.65922,78552.47109
37507822,EURO-MED LABORATORIES PHIL. INC,2018,Philippines (the),PH,2120,Manufacturing,1116,99569.70685,58018.64674,80413.87567,99569.70685,58018.64674,80413.87567
37507822,EURO-MED LABORATORIES PHIL. INC,2019,Philippines (the),PH,2120,Manufacturing,1108,113131.0104,63876.22171,93984.56944,112347.8601,63434.03807,93333.96053
37507822,EURO-MED LABORATORIES PHIL. INC,2020,Philippines (the),PH,2120,Manufacturing,1020,80089.09737,38585.06001,103793.8389,78243.28227,37695.78933,101401.7001
37507822,EURO-MED LABORATORIES PHIL. INC,2021,Philippines (the),PH,2120,Manufacturing,987,71861.9583,35451.47191,99497.93395,68639.08199,33861.53877,95035.63508
37507822,EURO-MED LABORATORIES PHIL. INC,2022,Philippines (the),PH,2120,Manufacturing,1008,75721.45427,41039.59386,88395.26044,68562.34098,37159.49007,80037.89739
37507822,EURO-MED LABORATORIES PHIL. INC,2023,Philippines (the),PH,2120,Manufacturing,1083,95116.05702,52336.85402,89283.02669,82334.69773,45304.01271,77285.48939
37507822,EURO-MED LABORATORIES PHIL. INC,2024,Philippines (the),PH,2120,Manufacturing,1188,100125.0014,55757.6086,85034.50642,84216.3322,46898.38925,71523.537
37508527,EVERWOODS GREEN RESOURCES AND HOLDINGS INC.,2004,Philippines (the),PH,6820,Real estate activities,68,6075.817011,529.5110745,339.3285542,9541.940964,831.5858433,532.9082536
37508527,EVERWOODS GREEN RESOURCES AND HOLDINGS INC.,2005,Philippines (the),PH,6820,Real estate activities,66,8566.246763,481.7871927,334.5393684,12702.28898,714.4085756,496.0650621
37508527,EVERWOODS GREEN RESOURCES AND HOLDINGS INC.,2006,Philippines (the),PH,6820,Real estate activities,54,12114.03982,344.8058317,253.5821886,17089.51797,486.4244749,357.7334592
37508527,EVERWOODS GREEN RESOURCES AND HOLDINGS INC.,2007,Philippines (the),PH,6820,Real estate activities,54,12625.41948,546.339452,250.3804218,17264.6286,747.0918289,342.3826826
37508527,EVERWOODS GREEN RESOURCES AND HOLDINGS INC.,2008,Philippines (the),PH,6820,Real estate activities,59,12560.872,420.9539904,117.7635056,16025.8339,537.0756686,150.2489939
37508527,EVERWOODS GREEN RESOURCES AND HOLDINGS INC.,2009,Philippines (the),PH,6820,Real estate activities,55,14699.67181,664.7467295,67.69350113,18254.76665,825.5147858,84.06507862
37508527,EVERWOODS GREEN RESOURCES AND HOLDINGS INC.,2010,Philippines (the),PH,6820,Real estate activities,49,10284.99506,1812.80623,73.60145967,12237.51877,2156.952934,87.57410569
37508527,EVERWOODS GREEN RESOURCES AND HOLDINGS INC.,2011,Philippines (the),PH,6820,Real estate activities,52,10978.10086,1667.501416,51.74376406,12569.62591,1909.243618,59.24519787
37508527,EVERWOODS GREEN RESOURCES AND HOLDINGS INC.,2012,Philippines (the),PH,6820,Real estate activities,50,10368.8822,1173.383169,40.20198056,11639.96576,1317.223945,45.13019515
37508527,EVERWOODS GREEN RESOURCES AND HOLDINGS INC.,2013,Philippines (the),PH,6820,Real estate activities,51,9727.833795,997.8835738,25.23978985,10699.80383,1097.588498,27.76165853
37508527,EVERWOODS GREEN RESOURCES AND HOLDINGS INC.,2014,Philippines (the),PH,6820,Real estate activities,52,10622.45344,1396.26153,17.01145322,11337.66544,1490.272109,18.1568379
37508527,EVERWOODS GREEN RESOURCES AND HOLDINGS INC.,2015,Philippines (the),PH,6820,Real estate activities,33,6783.191254,147.0338797,4.770385427,7292.386986,158.0713135,5.128485297
37508527,EVERWOODS GREEN RESOURCES AND HOLDINGS INC.,2016,Philippines (the),PH,6820,Real estate activities,32,6314.757228,123.3882533,4.095316507,6702.969979,130.9738012,4.347084553
37508527,EVERWOODS GREEN RESOURCES AND HOLDINGS INC.,2022,Philippines (the),PH,6820,Real estate activities,11,189.4333577,49.35851762,0.213827513,171.5233099,44.69189806,0.193611111
37508527,EVERWOODS GREEN RESOURCES AND HOLDINGS INC.,2023,Philippines (the),PH,6820,Real estate activities,7,215.7575515,81.7751534,2.609462421,186.7648149,70.78649755,2.258812092
37508527,EVERWOODS GREEN RESOURCES AND HOLDINGS INC.,2024,Philippines (the),PH,6820,Real estate activities,15,5963.267312,140.1385831,47.57472195,5015.775222,117.8722328,40.01566575
37507460,FILINVEST DEVELOPMENT CORPORATION,2003,Philippines (the),PH,6831,Real estate activities,1797,67531.73272,13512.87536,660168.3418,112304.7155,22471.80048,1097854.517
37507460,FILINVEST DEVELOPMENT CORPORATION,2004,Philippines (the),PH,6831,Real estate activities,1994,90174.95044,23624.02444,329082.2644,141617.8354,37101.02628,516816.6739
37507460,FILINVEST DEVELOPMENT CORPORATION,2005,Philippines (the),PH,6831,Real estate activities,2237,101280.2156,24843.42528,364346.9335,150181.3574,36838.58005,540264.6184
37507460,FILINVEST DEVELOPMENT CORPORATION,2006,Philippines (the),PH,6831,Real estate activities,2480,169284.0117,53876.10965,403804.6313,238812.337,76004.10415,569655.2601
37507460,FILINVEST DEVELOPMENT CORPORATION,2007,Philippines (the),PH,6831,Real estate activities,2723,285319.8913,83534.21287,460651.2333,390160.6567,114228.851,629917.4827
37507460,FILINVEST DEVELOPMENT CORPORATION,2008,Philippines (the),PH,6831,Real estate activities,3307,285508.7324,108479.0999,501115.3054,364267.3471,138403.4513,639349.7718
37507460,FILINVEST DEVELOPMENT CORPORATION,2009,Philippines (the),PH,6831,Real estate activities,4043,219043.7009,71800.71479,525117.6444,272019.1102,89165.61609,652116.6039
37507460,FILINVEST DEVELOPMENT CORPORATION,2010,Philippines (the),PH,6831,Real estate activities,4597.5,347145.9103,124371.382,588477.3718,413048.7734,147982.29,700195.0747
37507460,FILINVEST DEVELOPMENT CORPORATION,2011,Philippines (the),PH,6831,Real estate activities,5152,380717.5264,156909.2425,609803.6969,435911.1787,179656.801,698208.5927
37507460,FILINVEST DEVELOPMENT CORPORATION,2012,Philippines (the),PH,6831,Real estate activities,6106,515353.1702,201215.9622,739990.0877,578528.4411,225882.2953,830702.7813
37507460,FILINVEST DEVELOPMENT CORPORATION,2013,Philippines (the),PH,6831,Real estate activities,7995,547637.6047,204536.8401,804206.2152,602355.5769,224973.4226,884559.5967
37507460,FILINVEST DEVELOPMENT CORPORATION,2014,Philippines (the),PH,6831,Real estate activities,8650,842178.7749,243886.0998,923112.7247,898882.847,260307.0017,985266.0965
37507460,FILINVEST DEVELOPMENT CORPORATION,2015,Philippines (the),PH,6831,Real estate activities,9679,722176.2681,333406.0962,1279532.921,776388.0778,358433.9858,1375583.98
37507460,FILINVEST DEVELOPMENT CORPORATION,2016,Philippines (the),PH,6831,Real estate activities,10556,797780.4233,401387.2707,859897.6621,846825.6236,426063.3827,912761.648
37507460,FILINVEST DEVELOPMENT CORPORATION,2017,Philippines (the),PH,6831,Real estate activities,11963.5,1331147.401,416537.7739,901874.0552,1380941.018,432119.0101,935610.0416
37507460,FILINVEST DEVELOPMENT CORPORATION,2018,Philippines (the),PH,6831,Real estate activities,13371,1378787.916,350831.7804,842554.698,1378787.916,350831.7804,842554.698
37507460,FILINVEST DEVELOPMENT CORPORATION,2019,Philippines (the),PH,6831,Real estate activities,12676,1643043.214,408011.7051,988294.575,1631669.235,405187.2409,981453.0981
37507460,FILINVEST DEVELOPMENT CORPORATION,2020,Philippines (the),PH,6831,Real estate activities,11778,1562592.445,292280.9261,961404.3753,1526579.344,285544.7215,939246.8686
37507460,FILINVEST DEVELOPMENT CORPORATION,2021,Philippines (the),PH,6831,Real estate activities,11860,1241180.943,320245.6831,924608.8335,1185516.267,305883.2548,883141.8323
37507460,FILINVEST DEVELOPMENT CORPORATION,2022,Philippines (the),PH,6831,Real estate activities,12669,1255775.521,375151.0703,878177.64,1137047.753,339682.2717,795150.0057
37507460,FILINVEST DEVELOPMENT CORPORATION,2023,Philippines (the),PH,6831,Real estate activities,13128,1652951.661,585350.5792,886387.3062,1430833.864,506693.2389,767277.7155
37507460,FILINVEST DEVELOPMENT CORPORATION,2024,Philippines (the),PH,6831,Real estate activities,14456,1980167.919,552999.4322,894453.192,1665542.841,465134.4145,752335.2421
37507939,FILINVEST LAND INCORPORATED,2000,Philippines (the),PH,4110,Construction,508,18173.24735,17282.15751,168871.6987,34332.70257,32649.26527,319030.589
37507939,FILINVEST LAND INCORPORATED,2001,Philippines (the),PH,4110,Construction,548,20703.25345,15065.01841,185308.7962,37031.60773,26946.57889,331459.1433
37507939,FILINVEST LAND INCORPORATED,2002,Philippines (the),PH,4110,Construction,588,36504.59546,12847.87932,165807.6504,62644.68382,22047.94567,284538.6368
37507939,FILINVEST LAND INCORPORATED,2003,Philippines (the),PH,4110,Construction,628,31134.60623,9530.223319,1764.023038,51776.59382,15848.68292,2933.55579
37507939,FILINVEST LAND INCORPORATED,2004,Philippines (the),PH,4110,Construction,671,42539.67637,16475.76712,709.776592,66807.65398,25874.84068,1114.688992
37507939,FILINVEST LAND INCORPORATED,2005,Philippines (the),PH,4110,Construction,755,51448.94382,19456.02801,795.0138801,76290.04513,28849.98495,1178.870552
37507939,FILINVEST LAND INCORPORATED,2006,Philippines (the),PH,4110,Construction,755,64802.0643,22386.6728,2399.820908,91417.56664,31581.32653,3385.475296
37507939,FILINVEST LAND INCORPORATED,2007,Philippines (the),PH,4110,Construction,748,106602.3027,35579.30913,10126.78422,145773.3081,48652.9227,13847.87007
37507939,FILINVEST LAND INCORPORATED,2008,Philippines (the),PH,4110,Construction,771,103036.4548,33391.42926,18321.99663,131459.4329,42602.57559,23376.18556
37507939,FILINVEST LAND INCORPORATED,2009,Philippines (the),PH,4110,Construction,780,113106.6938,38589.45907,21481.0592,140461.3877,47922.26517,26676.22299
37507939,FILINVEST LAND INCORPORATED,2010,Philippines (the),PH,4110,Construction,810,184411.3739,68288.11789,33609.47992,219420.3922,81252.06864,39989.96976
37507939,FILINVEST LAND INCORPORATED,2011,Philippines (the),PH,4110,Construction,814,205924.7011,91921.73831,29363.27715,235778.1635,105247.882,33620.15107
37507939,FILINVEST LAND INCORPORATED,2012,Philippines (the),PH,4110,Construction,858,272261.0431,131119.5122,32237.88567,305636.5342,147192.9763,36189.81083
37507939,FILINVEST LAND INCORPORATED,2013,Philippines (the),PH,4110,Construction,912,294531.461,146968.9322,25911.24481,323959.9812,161653.5373,28500.20284
37507939,FILINVEST LAND INCORPORATED,2014,Philippines (the),PH,4110,Construction,939,364162.7894,187453.1701,30306.69956,388681.9457,200074.431,32347.25595
37507939,FILINVEST LAND INCORPORATED,2015,Philippines (the),PH,4110,Construction,1003,367366.0885,186972.3098,28763.68559,394943.2623,201007.8129,30922.89729
37507939,FILINVEST LAND INCORPORATED,2016,Philippines (the),PH,4110,Construction,1062,370214.7252,181975.8507,53100.27533,392974.4405,193163.1922,56364.7245
37507939,FILINVEST LAND INCORPORATED,2017,Philippines (the),PH,4110,Construction,1134,380364.0877,181298.4134,68271.37558,394592.1915,188080.1594,70825.17141
37507939,FILINVEST LAND INCORPORATED,2018,Philippines (the),PH,4110,Construction,1206,392428.7589,179609.1989,72701.61906,392428.7589,179609.1989,72701.61906
37507939,FILINVEST LAND INCORPORATED,2019,Philippines (the),PH,4110,Construction,1163,486708.3785,216425.2125,168227.1793,483339.1359,214927.0072,167062.6253
37507939,FILINVEST LAND INCORPORATED,2020,Philippines (the),PH,4110,Construction,1022,368573.1629,161064.6965,72041.15441,360078.6495,157352.6351,70380.82042
37507939,FILINVEST LAND INCORPORATED,2021,Philippines (the),PH,4110,Construction,881,339071.3817,174780.6195,96633.02272,323864.6555,166942.031,92299.20984
37507939,FILINVEST LAND INCORPORATED,2022,Philippines (the),PH,4110,Construction,886,347250.4288,177088.0619,99745.24266,314419.5068,160345.2047,90314.79129
37507939,FILINVEST LAND INCORPORATED,2023,Philippines (the),PH,4110,Construction,974,396552.9496,201987.2743,104116.3989,343265.567,174844.9389,90125.60546
37507939,FILINVEST LAND INCORPORATED,2024,Philippines (the),PH,4110,Construction,1028,409672.1533,188545.3111,101727.873,344580.1317,158587.7087,85564.52667
37507376,FILSYN CORPORATION,2024,Philippines (the),PH,2016,Manufacturing,12,11927.4482,7934.257016,14182.61068,10032.31886,6673.598156,11929.16291
37508180,FIRST GEN CORPORATION,2005,Philippines (the),PH,3511,"Electricity, gas, steam and air conditioning supply",119,832508,503424,702043,1234467.963,746492.2859,1041010.528
37508180,FIRST GEN CORPORATION,2006,Philippines (the),PH,3511,"Electricity, gas, steam and air conditioning supply",197,996118,659364,722137,1405243.562,930177.9667,1018733.092
37508180,FIRST GEN CORPORATION,2007,Philippines (the),PH,3511,"Electricity, gas, steam and air conditioning supply",400,1075021,641603,770858,1470037.359,877359.958,1054109.695
37508180,FIRST GEN CORPORATION,2008,Philippines (the),PH,3511,"Electricity, gas, steam and air conditioning supply",2990,1773287,863874,736262,2262454.622,1102176.762,939362.5312
37508180,FIRST GEN CORPORATION,2009,Philippines (the),PH,3511,"Electricity, gas, steam and air conditioning supply",2697.8,1177728,669832,562238,1462559.851,831829.9217,698214.465
37508180,FIRST GEN CORPORATION,2010,Philippines (the),PH,3511,"Electricity, gas, steam and air conditioning supply",2405.6,1187668,821467,580663,1413137.232,977415.9127,690897.2072
37508180,FIRST GEN CORPORATION,2011,Philippines (the),PH,3511,"Electricity, gas, steam and air conditioning supply",2113.4,1350391,988040,520877,1546160.846,1131278.838,596389.9514
37508180,FIRST GEN CORPORATION,2012,Philippines (the),PH,3511,"Electricity, gas, steam and air conditioning supply",1821.2,2075797,1236754,1963127,2330261.405,1388363.175,2203779.599
37508180,FIRST GEN CORPORATION,2013,Philippines (the),PH,3511,"Electricity, gas, steam and air conditioning supply",1529,1904919,1152019,2059215,2095251.629,1267124.579,2264964.328
37508180,FIRST GEN CORPORATION,2014,Philippines (the),PH,3511,"Electricity, gas, steam and air conditioning supply",1236.8,1902630,1059318,2523991,2030734.474,1130642.101,2693931.839
37508180,FIRST GEN CORPORATION,2015,Philippines (the),PH,3511,"Electricity, gas, steam and air conditioning supply",944.6,1836268,969578,2708175,1974111.648,1042361.585,2911470.337
37508180,FIRST GEN CORPORATION,2016,Philippines (the),PH,3511,"Electricity, gas, steam and air conditioning supply",652.4,1641359,683646,2746392,1742264.937,725674.5507,2915232.124
37508180,FIRST GEN CORPORATION,2017,Philippines (the),PH,3511,"Electricity, gas, steam and air conditioning supply",360.2,1722697,872163,2759965,1787137.131,904787.5987,2863205.736
37508180,FIRST GEN CORPORATION,2018,Philippines (the),PH,3511,"Electricity, gas, steam and air conditioning supply",68,2026135,1089919,2570797,2026135,1089919,2570797
37508180,FIRST GEN CORPORATION,2019,Philippines (the),PH,3511,"Electricity, gas, steam and air conditioning supply",61,2151386,1180295,2565385,2136493.014,1172124.399,2547626.102
37508180,FIRST GEN CORPORATION,2020,Philippines (the),PH,3511,"Electricity, gas, steam and air conditioning supply",60,1830300,886551,2638150,1788117.038,866118.6406,2577348.502
37508180,FIRST GEN CORPORATION,2021,Philippines (the),PH,3511,"Electricity, gas, steam and air conditioning supply",59,2194164,1253427,2680924,2095759.791,1197213.11,2560689.502
37508180,FIRST GEN CORPORATION,2022,Philippines (the),PH,3511,"Electricity, gas, steam and air conditioning supply",74,2676826,1705733,2600774,2423744.482,1544463.834,2354882.847
37508180,FIRST GEN CORPORATION,2023,Philippines (the),PH,3511,"Electricity, gas, steam and air conditioning supply",2142,2517010,1469424,2995881,2178783.1,1271968.001,2593305.109
37508180,FIRST GEN CORPORATION,2024,Philippines (the),PH,3511,"Electricity, gas, steam and air conditioning supply",2198,2416300,1381232,3461583,2032378.734,1161770.7,2911578.725
37507265,FIRST PHILIPPINE HOLDINGS CORPORATION,2005,Philippines (the),PH,3512,"Electricity, gas, steam and air conditioning supply",67,1013906.986,513275.6895,1047430.646,1503451.848,761100.6681,1553161.742
37507265,FIRST PHILIPPINE HOLDINGS CORPORATION,2006,Philippines (the),PH,3512,"Electricity, gas, steam and air conditioning supply",77,1280306.123,734755.3583,736566.805,1806153.425,1036534.062,1039089.506
37507265,FIRST PHILIPPINE HOLDINGS CORPORATION,2007,Philippines (the),PH,3512,"Electricity, gas, steam and air conditioning supply",82.5,1431632.064,787468.8897,797951.7281,1957685.123,1076824.254,1091159.01
37507265,FIRST PHILIPPINE HOLDINGS CORPORATION,2008,Philippines (the),PH,3512,"Electricity, gas, steam and air conditioning supply",88,1865262.736,1365926.098,790270.621,2379802.197,1742721.744,1008269.625
37507265,FIRST PHILIPPINE HOLDINGS CORPORATION,2009,Philippines (the),PH,3512,"Electricity, gas, steam and air conditioning supply",1429.5,1452713.752,806670.1024,628311.3174,1804050.518,1001762.126,780267.5207
37507265,FIRST PHILIPPINE HOLDINGS CORPORATION,2010,Philippines (the),PH,3512,"Electricity, gas, steam and air conditioning supply",2771,1483012.445,977896.7932,704682.706,1764550.448,1163542.646,838461.0584
37507265,FIRST PHILIPPINE HOLDINGS CORPORATION,2011,Philippines (the),PH,3512,"Electricity, gas, steam and air conditioning supply",2641,1619923.56,1117487.74,748042.2733,1854768.271,1279492.969,856487.9904
37507265,FIRST PHILIPPINE HOLDINGS CORPORATION,2012,Philippines (the),PH,3512,"Electricity, gas, steam and air conditioning supply",2722,2440838.002,1466789.653,2081132.238,2740051.456,1646598.062,2336250.67
37507265,FIRST PHILIPPINE HOLDINGS CORPORATION,2013,Philippines (the),PH,3512,"Electricity, gas, steam and air conditioning supply",2429,2102355.163,1210654.327,2166794.305,2312414.9,1331618.536,2383292.569
37507265,FIRST PHILIPPINE HOLDINGS CORPORATION,2014,Philippines (the),PH,3512,"Electricity, gas, steam and air conditioning supply",83,2260147.502,1230898.55,2664813.889,2412323.703,1313775.205,2844236.362
37507265,FIRST PHILIPPINE HOLDINGS CORPORATION,2015,Philippines (the),PH,3512,"Electricity, gas, steam and air conditioning supply",83,2090573.71,1026205.313,2826294.353,2247507.396,1103239.757,3038456.589
37507265,FIRST PHILIPPINE HOLDINGS CORPORATION,2016,Philippines (the),PH,3512,"Electricity, gas, steam and air conditioning supply",89,1971653.997,821110.9596,2834581.35,2092865.501,871590.4529,3008843.097
37507265,FIRST PHILIPPINE HOLDINGS CORPORATION,2017,Philippines (the),PH,3512,"Electricity, gas, steam and air conditioning supply",103.5,2125733.557,1111892.276,2835025.843,2205249.891,1153484.317,2941074.346
37507265,FIRST PHILIPPINE HOLDINGS CORPORATION,2018,Philippines (the),PH,3512,"Electricity, gas, steam and air conditioning supply",118,2436461.677,1300508.363,2653592.405,2436461.677,1300508.363,2653592.405
37507265,FIRST PHILIPPINE HOLDINGS CORPORATION,2019,Philippines (the),PH,3512,"Electricity, gas, steam and air conditioning supply",119,2694072.201,1432307.265,2702112.56,2675422.465,1422392.107,2683407.165
37507265,FIRST PHILIPPINE HOLDINGS CORPORATION,2020,Philippines (the),PH,3512,"Electricity, gas, steam and air conditioning supply",123,2290823.478,1101507.169,2780456.238,2238026.822,1076120.71,2716375.006
37507265,FIRST PHILIPPINE HOLDINGS CORPORATION,2021,Philippines (the),PH,3512,"Electricity, gas, steam and air conditioning supply",121,2507109.987,1406802.722,2811005.687,2394670.727,1343710.214,2684937.266
37507265,FIRST PHILIPPINE HOLDINGS CORPORATION,2022,Philippines (the),PH,3512,"Electricity, gas, steam and air conditioning supply",122,3071471.856,1904009.272,2678528.163,2781078.398,1723994.001,2425285.713
37507265,FIRST PHILIPPINE HOLDINGS CORPORATION,2023,Philippines (the),PH,3512,"Electricity, gas, steam and air conditioning supply",125,3031241.53,1745748.356,3107689.781,2623914.016,1511160.867,2690089.421
37507265,FIRST PHILIPPINE HOLDINGS CORPORATION,2024,Philippines (the),PH,3512,"Electricity, gas, steam and air conditioning supply",130,2923259.817,1612834.786,3531819.802,2458788.679,1356574.564,2970655.737
339908885,FRUITAS HOLDINGS INC.,2023,Philippines (the),PH,4631,Wholesale and retail trade; repair of motor vehicles and motorcycles,2107,44866.52099,17061.13321,10684.16494,38837.51661,14768.51848,9248.46465
339908885,FRUITAS HOLDINGS INC.,2024,Philippines (the),PH,4631,Wholesale and retail trade; repair of motor vehicles and motorcycles,2270,50047.50431,19891.14638,15521.71844,42095.55247,16730.68033,13055.50241
37507414,GEOGRACE RESOURCES PHILIPPINES INC,2003,Philippines (the),PH,729,"Professional, scientific and technical activities",3,376.1089671,562.5258471,3529.341763,625.4661158,935.4758523,5869.266295
37507791,GINEBRA SAN MIGUEL INC,2003,Philippines (the),PH,1101,Manufacturing,780,217545.9795,128573.4263,93355.32042,361777.1728,213816.5493,155249.1292
37507791,GINEBRA SAN MIGUEL INC,2004,Philippines (the),PH,1101,Manufacturing,774,232262.5844,142365.701,93367.88765,364763.4326,223582.2955,146632.2752
37507791,GINEBRA SAN MIGUEL INC,2005,Philippines (the),PH,1101,Manufacturing,639.5,196144.6923,130498.714,98693.71163,290849.2637,193507.4278,146346.0113
37507791,GINEBRA SAN MIGUEL INC,2006,Philippines (the),PH,1101,Manufacturing,505,254769.5004,188291.4001,103022.3487,359408.4236,265626.4395,145335.6854
37507791,GINEBRA SAN MIGUEL INC,2007,Philippines (the),PH,1101,Manufacturing,571,318809.9514,239555.2245,128269.4118,435956.636,327579.7677,175401.9943
37507791,GINEBRA SAN MIGUEL INC,2008,Philippines (the),PH,1101,Manufacturing,429,325776.8807,248727.9591,116557.9039,415643.6095,317340.4647,148710.8225
37507791,GINEBRA SAN MIGUEL INC,2009,Philippines (the),PH,1101,Manufacturing,824,426022.1247,318213.472,116200.7053,529054.9729,395172.9501,144303.6815
37507791,GINEBRA SAN MIGUEL INC,2010,Philippines (the),PH,1101,Manufacturing,742,520386.1093,391028.5589,138672.419,619177.2329,465262.1904,164998.2641
37507791,GINEBRA SAN MIGUEL INC,2011,Philippines (the),PH,1101,Manufacturing,814,348588.4278,263472.8725,155626.3933,399124.2376,301669.2494,178187.9736
37507791,GINEBRA SAN MIGUEL INC,2012,Philippines (the),PH,1101,Manufacturing,774,342412.698,244314.3304,167173.6485,384387.8254,274263.9357,187666.8581
37507791,GINEBRA SAN MIGUEL INC,2013,Philippines (the),PH,1101,Manufacturing,772,325005.0736,240042.2671,153151.9152,357478.4072,264026.4238,168454.3016
37507791,GINEBRA SAN MIGUEL INC,2014,Philippines (the),PH,1101,Manufacturing,709,348636.1065,245608.1789,133061.9733,372109.8481,262145.0287,142021.0637
37507791,GINEBRA SAN MIGUEL INC,2015,Philippines (the),PH,1101,Manufacturing,769,353686.7432,249929.6093,118195.8821,380237.0458,268691.1458,127068.5258
37507791,GINEBRA SAN MIGUEL INC,2016,Philippines (the),PH,1101,Manufacturing,905,374149.2604,269458.2956,107535.3026,397150.8594,286023.8012,114146.2576
37507791,GINEBRA SAN MIGUEL INC,2017,Philippines (the),PH,1101,Manufacturing,1011,420278.7549,303012.7893,100104.4775,435999.9283,314347.4488,103849.0394
37507791,GINEBRA SAN MIGUEL INC,2018,Philippines (the),PH,1101,Manufacturing,742,473543.2832,336914.8729,88411.42931,473543.2832,336914.8729,88411.42931
37507791,GINEBRA SAN MIGUEL INC,2019,Philippines (the),PH,1101,Manufacturing,831,576612.4458,403727.9868,91387.25745,572620.8416,400933.1767,90754.62845
37507791,GINEBRA SAN MIGUEL INC,2020,Philippines (the),PH,1101,Manufacturing,878,758133.4806,551390.6691,91143.97254,740660.7625,538682.7569,89043.3755
37507791,GINEBRA SAN MIGUEL INC,2021,Philippines (the),PH,1101,Manufacturing,915,844923.5206,614599.5905,86901.38823,807030.2587,587035.9322,83004.02121
37507791,GINEBRA SAN MIGUEL INC,2022,Philippines (the),PH,1101,Manufacturing,1210,848283.0925,630690.4867,86039.80783,768081.8494,571061.6181,77905.14194
37507791,GINEBRA SAN MIGUEL INC,2023,Philippines (the),PH,1101,Manufacturing,974,1001367.401,720110.4891,92553.49294,866807.1918,623344.5889,80116.48195
37507791,GINEBRA SAN MIGUEL INC,2024,Philippines (the),PH,1101,Manufacturing,1271,1082113.493,799038.3466,111318.0579,910178.558,672080.6783,93630.94546
7088279,GLOBAL FERRONICKEL HOLDINGS INC,2014,Philippines (the),PH,2351,Manufacturing,194,202780.9153,55167.69452,51704.35091,216434.1965,58882.14686,55185.61561
7088279,GLOBAL FERRONICKEL HOLDINGS INC,2015,Philippines (the),PH,2351,Manufacturing,163,138515.4131,63245.98201,43441.86472,148913.3887,67993.686,46702.92744
7088279,GLOBAL FERRONICKEL HOLDINGS INC,2016,Philippines (the),PH,2351,Manufacturing,471,74294.86321,38665.83042,42398.02887,78862.29347,41042.89226,45004.53532
7088279,GLOBAL FERRONICKEL HOLDINGS INC,2017,Philippines (the),PH,2351,Manufacturing,261,114443.8396,46521.50152,40128.13596,118724.7875,48261.70985,41629.19061
7088279,GLOBAL FERRONICKEL HOLDINGS INC,2018,Philippines (the),PH,2351,Manufacturing,224,104534.8083,41837.32445,32936.93715,104534.8083,41837.32445,32936.93715
7088279,GLOBAL FERRONICKEL HOLDINGS INC,2019,Philippines (the),PH,2351,Manufacturing,237,131141.4155,46769.54903,39006.54258,130233.588,46445.78646,38736.51948
7088279,GLOBAL FERRONICKEL HOLDINGS INC,2020,Philippines (the),PH,2351,Manufacturing,250,152070.0053,42786.07579,41163.23047,148565.2447,41799.98421,40214.54064
7088279,GLOBAL FERRONICKEL HOLDINGS INC,2021,Philippines (the),PH,2351,Manufacturing,195,152352.5456,39281.99549,86338.32444,145519.8149,37520.27042,82466.2098
7088279,GLOBAL FERRONICKEL HOLDINGS INC,2022,Philippines (the),PH,2351,Manufacturing,1103,141403.885,35847.36291,105206.6824,128034.8017,32458.16054,95259.8772
7088279,GLOBAL FERRONICKEL HOLDINGS INC,2023,Philippines (the),PH,2351,Manufacturing,514,158607.1391,56274.49682,112279.8951,137294.0728,48712.529,97192.11995
7088279,GLOBAL FERRONICKEL HOLDINGS INC,2024,Philippines (the),PH,2351,Manufacturing,471,131191.2431,61096.33702,113115.3826,110346.5184,51388.85737,95142.69672
37508508,"GLOBAL-ESTATE RESORTS, INC",2004,Philippines (the),PH,6831,Real estate activities,257,20865.39743,9216.735534,49442.70218,32768.66142,14474.68648,77648.70872
37508508,"GLOBAL-ESTATE RESORTS, INC",2005,Philippines (the),PH,6831,Real estate activities,234,9181.732203,4441.709024,58795.70049,13614.94935,6586.300062,87184.03744
37508508,"GLOBAL-ESTATE RESORTS, INC",2006,Philippines (the),PH,6831,Real estate activities,222,8445.095016,809.3158999,54608.47077,11913.66424,1141.718107,77037.26061
37508508,"GLOBAL-ESTATE RESORTS, INC",2007,Philippines (the),PH,6831,Real estate activities,220,10209.04032,1055.988247,57185.33855,13960.35117,1444.011022,78198.08546
37508508,"GLOBAL-ESTATE RESORTS, INC",2008,Philippines (the),PH,6831,Real estate activities,233,15513.8235,991.7259869,55836.44733,19793.36773,1265.297181,71239.13294
37508508,"GLOBAL-ESTATE RESORTS, INC",2009,Philippines (the),PH,6831,Real estate activities,189,15128.60486,4972.16868,12341.08362,18787.43655,6174.680642,15325.75723
37508508,"GLOBAL-ESTATE RESORTS, INC",2010,Philippines (the),PH,6831,Real estate activities,159,12196.96542,8932.271632,12681.26922,14512.46135,10627.99167,15088.70634
37508508,"GLOBAL-ESTATE RESORTS, INC",2011,Philippines (the),PH,6831,Real estate activities,211,5026.224881,768.6214034,11340.6942,5754.890334,880.0505328,12984.7854
37508508,"GLOBAL-ESTATE RESORTS, INC",2012,Philippines (the),PH,6831,Real estate activities,362,28907.65168,8178.626835,201651.7265,32451.33557,9181.214955,226371.4782
37508508,"GLOBAL-ESTATE RESORTS, INC",2013,Philippines (the),PH,6831,Real estate activities,363,37875.28797,13758.92769,189389.769,41659.64999,15133.67007,208312.9109
37508508,"GLOBAL-ESTATE RESORTS, INC",2014,Philippines (the),PH,6831,Real estate activities,509,72714.19043,25301.90313,182914.1378,77610.052,27005.48553,195229.7848
37508508,"GLOBAL-ESTATE RESORTS, INC",2015,Philippines (the),PH,6831,Real estate activities,593,110756.2858,45760.9717,19725.77696,119070.4592,49196.12347,21206.53743
37508508,"GLOBAL-ESTATE RESORTS, INC",2016,Philippines (the),PH,6831,Real estate activities,677,111264.0281,48870.87736,18475.61892,118104.2142,51875.31554,19611.44578
37508508,"GLOBAL-ESTATE RESORTS, INC",2017,Philippines (the),PH,6831,Real estate activities,700,122426.2322,52040.76099,17285.27874,127005.7738,53987.42571,17931.86118
37508508,"GLOBAL-ESTATE RESORTS, INC",2018,Philippines (the),PH,6831,Real estate activities,832,140025.3265,61144.58572,15855.15203,140025.3265,61144.58572,15855.15203
37508508,"GLOBAL-ESTATE RESORTS, INC",2019,Philippines (the),PH,6831,Real estate activities,766,160336.6109,64723.11986,23321.00343,159226.6795,64275.07356,23159.5636
37508508,"GLOBAL-ESTATE RESORTS, INC",2020,Philippines (the),PH,6831,Real estate activities,700,104742.3983,33756.22346,22245.69004,102328.3981,32978.24307,21732.99316
37508508,"GLOBAL-ESTATE RESORTS, INC",2021,Philippines (the),PH,6831,Real estate activities,825,92427.56315,31956.53349,20929.90548,88282.35738,30523.34189,19991.23781
37508508,"GLOBAL-ESTATE RESORTS, INC",2022,Philippines (the),PH,6831,Real estate activities,840,125734.8008,41050.14268,17811.01217,113847.1569,37169.04155,16127.06335
37508508,"GLOBAL-ESTATE RESORTS, INC",2023,Philippines (the),PH,6831,Real estate activities,1008,145312.0721,54001.70904,18978.24227,125785.5498,46745.1504,16428.0132
37508508,"GLOBAL-ESTATE RESORTS, INC",2024,Philippines (the),PH,6831,Real estate activities,1084,138112.4171,45558.60521,17566.12146,116168.0004,38319.88592,14775.07415
37508769,"GLOBALPORT 900, INC",2003,Philippines (the),PH,6420,Financial and insurance activities,6,57.99996177,54.63477628,7.810109653,96.45345891,90.85718314,12.98814805
37508769,"GLOBALPORT 900, INC",2004,Philippines (the),PH,6420,Financial and insurance activities,5.5,281.6926405,78.85616693,42.86704409,442.3922809,123.8419275,67.32177801
37508769,"GLOBALPORT 900, INC",2006,Philippines (the),PH,6420,Financial and insurance activities,4.5,64.05194218,112.0858105,17.11715391,90.35935437,158.1216919,24.14751097
37508769,"GLOBALPORT 900, INC",2008,Philippines (the),PH,6420,Financial and insurance activities,3.5,205.4332971,105.5280627,1.269122238,262.1028139,134.6383599,1.61921419
37508769,"GLOBALPORT 900, INC",2012,Philippines (the),PH,6420,Financial and insurance activities,2,24297.16911,9685.302874,100398.353,27275.6707,10872.58893,112705.822
37508769,"GLOBALPORT 900, INC",2013,Philippines (the),PH,6420,Financial and insurance activities,3,1822.983787,1246.904159,7638.244878,2005.129745,1371.49032,8401.430728
37508769,"GLOBALPORT 900, INC",2014,Philippines (the),PH,6420,Financial and insurance activities,3,157.1598286,67.66479217,7.598000843,167.7414326,72.2206767,8.10957582
37508793,GLOBE TELECOM INC,2002,Philippines (the),PH,6190,Information and communication,3931,862864.6606,165412.9879,1813127.449,1480741.894,283861.3658,3111465.675
37508793,GLOBE TELECOM INC,2003,Philippines (the),PH,6190,Information and communication,4186,911284.4041,172784.4415,1820754.811,1515458.461,287339.1037,3027900.261
37508793,GLOBE TELECOM INC,2004,Philippines (the),PH,6190,Information and communication,4956,995543.9121,119920.8402,1806451.219,1563480.47,188333.1206,2836993.092
37508793,GLOBE TELECOM INC,2005,Philippines (the),PH,6190,Information and communication,4987,1117927.888,115038.7289,1857174.396,1657697.178,170582.8958,2753874.19
37508793,GLOBE TELECOM INC,2006,Philippines (the),PH,6190,Information and communication,5161,1229223.143,94006.65623,1955414.266,1734089.643,132617.0679,2758541.967
37508793,GLOBE TELECOM INC,2007,Philippines (the),PH,6190,Information and communication,5511,1591313.784,80258.37417,2210763.474,2176041.875,109749.3057,3023108.291
37508793,GLOBE TELECOM INC,2008,Philippines (the),PH,6190,Information and communication,5850,1380615.895,65645.40458,1969893.463,1761463.774,83753.92646,2513295.688
37508793,GLOBE TELECOM INC,2009,Philippines (the),PH,6190,Information and communication,5451,1394427.404,63593.7083,2193758.435,1731667.699,78973.7567,2724315.809
37508793,GLOBE TELECOM INC,2010,Philippines (the),PH,6190,Information and communication,5667,1502553.473,96592.45929,2320548.156,1787801.183,114929.7619,2761085.587
37508793,GLOBE TELECOM INC,2011,Philippines (the),PH,6190,Information and communication,5757,1868808.447,134028.1637,2259783.804,2139734.676,153458.5901,2587390.791
37508793,GLOBE TELECOM INC,2012,Philippines (the),PH,6190,Information and communication,5872,2108277.945,186404.13,2462185.934,2366724.071,209254.7344,2764016.353
37508793,GLOBE TELECOM INC,2013,Philippines (the),PH,6190,Information and communication,5987,2152839.944,224098.3977,2486244.756,2367943.938,246489.5005,2734661.356
37508793,GLOBE TELECOM INC,2014,Philippines (the),PH,6190,Information and communication,6182,2322761.461,238952.5094,2627454.989,2479153.473,255041.2316,2804362.08
37508793,GLOBE TELECOM INC,2015,Philippines (the),PH,6190,Information and communication,6864,2588312.672,289725.7122,2735858.912,2782610.27,311474.634,2941232.406
37508793,GLOBE TELECOM INC,2016,Philippines (the),PH,6190,Information and communication,7180,2544206.989,239176.8026,2855720.029,2700617.371,253880.6908,3031281.32
37508793,GLOBE TELECOM INC,2017,Philippines (the),PH,6190,Information and communication,7206,2756516.241,260670.1631,3257068.694,2859627.971,270420.9316,3378904.359
37508793,GLOBE TELECOM INC,2018,Philippines (the),PH,6190,Information and communication,7729,2878470.459,353639.9893,3212839.982,2878470.459,353639.9893,3212839.982
37508793,GLOBE TELECOM INC,2019,Philippines (the),PH,6190,Information and communication,8048,3304203.25,365655.3281,3669967.044,3281329.877,363124.0762,3644561.668
37508793,GLOBE TELECOM INC,2020,Philippines (the),PH,6190,Information and communication,8339,3418803.646,341539.5847,4050987.218,3340010.407,333668.1148,3957624.031
37508793,GLOBE TELECOM INC,2021,Philippines (the),PH,6190,Information and communication,8285,3404211.848,355941.1776,5720135.594,3251539.224,339977.8721,5463598.061
37508793,GLOBE TELECOM INC,2022,Philippines (the),PH,6190,Information and communication,8149,3155038.428,334081.5406,5684375.927,2856744.137,302495.6761,5146944.473
37508793,GLOBE TELECOM INC,2023,Philippines (the),PH,6190,Information and communication,7754,3384767.27,327839.2534,7269556.472,2929934.217,283785.3742,6292699.188
37508793,GLOBE TELECOM INC,2024,Philippines (the),PH,6190,Information and communication,6381,3193669.883,283185.309,7628840.332,2686233.808,238190.5391,6416708.543
44534005,GMA NETWORK INC,2007,Philippines (the),PH,2630,Manufacturing,1247,248555.2243,93023.83858,98079.65841,339886.8166,127205.4387,134119.0191
44534005,GMA NETWORK INC,2008,Philippines (the),PH,2630,Manufacturing,1654,223899.1497,83943.51998,93211.54157,285662.5386,107099.6431,118924.2819
44534005,GMA NETWORK INC,2009,Philippines (the),PH,2630,Manufacturing,1708,251144.0541,90235.11342,95503.44967,311882.8883,112058.348,118600.8239
44534005,GMA NETWORK INC,2010,Philippines (the),PH,2630,Manufacturing,1921,277684.658,102943.2399,97416.49941,330400.8603,122486.1872,115910.2395
44534005,GMA NETWORK INC,2011,Philippines (the),PH,2630,Manufacturing,2157,254799.4294,111108.2942,106132.0374,291738.3937,127215.9649,121518.2867
44534005,GMA NETWORK INC,2012,Philippines (the),PH,2630,Manufacturing,2630,294220.1854,122148.4499,122127.5478,330287.5679,137122.1842,137098.7197
44534005,GMA NETWORK INC,2013,Philippines (the),PH,2630,Manufacturing,2535,292364.2614,127636.0637,121469.6296,321576.2428,140388.9984,133606.4364
44534005,GMA NETWORK INC,2014,Philippines (the),PH,2630,Manufacturing,2598,269545.7366,117602.1708,115954.077,287694.3071,125520.3495,123761.2892
44534005,GMA NETWORK INC,2015,Philippines (the),PH,2630,Manufacturing,2361,293107.025,117324.4281,104532.205,315109.7728,126131.6541,112379.1535
44534005,GMA NETWORK INC,2016,Philippines (the),PH,2630,Manufacturing,2505,336744.3257,122230.7838,91976.63313,357446.3791,129745.1739,97631.08674
44534005,GMA NETWORK INC,2017,Philippines (the),PH,2630,Manufacturing,2509.5,314431.8944,129026.6366,89554.95156,326193.7031,133853.0764,92904.89229
44534005,GMA NETWORK INC,2018,Philippines (the),PH,2630,Manufacturing,2514,290094.0492,119136.2998,103283.0254,290094.0492,119136.2998,103283.0254
44534005,GMA NETWORK INC,2019,Philippines (the),PH,2630,Manufacturing,2568,326385.9958,123501.9705,110912.8171,324126.5862,122647.0271,110145.0222
44534005,GMA NETWORK INC,2020,Philippines (the),PH,2630,Manufacturing,2681,403972.6538,78418.60029,114093.135,394662.2877,76611.28517,111463.6281
44534005,GMA NETWORK INC,2021,Philippines (the),PH,2630,Manufacturing,2821,443911.0852,99105.50868,119248.535,424002.4916,94660.80937,113900.4581
44534005,GMA NETWORK INC,2022,Philippines (the),PH,2630,Manufacturing,2862,386476.1951,129941.0731,180701.0697,349936.6583,117655.7456,163616.6193
44534005,GMA NETWORK INC,2023,Philippines (the),PH,2630,Manufacturing,3305,339013.5654,142288.443,227184.2255,293458.1217,123168.2253,196656.0129
44534005,GMA NETWORK INC,2024,Philippines (the),PH,2630,Manufacturing,3260,306360.5419,133839.914,213858.1831,257683.5038,112574.3471,179878.6671
37507916,GRAND PLAZA HOTEL CORPORATION,2004,Philippines (the),PH,5510,Accommodation and food service activities,616,10300.51349,1122.789543,14043.32895,16176.73664,1763.317018,22054.74845
37507916,GRAND PLAZA HOTEL CORPORATION,2005,Philippines (the),PH,5510,Accommodation and food service activities,550,12263.70483,1215.406984,14697.79767,18184.99129,1802.242121,21794.33754
37507916,GRAND PLAZA HOTEL CORPORATION,2006,Philippines (the),PH,5510,Accommodation and food service activities,529,13652.77222,1332.186772,16031.46637,19260.23851,1879.342492,22615.90987
37507916,GRAND PLAZA HOTEL CORPORATION,2007,Philippines (the),PH,5510,Accommodation and food service activities,526,16876.54862,1579.2855,19872.65978,23077.83471,2159.593799,27174.86662
37507916,GRAND PLAZA HOTEL CORPORATION,2008,Philippines (the),PH,5510,Accommodation and food service activities,473,15431.42063,1430.283264,16678.17225,19688.23373,1824.832067,21278.90628
37507916,GRAND PLAZA HOTEL CORPORATION,2009,Philippines (the),PH,5510,Accommodation and food service activities,401,13628.07377,1253.947684,16380.55451,16924.00413,1557.213158,20342.16845
37507916,GRAND PLAZA HOTEL CORPORATION,2010,Philippines (the),PH,5510,Accommodation and food service activities,408,15550.21106,1398.336586,16422.96942,18502.29374,1663.799557,19540.73827
37507916,GRAND PLAZA HOTEL CORPORATION,2011,Philippines (the),PH,5510,Accommodation and food service activities,400,16368.64919,1497.632534,15855.42298,18741.65665,1714.748384,18154.02665
37507916,GRAND PLAZA HOTEL CORPORATION,2012,Philippines (the),PH,5510,Accommodation and food service activities,374,16685.73978,1581.253626,16285.63782,18731.18394,1775.093757,18282.03494
37507916,GRAND PLAZA HOTEL CORPORATION,2013,Philippines (the),PH,5510,Accommodation and food service activities,335,13120.41279,1345.274044,14581.91145,14431.35707,1479.68897,16038.8834
37507916,GRAND PLAZA HOTEL CORPORATION,2014,Philippines (the),PH,5510,Accommodation and food service activities,334,10465.69704,1261.537096,14000.56047,11170.3546,1346.476651,14943.22112
37507916,GRAND PLAZA HOTEL CORPORATION,2015,Philippines (the),PH,5510,Accommodation and food service activities,331,9503.265024,1155.641771,12528.55866,10216.6493,1242.392658,13469.0435
37507916,GRAND PLAZA HOTEL CORPORATION,2016,Philippines (the),PH,5510,Accommodation and food service activities,320,7399.233174,934.836293,11335.05316,7854.116325,992.3072862,12031.89898
37507916,GRAND PLAZA HOTEL CORPORATION,2017,Philippines (the),PH,5510,Accommodation and food service activities,313,7667.527731,2867.35563,10192.95681,7954.3434,2974.613478,10574.24003
37507916,GRAND PLAZA HOTEL CORPORATION,2018,Philippines (the),PH,5510,Accommodation and food service activities,306,7852.648086,2731.943823,9106.119044,7852.648086,2731.943823,9106.119044
37507916,GRAND PLAZA HOTEL CORPORATION,2019,Philippines (the),PH,5510,Accommodation and food service activities,230,8696.890258,2917.803085,12194.95899,8636.685967,2897.60457,12110.53929
37507916,GRAND PLAZA HOTEL CORPORATION,2020,Philippines (the),PH,5510,Accommodation and food service activities,154,6867.786448,1716.087881,12159.65072,6709.50443,1676.537168,11879.407
37507916,GRAND PLAZA HOTEL CORPORATION,2021,Philippines (the),PH,5510,Accommodation and food service activities,167,6597.687921,1377.358517,10841.4545,6301.793784,1315.586528,10355.23526
37507916,GRAND PLAZA HOTEL CORPORATION,2022,Philippines (the),PH,5510,Accommodation and food service activities,222,5263.791891,1788.524596,9806.379219,4766.124713,1619.427867,8879.231418
37507916,GRAND PLAZA HOTEL CORPORATION,2023,Philippines (the),PH,5510,Accommodation and food service activities,287,8427.50184,2716.378395,9607.464754,7295.043953,2351.361075,8316.447625
37507916,GRAND PLAZA HOTEL CORPORATION,2024,Philippines (the),PH,5510,Accommodation and food service activities,271,9100.97536,2940.03163,10903.24717,7654.938863,2472.895651,9170.851169
37508447,GREENERGY HOLDINGS INCORPORATED,2003,Philippines (the),PH,6420,Financial and insurance activities,40,5286.796392,1614.78516,193.0032858,8791.898872,2685.374426,320.9628752
37508447,GREENERGY HOLDINGS INCORPORATED,2004,Philippines (the),PH,6420,Financial and insurance activities,37.5,3795.368463,367.4089563,127.2504294,5960.545183,577.0079257,199.844084
37508447,GREENERGY HOLDINGS INCORPORATED,2005,Philippines (the),PH,6420,Financial and insurance activities,35,3316.58105,763.6572919,37.34901302,4917.926378,1132.374057,55.38224261
37508447,GREENERGY HOLDINGS INCORPORATED,2006,Philippines (the),PH,6420,Financial and insurance activities,32.5,3750.854867,938.9603586,50.47626838,5291.405891,1324.610135,71.20788016
37508447,GREENERGY HOLDINGS INCORPORATED,2007,Philippines (the),PH,6420,Financial and insurance activities,30,3719.30624,1354.870635,43.91198213,5085.964945,1852.717713,60.04743556
37508447,GREENERGY HOLDINGS INCORPORATED,2010,Philippines (the),PH,6420,Financial and insurance activities,12,1415.107693,246.3939887,44.001368,1683.754524,293.1699086,52.35467433
37508447,GREENERGY HOLDINGS INCORPORATED,2011,Philippines (the),PH,6420,Financial and insurance activities,12,659.2378634,294.1404204,47.89655943,754.8093644,336.7827548,54.84025355
37508447,GREENERGY HOLDINGS INCORPORATED,2012,Philippines (the),PH,6420,Financial and insurance activities,16,21.1934354,258.7478655,36.58477337,23.79146157,290.4668254,41.06956769
37508447,GREENERGY HOLDINGS INCORPORATED,2013,Philippines (the),PH,6420,Financial and insurance activities,2,2.138965242,223.3553107,24.87954307,2.352682926,245.672167,27.36541719
37508447,GREENERGY HOLDINGS INCORPORATED,2014,Philippines (the),PH,6420,Financial and insurance activities,3,0.291368764,187.9627559,46.75348011,0.310986683,200.6183274,49.90140166
37508447,GREENERGY HOLDINGS INCORPORATED,2015,Philippines (the),PH,6420,Financial and insurance activities,3,5.788067652,152.5702011,34.11355623,6.22256216,164.0232315,36.67436819
37508447,GREENERGY HOLDINGS INCORPORATED,2016,Philippines (the),PH,6420,Financial and insurance activities,2,5.962299032,117.1776463,81.44460328,6.328843687,124.3813843,86.45157858
37508447,GREENERGY HOLDINGS INCORPORATED,2017,Philippines (the),PH,6420,Financial and insurance activities,1,28.04318555,81.7850915,24.97846598,29.09218404,84.84438866,25.91282393
37508447,GREENERGY HOLDINGS INCORPORATED,2018,Philippines (the),PH,6420,Financial and insurance activities,1,73.30627731,46.39253669,1967.71877,73.30627731,46.39253669,1967.71877
37508447,GREENERGY HOLDINGS INCORPORATED,2019,Philippines (the),PH,6420,Financial and insurance activities,3,207.5713381,54.68626823,3045.049656,206.1344239,54.30770211,3023.970276
37508447,GREENERGY HOLDINGS INCORPORATED,2020,Philippines (the),PH,6420,Financial and insurance activities,3,208.8225433,179.9900019,2948.455234,204.0098058,175.8417686,2880.502125
37508447,GREENERGY HOLDINGS INCORPORATED,2021,Philippines (the),PH,6420,Financial and insurance activities,3,796.3721745,342.6950868,2738.370085,760.656351,327.3258441,2615.559236
37508447,GREENERGY HOLDINGS INCORPORATED,2022,Philippines (the),PH,6420,Financial and insurance activities,5,747.6300808,696.4183914,2133.980762,676.9451145,630.5752534,1932.222751
37508447,GREENERGY HOLDINGS INCORPORATED,2023,Philippines (the),PH,6420,Financial and insurance activities,3,146.3818437,176.7775818,2222.30818,126.7115693,153.0228357,1923.682267
37508447,GREENERGY HOLDINGS INCORPORATED,2024,Philippines (the),PH,6420,Financial and insurance activities,3,82.1008698,155.221149,2242.21733,69.05602027,130.5583587,1885.955725
84036033,"GT CAPITAL HOLDINGS, INC",2011,Philippines (the),PH,6419,Financial and insurance activities,16987,86490.50977,51527.38726,9023.106261,99029.27355,58997.45234,10331.21045
84036033,"GT CAPITAL HOLDINGS, INC",2012,Philippines (the),PH,6419,Financial and insurance activities,12971,442599.141,49109.75383,817178.7886,496855.76,55129.93994,917353.7644
84036033,"GT CAPITAL HOLDINGS, INC",2013,Philippines (the),PH,6419,Financial and insurance activities,14855,2261388.219,1556322.21,926812.0181,2487337.965,1711824.306,1019415.729
84036033,"GT CAPITAL HOLDINGS, INC",2014,Philippines (the),PH,6419,Financial and insurance activities,13689.5,3092153.136,2124979.717,1004117.903,3300348.45,2268055.043,1071725.37
84036033,"GT CAPITAL HOLDINGS, INC",2015,Philippines (the),PH,6419,Financial and insurance activities,12524,3263622.087,2317156.417,1101895.429,3508613.327,2491099.051,1184611.724
84036033,"GT CAPITAL HOLDINGS, INC",2016,Philippines (the),PH,6419,Financial and insurance activities,12524,4031598.2,3281031.075,188043.2829,4279449.032,3482739.241,199603.6324
84036033,"GT CAPITAL HOLDINGS, INC",2017,Philippines (the),PH,6419,Financial and insurance activities,16605.5,4586983.798,3960959.743,233780.0132,4758566.983,4109125.535,242524.9142
84036033,"GT CAPITAL HOLDINGS, INC",2018,Philippines (the),PH,6419,Financial and insurance activities,20687,3832239.751,3301798.184,258667.7904,3832239.751,3301798.184,258667.7904
84036033,"GT CAPITAL HOLDINGS, INC",2019,Philippines (the),PH,6419,Financial and insurance activities,17336.5,4120368.903,3515371.269,259321.2986,4091845.618,3491036.084,257526.1449
84036033,"GT CAPITAL HOLDINGS, INC",2020,Philippines (the),PH,6419,Financial and insurance activities,13986,2613456.493,2180489.565,241735.3577,2553224.107,2130235.777,236164.0778
84036033,"GT CAPITAL HOLDINGS, INC",2021,Philippines (the),PH,6419,Financial and insurance activities,13651,3176606.199,2721727.709,293811.7991,3034141.268,2599663.24,280634.8818
84036033,"GT CAPITAL HOLDINGS, INC",2022,Philippines (the),PH,6419,Financial and insurance activities,20108,4055702.08,3516286.54,248592.303,3672254.206,3183837.911,225089.0505
84036033,"GT CAPITAL HOLDINGS, INC",2023,Philippines (the),PH,6419,Financial and insurance activities,21162,5065308.489,4190094.793,244551.6196,4384650.252,3627044.677,211689.638
84036033,"GT CAPITAL HOLDINGS, INC",2024,Philippines (the),PH,6419,Financial and insurance activities,22413,5067914.493,4219171.111,278191.4629,4262683.292,3548795.116,233990.1556
84017310,HARBOR STAR SHIPPING SERVICES INC,2013,Philippines (the),PH,5222,Transportation and storage,336,20345.79235,9175.3053,31923.33574,22378.67046,10092.06868,35113.00019
84017310,HARBOR STAR SHIPPING SERVICES INC,2014,Philippines (the),PH,5222,Transportation and storage,406,24982.15953,12032.9248,38350.20325,26664.21353,12843.10413,40932.33041
84017310,HARBOR STAR SHIPPING SERVICES INC,2015,Philippines (the),PH,5222,Transportation and storage,416,22124.22075,9717.0843,40771.46657,23785.02587,10446.51941,43832.06975
84017310,HARBOR STAR SHIPPING SERVICES INC,2016,Philippines (the),PH,5222,Transportation and storage,490,27424.34721,13667.35599,39524.14051,29110.31564,14507.58494,41953.96873
84017310,HARBOR STAR SHIPPING SERVICES INC,2017,Philippines (the),PH,5222,Transportation and storage,539,27508.00138,12437.89393,41655.02732,28536.98049,12903.15249,43213.19769
84017310,HARBOR STAR SHIPPING SERVICES INC,2018,Philippines (the),PH,5222,Transportation and storage,542,29486.72457,12646.70792,42475.53478,29486.72457,12646.70792,42475.53478
84017310,HARBOR STAR SHIPPING SERVICES INC,2019,Philippines (the),PH,5222,Transportation and storage,605,27670.20727,13463.14833,81755.18274,27478.66004,13369.94958,81189.23185
84017310,HARBOR STAR SHIPPING SERVICES INC,2020,Philippines (the),PH,5222,Transportation and storage,581,36907.56818,15980.53494,80054.4775,36056.95869,15612.23122,78209.46029
84017310,HARBOR STAR SHIPPING SERVICES INC,2021,Philippines (the),PH,5222,Transportation and storage,607,38487.43526,18890.75154,78076.69431,36761.34476,18043.53617,74575.09855
84017310,HARBOR STAR SHIPPING SERVICES INC,2022,Philippines (the),PH,5222,Transportation and storage,609,48584.30165,21374.57241,78878.17203,43990.88063,19353.70545,71420.60568
84017310,HARBOR STAR SHIPPING SERVICES INC,2023,Philippines (the),PH,5222,Transportation and storage,612,48890.86993,21661.38151,82777.40292,42321.08777,18750.60169,71654.06833
84017310,HARBOR STAR SHIPPING SERVICES INC,2024,Philippines (the),PH,5222,Transportation and storage,631,57243.81878,26694.9694,79913.58748,48148.45835,22453.45698,67216.27104
144113302,"HAUS TALK, INC",2020,Philippines (the),PH,9499,Other service activities,260,5935.23589,3845.324221,212.4864619,5798.446384,3756.700954,207.589282
144113302,"HAUS TALK, INC",2021,Philippines (the),PH,9499,Other service activities,197,8468.645534,5105.684111,17021.9013,8088.842398,4876.703593,16258.50042
144113302,"HAUS TALK, INC",2022,Philippines (the),PH,9499,Other service activities,127,11088.47117,5983.838223,18286.42201,10040.1075,5418.093994,16557.52539
144113302,"HAUS TALK, INC",2023,Philippines (the),PH,9499,Other service activities,118,18255.3132,10478.91723,18833.80402,15802.22879,9070.797396,16302.98406
144113302,"HAUS TALK, INC",2024,Philippines (the),PH,9499,Other service activities,118,24180.42126,13317.56089,18537.69725,20338.44056,11201.55922,15592.27814
39782571,I-REMIT INC,2007,Philippines (the),PH,7490,"Professional, scientific and technical activities",258,13900.48528,3751.092911,460.3028842,19008.2172,5129.431625,629.4411328
39782571,I-REMIT INC,2008,Philippines (the),PH,7490,"Professional, scientific and technical activities",330,16605.15972,4140.907703,650.1842763,21185.75298,5283.192045,829.5399566
39782571,I-REMIT INC,2009,Philippines (the),PH,7490,"Professional, scientific and technical activities",345,18089.20061,4981.814554,600.1380502,22464.04819,6186.659357,745.2805887
39782571,I-REMIT INC,2010,Philippines (the),PH,7490,"Professional, scientific and technical activities",312,17893.03894,4737.974336,615.5406285,21289.88869,5637.440712,732.3960734
39782571,I-REMIT INC,2011,Philippines (the),PH,7490,"Professional, scientific and technical activities",369,18720.97579,4553.451238,437.238221,21435.00642,5213.577413,500.6258318
39782571,I-REMIT INC,2012,Philippines (the),PH,7490,"Professional, scientific and technical activities",347,19302.43717,5096.013738,570.3777375,21668.65275,5720.715529,640.29827
39782571,I-REMIT INC,2013,Philippines (the),PH,7490,"Professional, scientific and technical activities",375,18275.52166,4840.500857,609.1998162,20101.5458,5324.146226,670.0688624
39782571,I-REMIT INC,2014,Philippines (the),PH,7490,"Professional, scientific and technical activities",343.5,17612.81593,4553.42139,566.0846823,18798.69049,4860.0042,604.1992817
39782571,I-REMIT INC,2015,Philippines (the),PH,7490,"Professional, scientific and technical activities",312,14729.84771,4844.358204,641.0125912,15835.57735,5208.011009,689.1316643
39782571,I-REMIT INC,2016,Philippines (the),PH,7490,"Professional, scientific and technical activities",330,15565.61549,5102.924968,538.2129194,16522.54387,5416.637827,571.3006709
39782571,I-REMIT INC,2017,Philippines (the),PH,7490,"Professional, scientific and technical activities",289,17237.14461,5130.84132,554.9145494,17881.92652,5322.768333,575.6719818
39782571,I-REMIT INC,2018,Philippines (the),PH,7490,"Professional, scientific and technical activities",287,17147.97888,5509.369782,506.3917976,17147.97888,5509.369782,506.3917976
39782571,I-REMIT INC,2019,Philippines (the),PH,7490,"Professional, scientific and technical activities",281,16866.70342,6698.703283,3462.596557,16749.94354,6652.331458,3438.626705
39782571,I-REMIT INC,2020,Philippines (the),PH,7490,"Professional, scientific and technical activities",275,14250.45755,5774.02347,2920.705214,13922.02696,5640.949431,2853.39166
39782571,I-REMIT INC,2021,Philippines (the),PH,7490,"Professional, scientific and technical activities",261,11070.6663,4987.158879,2472.584442,10574.16733,4763.494,2361.693589
39782571,I-REMIT INC,2022,Philippines (the),PH,7490,"Professional, scientific and technical activities",255,9004.864605,4556.147556,2634.764798,8153.496304,4125.384876,2385.659972
39782571,I-REMIT INC,2023,Philippines (the),PH,7490,"Professional, scientific and technical activities",221,2246.297238,546.1154941,2053.053048,1944.447761,472.7304257,1777.171042
39782571,I-REMIT INC,2024,Philippines (the),PH,7490,"Professional, scientific and technical activities",192,906.8845185,185.4897039,1290.619468,762.7913791,156.0176011,1085.555419
37507650,INTEGRATED MICRO-ELECTRONICS INC,2008,Philippines (the),PH,2620,Manufacturing,12517,443028,349693,75907,565238.8735,446157.0767,96846.22003
37507650,INTEGRATED MICRO-ELECTRONICS INC,2009,Philippines (the),PH,2620,Manufacturing,12627,402029,333005,63128,499259.145,413541.7882,78395.4175
37507650,INTEGRATED MICRO-ELECTRONICS INC,2010,Philippines (the),PH,2620,Manufacturing,12737,414790,348239,74624,493534.5503,414349.3774,88790.76709
37507650,INTEGRATED MICRO-ELECTRONICS INC,2011,Philippines (the),PH,2620,Manufacturing,15375,596329,509386,97505,682780.4324,583233.0699,111640.5643
37507650,INTEGRATED MICRO-ELECTRONICS INC,2012,Philippines (the),PH,2620,Manufacturing,14913,662068,578199,88071,743228.5083,649078.3126,98867.30359
37507650,INTEGRATED MICRO-ELECTRONICS INC,2013,Philippines (the),PH,2620,Manufacturing,14281,747851,651074,85654,822573.5718,716126.9634,94212.23843
37507650,INTEGRATED MICRO-ELECTRONICS INC,2014,Philippines (the),PH,2620,Manufacturing,15424,846070,724090,81688,903036.0691,772843.1303,87188.07003
37507650,INTEGRATED MICRO-ELECTRONICS INC,2015,Philippines (the),PH,2620,Manufacturing,14428,815418,694697,93102,876629.2131,746846.0158,100090.9141
37507650,INTEGRATED MICRO-ELECTRONICS INC,2016,Philippines (the),PH,2620,Manufacturing,14850,843931,714863,117405,895813.4024,758810.6803,124622.715
37507650,INTEGRATED MICRO-ELECTRONICS INC,2017,Philippines (the),PH,2620,Manufacturing,16748,1097993,930209,164596,1139065.117,965004.8986,170752.9666
37507650,INTEGRATED MICRO-ELECTRONICS INC,2018,Philippines (the),PH,2620,Manufacturing,17148,1395665,1174304,196828,1395665,1174304,196828
37507650,INTEGRATED MICRO-ELECTRONICS INC,2019,Philippines (the),PH,2620,Manufacturing,17215,1261190,1096607,226322,1252459.402,1089015.729,224755.2842
37507650,INTEGRATED MICRO-ELECTRONICS INC,2020,Philippines (the),PH,2620,Manufacturing,15834,1148701,989865,210612,1122226.864,967051.5607,205758.0208
37507650,INTEGRATED MICRO-ELECTRONICS INC,2021,Philippines (the),PH,2620,Manufacturing,14455,1308507,1157119,190425,1249822.874,1105224.347,181884.7899
37507650,INTEGRATED MICRO-ELECTRONICS INC,2022,Philippines (the),PH,2620,Manufacturing,14076,1413779,1264359,165375,1280112.734,1144819.704,149739.5586
37507650,INTEGRATED MICRO-ELECTRONICS INC,2023,Philippines (the),PH,2620,Manufacturing,12659,1331199,1171997,158198,1152317.187,1014508.189,136939.9124
37507650,INTEGRATED MICRO-ELECTRONICS INC,2024,Philippines (the),PH,2620,Manufacturing,10368,1102743,981622,143237,927530.2826,825653.9657,120478.3482
37507817,INTERNATIONAL CONTAINER TERMINAL SERVICES INC.,2006,Philippines (the),PH,5224,Transportation and storage,1229,245068.1855,63043.73977,197060.5119,345722.5849,88937.06311,277997.2008
37507817,INTERNATIONAL CONTAINER TERMINAL SERVICES INC.,2007,Philippines (the),PH,5224,Transportation and storage,1305,363499.9824,50590.00913,263438.7776,497068.0144,69179.30291,360239.33
37507817,INTERNATIONAL CONTAINER TERMINAL SERVICES INC.,2008,Philippines (the),PH,5224,Transportation and storage,5141,464154,62882,261066,592192.5568,80228.22675,333081.9987
37507817,INTERNATIONAL CONTAINER TERMINAL SERVICES INC.,2009,Philippines (the),PH,5224,Transportation and storage,4964,422737,60827,326814,524975.3455,75537.92391,405853.5036
37507817,INTERNATIONAL CONTAINER TERMINAL SERVICES INC.,2010,Philippines (the),PH,5224,Transportation and storage,4832,543027,76427,344621,646116.3148,90936.05216,410044.5292
37507817,INTERNATIONAL CONTAINER TERMINAL SERVICES INC.,2011,Philippines (the),PH,5224,Transportation and storage,5071,675878,94115,379436,773861.8667,107759.1068,434443.866
37507817,INTERNATIONAL CONTAINER TERMINAL SERVICES INC.,2012,Philippines (the),PH,5224,Transportation and storage,6645,732182,102892,581017,821937.5286,115505.1561,652241.761
37507817,INTERNATIONAL CONTAINER TERMINAL SERVICES INC.,2013,Philippines (the),PH,5224,Transportation and storage,7053,856787,115535,708148,942394.0636,127078.8401,778903.5914
37507817,INTERNATIONAL CONTAINER TERMINAL SERVICES INC.,2014,Philippines (the),PH,5224,Transportation and storage,7909,1118826,163648,934436,1194156.787,174666.4539,997351.7703
37507817,INTERNATIONAL CONTAINER TERMINAL SERVICES INC.,2015,Philippines (the),PH,5224,Transportation and storage,7962,1057459,169003,1148856,1136839.573,181689.5959,1235097.498
37507817,INTERNATIONAL CONTAINER TERMINAL SERVICES INC.,2016,Philippines (the),PH,5224,Transportation and storage,8009,1139905,183702,1381483,1209983.016,194995.4601,1466412.523
37507817,INTERNATIONAL CONTAINER TERMINAL SERVICES INC.,2017,Philippines (the),PH,5224,Transportation and storage,7628,1267596,190527,1456192,1315012.378,197653.9555,1510663.102
37507690,IONICS INC.,2001,Philippines (the),PH,2611,Manufacturing,7509,286622.764,248103.7951,77977.18373,512677.9609,443779.6426,139476.6521
37507690,IONICS INC.,2002,Philippines (the),PH,2611,Manufacturing,5457,196889.6904,174129.652,61387.90118,337877.8,298819.8296,105346.3437
37507690,IONICS INC.,2003,Philippines (the),PH,2611,Manufacturing,3405,121625.5059,113991.5017,28558.11584,202262.215,189566.9288,47491.91151
37507690,IONICS INC.,2004,Philippines (the),PH,2611,Manufacturing,3417,77379,73067,13906,121522.0683,114750.1643,21839.07626
37507690,IONICS INC.,2005,Philippines (the),PH,2611,Manufacturing,3429,64220,62454,9947,95227.35229,92608.67424,14749.71151
37507690,IONICS INC.,2006,Philippines (the),PH,2611,Manufacturing,3441,129384,124771,16007,182524.5935,176016.9422,22581.39467
37507690,IONICS INC.,2007,Philippines (the),PH,2611,Manufacturing,2713,120346,122238,14830,164567.1256,167154.3408,20279.28201
37507690,IONICS INC.,2008,Philippines (the),PH,2611,Manufacturing,1983,105330,98881,11021,134385.6608,126157.6809,14061.18264
37507690,IONICS INC.,2009,Philippines (the),PH,2611,Manufacturing,1243,75250,68204,9116,93449.10606,84699.04092,11320.69171
37507690,IONICS INC.,2010,Philippines (the),PH,2611,Manufacturing,1227,87848,77843,7604,104525.2373,92620.86838,9047.558331
37507690,IONICS INC.,2011,Philippines (the),PH,2611,Manufacturing,1116,75817,63442,6041,86808.39611,72639.3588,6916.780154
37507690,IONICS INC.,2012,Philippines (the),PH,2611,Manufacturing,1352,80182,67221,7750,90011.21977,75461.37792,8700.044315
37507690,IONICS INC.,2013,Philippines (the),PH,2611,Manufacturing,1491,66429,55238,8804,73066.34584,60757.18152,9683.663893
37507690,IONICS INC.,2014,Philippines (the),PH,2611,Manufacturing,1530,65858,51433,10528,70292.23284,54895.99459,11236.85243
37507690,IONICS INC.,2015,Philippines (the),PH,2611,Manufacturing,1544,66161,57469,13068,71127.52646,61783.04164,14048.97924
37507690,IONICS INC.,2016,Philippines (the),PH,2611,Manufacturing,1515,51145,41205,15384,54289.24458,43738.16253,16329.76319
37507690,IONICS INC.,2017,Philippines (the),PH,2611,Manufacturing,2042,55102,42639,21164,57163.17507,44233.97739,21955.67198
37507690,IONICS INC.,2018,Philippines (the),PH,2611,Manufacturing,2075,57313,44250,17809,57313,44250,17809
37507690,IONICS INC.,2019,Philippines (the),PH,2611,Manufacturing,2316,60125,47227,23601,59708.78422,46900.07072,23437.62189
37507690,IONICS INC.,2020,Philippines (the),PH,2611,Manufacturing,2331,53846,44992,26401,52605.01011,43955.06844,25792.5356
37507690,IONICS INC.,2021,Philippines (the),PH,2611,Manufacturing,2361,62491,50598,25634,59688.39388,48328.773,24484.36237
37507690,IONICS INC.,2022,Philippines (the),PH,2611,Manufacturing,2938,78384,63513,25816,70973.15533,57508.1396,23375.2166
37507690,IONICS INC.,2023,Philippines (the),PH,2611,Manufacturing,2797,98146,79847,28322,84957.48769,69117.44258,24516.18982
37507690,IONICS INC.,2024,Philippines (the),PH,2611,Manufacturing,2608,107702,90560,22010,90589.43607,76171.09552,18512.87337
37507913,IPEOPLE INC,2003,Philippines (the),PH,6209,Information and communication,1306,24346.45122,668.3942228,38044.3758,40487.94793,1111.53409,63267.48372
37507913,IPEOPLE INC,2004,Philippines (the),PH,6209,Information and communication,1170,24430.83837,717.0988234,38805.94261,38368.11034,1126.1884,60943.90479
37507913,IPEOPLE INC,2005,Philippines (the),PH,6209,Information and communication,1082,24312.79417,531.1964319,41406.16733,36051.74424,787.6740853,61398.31336
37507913,IPEOPLE INC,2006,Philippines (the),PH,6209,Information and communication,949,25836.58327,956.4235191,58161.19883,36448.18415,1349.245765,82049.16506
37507913,IPEOPLE INC,2007,Philippines (the),PH,6209,Information and communication,785,31653.75184,2062.65546,74661.16646,43284.91978,2820.578002,102095.4046
37507913,IPEOPLE INC,2008,Philippines (the),PH,6209,Information and communication,876,29369.99087,2148.657496,63451.13268,37471.80889,2741.372424,80954.35673
37507913,IPEOPLE INC,2009,Philippines (the),PH,6209,Information and communication,951,32162.56732,1737.423385,64299.39903,39941.03873,2157.616773,79850.11773
37507913,IPEOPLE INC,2010,Philippines (the),PH,6209,Information and communication,1026,37628.34749,2761.011785,68494.04247,44771.78706,3285.167698,81497.08635
37507913,IPEOPLE INC,2011,Philippines (the),PH,6209,Information and communication,1000.888889,39552.5417,2286.924126,69218.72361,45286.58094,2618.465719,79253.5497
37507913,IPEOPLE INC,2012,Philippines (the),PH,6209,Information and communication,975.7777778,45798.38272,20953.04892,74729.14568,51412.6399,23521.60699,83889.91988
37507913,IPEOPLE INC,2013,Philippines (the),PH,6209,Information and communication,950.6666667,46306.90882,21379.63305,71900.0107,50933.72796,23515.8088,79084.00018
37507913,IPEOPLE INC,2014,Philippines (the),PH,6209,Information and communication,925.5555556,51590.02229,24273.57311,83974.00184,55063.58922,25907.91784,89627.98885
37507913,IPEOPLE INC,2015,Philippines (the),PH,6209,Information and communication,900.4444444,51639.63427,23952.42326,103043.7387,55516.08127,25750.46657,110778.9521
37507913,IPEOPLE INC,2016,Philippines (the),PH,6209,Information and communication,875.3333333,47554.99595,23726.65783,104941.3412,50478.53761,25185.30316,111392.827
37507913,IPEOPLE INC,2017,Philippines (the),PH,6209,Information and communication,850.2222222,38788.25258,20769.98507,130007.5472,40239.18684,21546.91831,134870.6795
37507913,IPEOPLE INC,2018,Philippines (the),PH,6209,Information and communication,825.1111111,34521.71834,19935.77962,166292.4925,34521.71834,19935.77962,166292.4925
37507913,IPEOPLE INC,2019,Philippines (the),PH,6209,Information and communication,800,59056.69626,28893.64255,256824.7079,58647.87581,28693.62608,255046.8368
37507913,IPEOPLE INC,2020,Philippines (the),PH,6209,Information and communication,600,63519.17116,30580.20973,252980.8607,62055.24349,29875.427,247150.4055
37507913,IPEOPLE INC,2021,Philippines (the),PH,6209,Information and communication,450,66623.41091,27644.26729,239832.281,63635.47379,26404.47288,229076.2455
37507913,IPEOPLE INC,2022,Philippines (the),PH,6209,Information and communication,441,71103.45711,29901.76417,236168.8532,64380.95409,27074.69067,213840.1804
37507913,IPEOPLE INC,2023,Philippines (the),PH,6209,Information and communication,1848,81456.81698,36893.64149,276884.7486,70510.93805,31936.00445,239677.9555
37507913,IPEOPLE INC,2024,Philippines (the),PH,6209,Information and communication,1895,92458.97271,42375.6667,288253.9992,77768.3441,35642.6784,242453.8749
37508559,IPM HOLDINGS INC.,2013,Philippines (the),PH,729,"Professional, scientific and technical activities",33,6575.224184,1852.343899,8560.183928,7232.196844,2037.423414,9415.486599
37508559,IPM HOLDINGS INC.,2014,Philippines (the),PH,729,"Professional, scientific and technical activities",34,6306.251048,1560.705577,6197.077413,6730.852243,1665.788208,6614.327925
37508559,IPM HOLDINGS INC.,2015,Philippines (the),PH,729,"Professional, scientific and technical activities",34,6720.794612,1184.030865,5444.790717,7225.306398,1272.912844,5853.516358
37508559,IPM HOLDINGS INC.,2016,Philippines (the),PH,729,"Professional, scientific and technical activities",42,7119.908498,1089.835993,3362.857105,7557.619588,1156.835913,3569.595695
37508559,IPM HOLDINGS INC.,2017,Philippines (the),PH,729,"Professional, scientific and technical activities",50,5907.016604,759.0088477,3278.909408,6127.977646,787.4007412,3401.562059
37508559,IPM HOLDINGS INC.,2018,Philippines (the),PH,729,"Professional, scientific and technical activities",57,3963.641016,173.9056291,2439.704982,3963.641016,173.9056291,2439.704982
37508559,IPM HOLDINGS INC.,2019,Philippines (the),PH,729,"Professional, scientific and technical activities",57,4453.058482,368.7726621,2230.647955,4422.23215,366.2198305,2215.206277
37508559,IPM HOLDINGS INC.,2020,Philippines (the),PH,729,"Professional, scientific and technical activities",57,5384.461487,2758.701722,3742.255692,5260.365691,2695.121866,3656.007847
37508559,IPM HOLDINGS INC.,2021,Philippines (the),PH,729,"Professional, scientific and technical activities",57,5422.893712,3060.857979,4378.461502,5179.686929,2923.584143,4182.095578
37508559,IPM HOLDINGS INC.,2022,Philippines (the),PH,729,"Professional, scientific and technical activities",74,5482.947273,3054.258741,3766.945842,4964.559967,2765.492703,3410.798535
37508559,IPM HOLDINGS INC.,2023,Philippines (the),PH,729,"Professional, scientific and technical activities",115,4060.395513,877.8231586,3768.945555,3514.773927,759.8643876,3262.487983
37508559,IPM HOLDINGS INC.,2024,Philippines (the),PH,729,"Professional, scientific and technical activities",139,3611.662596,784.655405,5247.0609,3037.812463,659.9830146,4413.365471
264298364,ITALPINAS DEVELOPMENT CORPORATION,2019,Philippines (the),PH,4120,Construction,54,13107.63832,5128.921637,248.3446314,13016.90059,5093.416637,246.6254638
264298364,ITALPINAS DEVELOPMENT CORPORATION,2020,Philippines (the),PH,4120,Construction,54,5521.608623,2599.362897,290.6361805,5394.351994,2539.455327,283.9378824
264298364,ITALPINAS DEVELOPMENT CORPORATION,2021,Philippines (the),PH,4120,Construction,63,7093.886773,1541.635513,176.6258356,6775.739032,1472.496003,168.7044925
264298364,ITALPINAS DEVELOPMENT CORPORATION,2022,Philippines (the),PH,4120,Construction,71,3977.77977,1594.707774,257.5908775,3601.69909,1443.93553,233.2368514
264298364,ITALPINAS DEVELOPMENT CORPORATION,2023,Philippines (the),PH,4120,Construction,104,5804.740158,2470.603028,228.948834,5024.719709,2138.612132,198.1834995
264298364,ITALPINAS DEVELOPMENT CORPORATION,2024,Philippines (the),PH,4120,Construction,335,10629.83042,5447.167765,257.1620568,8940.877078,4581.67774,216.3020715
37508526,JACKSTONES INC,2020,Philippines (the),PH,6831,Real estate activities,5,293.6339321,74.42334685,197.5393394,286.8665448,72.70811043,192.9866461
37508526,JACKSTONES INC,2021,Philippines (the),PH,6831,Real estate activities,6,920.3332593,567.3179296,56.26895765,879.0580097,541.8747666,53.74539866
37508526,JACKSTONES INC,2022,Philippines (the),PH,6831,Real estate activities,12,1566.286534,993.0862469,49.37633658,1418.201386,899.1945353,44.70803232
37508526,JACKSTONES INC,2023,Philippines (the),PH,6831,Real estate activities,12,939.9283642,392.6071185,24.04304686,813.6241154,339.8499627,20.81222727
37508526,JACKSTONES INC,2024,Philippines (the),PH,6831,Real estate activities,6,591.1676318,247.9229079,104.8712349,497.2381422,208.5309132,88.2084458
37507995,JG SUMMIT HOLDINGS INC,2003,Philippines (the),PH,1089,Manufacturing,14351,887863.3789,589953.0806,1219191.931,1476509.489,981087.1159,2027506.143
37507995,JG SUMMIT HOLDINGS INC,2004,Philippines (the),PH,1089,Manufacturing,14939,1093143.943,632252.1826,1218758.333,1716759.236,992938.5612,1914033.956
37507995,JG SUMMIT HOLDINGS INC,2005,Philippines (the),PH,1089,Manufacturing,15500.66667,1189510.267,759158.0738,1534240.112,1763841.689,1125702.481,2275017.497
37507995,JG SUMMIT HOLDINGS INC,2006,Philippines (the),PH,1089,Manufacturing,16062.33333,1607465.9,914534.0374,1889066.528,2267684.256,1290151.436,2664943.889
37507995,JG SUMMIT HOLDINGS INC,2007,Philippines (the),PH,1089,Manufacturing,16624,2100930.211,1165822.668,2550865.327,2872916.806,1594204.09,3488180.535
37507995,JG SUMMIT HOLDINGS INC,2008,Philippines (the),PH,1089,Manufacturing,17238,2081933.709,1369562.025,2567450.867,2656242.639,1747360.655,3275691.459
37507995,JG SUMMIT HOLDINGS INC,2009,Philippines (the),PH,1089,Manufacturing,18162,2313525.69,1300996.825,2853107.913,2873048.606,1615641.067,3543128.026
37507995,JG SUMMIT HOLDINGS INC,2010,Philippines (the),PH,1089,Manufacturing,18322,2770855.832,1374958.348,3336573.764,3296880.558,1635983.147,3969995.496
37507995,JG SUMMIT HOLDINGS INC,2011,Philippines (the),PH,1089,Manufacturing,15328,2894285.667,1767174.452,1848958.305,3313878.11,2023366.525,2117006.805
37507995,JG SUMMIT HOLDINGS INC,2012,Philippines (the),PH,1089,Manufacturing,16351,3215675.633,2002736.215,2457077.757,3609873.614,2248244.364,2758281.984
37507995,JG SUMMIT HOLDINGS INC,2013,Philippines (the),PH,1089,Manufacturing,17465,3274091.062,1967851.512,2764898.16,3601226.42,2164472.13,3041156.802
37507995,JG SUMMIT HOLDINGS INC,2014,Philippines (the),PH,1089,Manufacturing,18525,3893379.852,2289363.653,3316288.647,4155521.927,2443506.984,3539575.052
37507995,JG SUMMIT HOLDINGS INC,2015,Philippines (the),PH,1089,Manufacturing,20717,4648753.553,2631574.831,3398579.747,4997722.848,2829120.002,3653701.892
37507995,JG SUMMIT HOLDINGS INC,2016,Philippines (the),PH,1089,Manufacturing,21477,4658008.438,2478796.031,3535741.011,4944369.133,2631185.14,3753107.997
37507995,JG SUMMIT HOLDINGS INC,2017,Philippines (the),PH,1089,Manufacturing,22894,5268576.988,2974899.003,3648788.49,5465656.215,3086179.676,3785277.036
37507995,JG SUMMIT HOLDINGS INC,2018,Philippines (the),PH,1089,Manufacturing,23942,5537118.114,3215964.878,4139929.905,5537118.114,3215964.878,4139929.905
37507995,JG SUMMIT HOLDINGS INC,2019,Philippines (the),PH,1089,Manufacturing,26158,5677479.929,3240281.427,5513444.713,5638177.53,3217850.553,5475277.849
37507995,JG SUMMIT HOLDINGS INC,2020,Philippines (the),PH,1089,Manufacturing,23510,4685258.953,2676044.717,5901083.9,4577277.692,2614369.859,5765081.497
37507995,JG SUMMIT HOLDINGS INC,2021,Philippines (the),PH,1089,Manufacturing,22827,4392776.093,2700931.986,5560536.406,4195768.185,2579800.167,5311156.602
37507995,JG SUMMIT HOLDINGS INC,2022,Philippines (the),PH,1089,Manufacturing,23982,5387834.586,3598489.623,5361038.47,4878439.745,3258269.072,4854177.078
37507995,JG SUMMIT HOLDINGS INC,2023,Philippines (the),PH,1089,Manufacturing,24298,6453236.777,3785473.206,6259714.184,5586073.646,3276794.707,5418555.935
37507995,JG SUMMIT HOLDINGS INC,2024,Philippines (the),PH,1089,Manufacturing,23653,6706289.061,3959139.195,6763393.844,5640739.672,3330079.172,5688771.186
37507595,JOLLIBEE FOODS CORPORATION,2003,Philippines (the),PH,5610,Accommodation and food service activities,5648,391380.2689,300030.4191,104054.6128,650862.1649,498948.1167,173041.9644
37507595,JOLLIBEE FOODS CORPORATION,2004,Philippines (the),PH,5610,Accommodation and food service activities,6373,469058.9097,355391.3617,110070.9994,736647.0085,558134.5499,172864.1558
37507595,JOLLIBEE FOODS CORPORATION,2005,Philippines (the),PH,5610,Accommodation and food service activities,9300.666667,549528.3338,413462.5816,128266.2908,814857.1821,613094.7823,190197.1233
37507595,JOLLIBEE FOODS CORPORATION,2006,Philippines (the),PH,5610,Accommodation and food service activities,12228.33333,698136.3317,520110.8481,143628.858,984874.8696,733730.7635,202620.0992
37507595,JOLLIBEE FOODS CORPORATION,2007,Philippines (the),PH,5610,Accommodation and food service activities,15156,937350.5327,695224.4767,180938.7427,1281779.892,950684.6409,247424.6655
37507595,JOLLIBEE FOODS CORPORATION,2008,Philippines (the),PH,5610,Accommodation and food service activities,10201,933167.8955,712007.6107,174263.8327,1190585.629,908417.481,222335.1402
37507595,JOLLIBEE FOODS CORPORATION,2009,Philippines (the),PH,5610,Accommodation and food service activities,29216,1043376.846,778560.9693,180140.0646,1295716.06,966854.8384,223706.6844
37507595,JOLLIBEE FOODS CORPORATION,2010,Philippines (the),PH,5610,Accommodation and food service activities,16632,1230275.127,932848.8033,199852.3221,1463832.98,1109942.657,237792.6805
37507595,JOLLIBEE FOODS CORPORATION,2011,Philippines (the),PH,5610,Accommodation and food service activities,14635,1438383.557,1106567.052,240857.0232,1646909.922,1266989.078,275774.7191
37507595,JOLLIBEE FOODS CORPORATION,2012,Philippines (the),PH,5610,Accommodation and food service activities,16145,1737908.945,1342295.165,268485.7227,1950952.883,1506842.248,301398.411
37507595,JOLLIBEE FOODS CORPORATION,2013,Philippines (the),PH,5610,Accommodation and food service activities,16145,1814145.673,1388380.296,265061.4959,1995408.558,1527102.242,291545.4835
37507595,JOLLIBEE FOODS CORPORATION,2014,Philippines (the),PH,5610,Accommodation and food service activities,17190,2046989.757,1567223.609,299517.3845,2184814.003,1672745.1,319683.9523
37507595,JOLLIBEE FOODS CORPORATION,2015,Philippines (the),PH,5610,Accommodation and food service activities,18235,2162461.256,1668572.418,308424.5418,2324791.345,1793827.615,331577.134
37507595,JOLLIBEE FOODS CORPORATION,2016,Philippines (the),PH,5610,Accommodation and food service activities,17038,2318034.201,1765501.405,334361.8552,2460540.144,1874039.253,354917.4413
37507595,JOLLIBEE FOODS CORPORATION,2017,Philippines (the),PH,5610,Accommodation and food service activities,15841,2743843.605,2045785.199,418520.7877,2846481.296,2122310.942,434176.2016
37507595,JOLLIBEE FOODS CORPORATION,2018,Philippines (the),PH,5610,Accommodation and food service activities,14644,3127844.929,2218622.563,1199392.946,3127844.929,2218622.563,1199392.946
37507595,JOLLIBEE FOODS CORPORATION,2019,Philippines (the),PH,5610,Accommodation and food service activities,16690,3688143.597,2608749.858,1479171.604,3662612.394,2590690.766,1468932.027
37507595,JOLLIBEE FOODS CORPORATION,2020,Philippines (the),PH,5610,Accommodation and food service activities,11819,2803336.244,2046955.574,1309606.796,2738727.696,1999779.346,1279424.261
37507595,JOLLIBEE FOODS CORPORATION,2021,Philippines (the),PH,5610,Accommodation and food service activities,10959,3109821.642,2176349.591,1354574.907,2970351.876,2078744.325,1293824.72
37507595,JOLLIBEE FOODS CORPORATION,2022,Philippines (the),PH,5610,Accommodation and food service activities,11823,3916889.09,2745223.013,1399923.935,3546565.342,2485674.874,1267567.602
37507595,JOLLIBEE FOODS CORPORATION,2023,Philippines (the),PH,5610,Accommodation and food service activities,12300,4434882.596,3157559.073,1525930.373,3838938.761,2733257.454,1320881.247
37507595,JOLLIBEE FOODS CORPORATION,2024,Philippines (the),PH,5610,Accommodation and food service activities,12600,4715043.386,3325391.067,1524165.053,3965879.198,2797026.067,1281993.395
37507760,JOLLIVILLE HOLDINGS CORPORATION,2003,Philippines (the),PH,6831,Real estate activities,108,1200.165514,259.8211133,7555.003398,1995.865368,432.0803722,12563.90845
37507760,JOLLIVILLE HOLDINGS CORPORATION,2004,Philippines (the),PH,6831,Real estate activities,126.875,1228.464271,244.0684563,3056.054132,1929.276924,383.3043024,4799.467802
37507760,JOLLIVILLE HOLDINGS CORPORATION,2005,Philippines (the),PH,6831,Real estate activities,145.75,1395.782742,285.0170645,3125.162647,2069.708734,422.6318968,4634.085399
37507760,JOLLIVILLE HOLDINGS CORPORATION,2006,Philippines (the),PH,6831,Real estate activities,164.625,1576.589607,366.9909658,2818.020862,2224.126454,517.7214867,3975.438325
37507760,JOLLIVILLE HOLDINGS CORPORATION,2007,Philippines (the),PH,6831,Real estate activities,183.5,2861.380116,627.1346007,3545.88048,3912.793953,857.5751468,4848.813907
37507760,JOLLIVILLE HOLDINGS CORPORATION,2008,Philippines (the),PH,6831,Real estate activities,202.375,2920.206415,705.4438326,3533.389533,3725.755899,900.043061,4508.087793
37507760,JOLLIVILLE HOLDINGS CORPORATION,2009,Philippines (the),PH,6831,Real estate activities,221.25,3691.668751,980.2182912,5857.903932,4584.493617,1217.282698,7274.629712
37507760,JOLLIVILLE HOLDINGS CORPORATION,2010,Philippines (the),PH,6831,Real estate activities,240.125,5703.976404,1626.455538,7531.183911,6786.830515,1935.225059,8960.918692
37507760,JOLLIVILLE HOLDINGS CORPORATION,2011,Philippines (the),PH,6831,Real estate activities,259,7290.452776,2744.60489,14400.76987,8347.369488,3142.497704,16488.48854
37507760,JOLLIVILLE HOLDINGS CORPORATION,2012,Philippines (the),PH,6831,Real estate activities,300.625,16482.95769,9937.754803,16591.64384,18503.54353,11155.98802,18625.55312
37507760,JOLLIVILLE HOLDINGS CORPORATION,2013,Philippines (the),PH,6831,Real estate activities,342.25,16918.8323,9758.229617,17522.33571,18609.30094,10733.23669,19273.10423
37507760,JOLLIVILLE HOLDINGS CORPORATION,2014,Philippines (the),PH,6831,Real estate activities,383.875,17651.81452,10165.83376,27736.40122,18840.31486,10850.30146,29603.89888
37507760,JOLLIVILLE HOLDINGS CORPORATION,2015,Philippines (the),PH,6831,Real estate activities,425.5,17476.36002,6845.757509,48335.09288,18788.26287,7359.64992,51963.47693
37507760,JOLLIVILLE HOLDINGS CORPORATION,2016,Philippines (the),PH,6831,Real estate activities,467.125,18318.81246,6136.711335,57864.75451,19444.99932,6513.978347,61422.10988
37507760,JOLLIVILLE HOLDINGS CORPORATION,2017,Philippines (the),PH,6831,Real estate activities,508.75,13750.11471,6865.63284,71661.55635,14264.4589,7122.452398,74342.1671
37507760,JOLLIVILLE HOLDINGS CORPORATION,2018,Philippines (the),PH,6831,Real estate activities,550.375,21418.17859,9160.003426,73776.57549,21418.17859,9160.003426,73776.57549
37507760,JOLLIVILLE HOLDINGS CORPORATION,2019,Philippines (the),PH,6831,Real estate activities,592,22184.04142,10096.2084,76927.71546,22030.47222,10026.31732,76395.18275
37507760,JOLLIVILLE HOLDINGS CORPORATION,2020,Philippines (the),PH,6831,Real estate activities,201,23151.73965,12159.13028,79920.78611,22618.16102,11878.89855,78078.85008
37507760,JOLLIVILLE HOLDINGS CORPORATION,2021,Philippines (the),PH,6831,Real estate activities,109,25195.06095,13645.9608,73516.2696,24065.10893,13033.96462,70219.20047
37507760,JOLLIVILLE HOLDINGS CORPORATION,2022,Philippines (the),PH,6831,Real estate activities,142,25817.4983,14381.69997,62293.62101,23376.57324,13021.97676,56404.04725
37507760,JOLLIVILLE HOLDINGS CORPORATION,2023,Philippines (the),PH,6831,Real estate activities,142,31453.00233,15352.45722,61711.44675,27226.45913,13289.44833,53418.88083
37507760,JOLLIVILLE HOLDINGS CORPORATION,2024,Philippines (the),PH,6831,Real estate activities,144,27554.57223,15515.94397,60157.99458,23176.47916,13050.64543,50599.60636
84033878,"KEPWEALTH PROPERTY PHILS., INC.",2019,Philippines (the),PH,6831,Real estate activities,11,2001.931259,216.8729304,9.203058474,1988.072875,215.3716259,9.13935023
84033878,"KEPWEALTH PROPERTY PHILS., INC.",2020,Philippines (the),PH,6831,Real estate activities,10,1705.866381,231.846941,43.50903355,1666.551243,226.5035597,42.50627994
84033878,"KEPWEALTH PROPERTY PHILS., INC.",2021,Philippines (the),PH,6831,Real estate activities,3,1113.680252,114.9013297,33.40292341,1063.733746,109.7482169,31.90486389
84033878,"KEPWEALTH PROPERTY PHILS., INC.",2022,Philippines (the),PH,6831,Real estate activities,3,893.1218845,105.9515328,29.52601578,808.6813411,95.93430537,26.73446754
84033878,"KEPWEALTH PROPERTY PHILS., INC.",2023,Philippines (the),PH,6831,Real estate activities,3,844.386047,101.7330418,20.06586621,730.9204368,88.06251555,17.36948608
84033878,"KEPWEALTH PROPERTY PHILS., INC.",2024,Philippines (the),PH,6831,Real estate activities,4,837.5047157,105.7158586,8.084255287,704.4351999,88.91886885,6.799763491
37508479,LBC EXPRESS HOLDINGS INC,2003,Philippines (the),PH,6420,Financial and insurance activities,53,2375.766973,2094.944943,421.655943,3950.880916,3483.876192,701.2103617
37508479,LBC EXPRESS HOLDINGS INC,2004,Philippines (the),PH,6420,Financial and insurance activities,53,5764.604403,5255.798182,400.7322181,9053.188205,8254.118892,629.3413974
37508479,LBC EXPRESS HOLDINGS INC,2005,Philippines (the),PH,6420,Financial and insurance activities,55,10804.47399,10271.77003,402.1520115,16021.1998,15231.29031,596.3231279
37508479,LBC EXPRESS HOLDINGS INC,2006,Philippines (the),PH,6420,Financial and insurance activities,55,8305.401835,7815.171432,412.9691474,11716.59628,11025.01846,582.5838259
37508479,LBC EXPRESS HOLDINGS INC,2007,Philippines (the),PH,6420,Financial and insurance activities,55,7814.328037,8798.627918,432.4774698,10685.70209,12031.68286,591.3912726
37508479,LBC EXPRESS HOLDINGS INC,2008,Philippines (the),PH,6420,Financial and insurance activities,4,3257.786707,2647.067526,356.8495356,4156.458934,3377.270661,455.2877685
37508479,LBC EXPRESS HOLDINGS INC,2013,Philippines (the),PH,6420,Financial and insurance activities,4,79119.14825,85437.11569,281.285187,87024.44789,93973.68382,309.3901873
37508479,LBC EXPRESS HOLDINGS INC,2014,Philippines (the),PH,6420,Financial and insurance activities,6653,158238.2965,113916.1543,14273.77472,168892.5139,121586.1526,15234.83094
37508479,LBC EXPRESS HOLDINGS INC,2015,Philippines (the),PH,6420,Financial and insurance activities,7110,162966.4158,104482.6142,16177.37346,175199.8617,112325.84,17391.76492
37508479,LBC EXPRESS HOLDINGS INC,2016,Philippines (the),PH,6420,Financial and insurance activities,6539,174779.7573,106378.4159,16872.64378,185524.7041,112918.2488,17909.92443
37508479,LBC EXPRESS HOLDINGS INC,2017,Philippines (the),PH,6420,Financial and insurance activities,6921,200870.4136,125862.2235,19551.16813,208384.2804,130570.2936,20282.50965
37508479,LBC EXPRESS HOLDINGS INC,2018,Philippines (the),PH,6420,Financial and insurance activities,7652,237559.6794,154686.2026,27237.69178,237559.6794,154686.2026,27237.69178
37508479,LBC EXPRESS HOLDINGS INC,2019,Philippines (the),PH,6420,Financial and insurance activities,9088,309561.0313,194972.5481,78759.36058,307418.0927,193622.8492,78214.14829
37508479,LBC EXPRESS HOLDINGS INC,2020,Philippines (the),PH,6420,Financial and insurance activities,10182.5,294485.4809,193255.3858,88052.99919,287698.4679,188801.4249,86023.63988
37508479,LBC EXPRESS HOLDINGS INC,2021,Philippines (the),PH,6420,Financial and insurance activities,11277,320102.3815,217685.4535,81007.74176,305746.3799,207922.6623,77374.69392
37508479,LBC EXPRESS HOLDINGS INC,2022,Philippines (the),PH,6420,Financial and insurance activities,10238,271044.085,192612.759,75193.46068,245418.1203,174402.1135,68084.26675
37508479,LBC EXPRESS HOLDINGS INC,2023,Philippines (the),PH,6420,Financial and insurance activities,8950,261761.4202,181219.1028,83226.42842,226586.8465,156867.5208,72042.75537
37508479,LBC EXPRESS HOLDINGS INC,2024,Philippines (the),PH,6420,Financial and insurance activities,8285,247420.9429,171730.7668,70483.10546,208108.7044,144444.7951,59284.1802
37508764,LEPANTO CONSOLIDATED MINING COMPANY,1996,Philippines (the),PH,2441,Manufacturing,3018,35156.07712,30153.37651,68208.49488,87673.07432,75197.2187,170099.9921
37508764,LEPANTO CONSOLIDATED MINING COMPANY,1997,Philippines (the),PH,2441,Manufacturing,3094,41650.00733,29816.58613,65901.96542,97748.89368,69976.89784,154666.1003
37508764,LEPANTO CONSOLIDATED MINING COMPANY,1998,Philippines (the),PH,2441,Manufacturing,2921,52084.94875,32113.57198,78093.37207,110717.8467,68264.35707,166004.3871
37508764,LEPANTO CONSOLIDATED MINING COMPANY,1999,Philippines (the),PH,2441,Manufacturing,2845,42341.81186,25546.89853,97154.29384,84644.75723,51070.347,194219.4076
37508764,LEPANTO CONSOLIDATED MINING COMPANY,2000,Philippines (the),PH,2441,Manufacturing,2244,45987.14054,30866.63537,88449.74002,86878.40913,58312.91411,167098.2934
37508764,LEPANTO CONSOLIDATED MINING COMPANY,2001,Philippines (the),PH,2441,Manufacturing,2225,47874.68083,26605.47918,87744.3812,85632.74391,47588.83288,156947.0959
37508764,LEPANTO CONSOLIDATED MINING COMPANY,2002,Philippines (the),PH,2441,Manufacturing,2224,35783.03452,20082.92527,87065.7112,61406.42993,34463.83909,149411.4338
37508764,LEPANTO CONSOLIDATED MINING COMPANY,2003,Philippines (the),PH,2441,Manufacturing,2223,33582.35578,12331.17338,84811.13244,55847.18117,20506.63981,141040.215
37508764,LEPANTO CONSOLIDATED MINING COMPANY,2004,Philippines (the),PH,2441,Manufacturing,2325,40522.20612,22815.11337,85721.93186,63639.26001,35830.6487,134624.4648
37508764,LEPANTO CONSOLIDATED MINING COMPANY,2005,Philippines (the),PH,2441,Manufacturing,2243,27104.92497,12119.34015,109307.2195,40191.99999,17970.92299,162084.0408
37508764,LEPANTO CONSOLIDATED MINING COMPANY,2006,Philippines (the),PH,2441,Manufacturing,2149,38102.47931,17377.73765,120338.8228,53751.92873,24515.12165,169764.3813
37508764,LEPANTO CONSOLIDATED MINING COMPANY,2007,Philippines (the),PH,2441,Manufacturing,1894,42963.2611,23757.85573,149273.3003,58750.10708,32487.67743,204123.7595
37508764,LEPANTO CONSOLIDATED MINING COMPANY,2008,Philippines (the),PH,2441,Manufacturing,1829,38691.67151,20083.81618,134956.4931,49364.9088,25624.00939,172184.729
37508764,LEPANTO CONSOLIDATED MINING COMPANY,2009,Philippines (the),PH,2441,Manufacturing,1714.4,31765.83336,14757.16167,138953.5955,39448.35522,18326.16035,172559.326
37508764,LEPANTO CONSOLIDATED MINING COMPANY,2010,Philippines (the),PH,2441,Manufacturing,1599.8,42031.74281,15688.68662,150054.3948,50011.13162,18667.05778,178541.0166
37508764,LEPANTO CONSOLIDATED MINING COMPANY,2011,Philippines (the),PH,2441,Manufacturing,1485.2,40503.6663,18030.98305,164246.9317,46375.59265,20644.98357,188058.2548
37508764,LEPANTO CONSOLIDATED MINING COMPANY,2012,Philippines (the),PH,2441,Manufacturing,1370.6,55478.58751,20344.94541,178370.9926,62279.50579,22838.95828,200236.8438
37508764,LEPANTO CONSOLIDATED MINING COMPANY,2013,Philippines (the),PH,2441,Manufacturing,1256,47657.81172,22725.31237,165762.3761,52419.6082,24995.94354,182324.7543
37508764,LEPANTO CONSOLIDATED MINING COMPANY,2014,Philippines (the),PH,2441,Manufacturing,1298,33570.07455,18003.76557,160004.8877,35830.35465,19215.96285,170778.0501
37508764,LEPANTO CONSOLIDATED MINING COMPANY,2015,Philippines (the),PH,2441,Manufacturing,1335,27307.0643,13201.41622,147871.2414,29356.9314,14192.41066,158971.5336
37508764,LEPANTO CONSOLIDATED MINING COMPANY,2016,Philippines (the),PH,2441,Manufacturing,1537,30884.60861,17341.69805,144456.6487,32783.30375,18407.81478,153337.4197
37508764,LEPANTO CONSOLIDATED MINING COMPANY,2017,Philippines (the),PH,2441,Manufacturing,1815,32507.98118,21392.08308,148694.5245,33723.99222,22192.28685,154256.6719
37508764,LEPANTO CONSOLIDATED MINING COMPANY,2018,Philippines (the),PH,2441,Manufacturing,1863,40467.51178,22742.92639,142161.3747,40467.51178,22742.92639,142161.3747
37508764,LEPANTO CONSOLIDATED MINING COMPANY,2019,Philippines (the),PH,2441,Manufacturing,1832,40691.25407,19935.49973,135162.1667,40409.56854,19797.49608,134226.5056
37508764,LEPANTO CONSOLIDATED MINING COMPANY,2020,Philippines (the),PH,2441,Manufacturing,1723,31095.65646,15935.17313,138574.2733,30378.99422,15567.91486,135380.5492
37508764,LEPANTO CONSOLIDATED MINING COMPANY,2021,Philippines (the),PH,2441,Manufacturing,1723,32628.8855,14103.6163,125635.9382,31165.54015,13471.09511,120001.398
37508764,LEPANTO CONSOLIDATED MINING COMPANY,2022,Philippines (the),PH,2441,Manufacturing,1467,33522.54109,14575.4277,112142.1422,30353.13987,13197.38842,101539.6213
37508764,LEPANTO CONSOLIDATED MINING COMPANY,2023,Philippines (the),PH,2441,Manufacturing,1382,45007.59393,18967.53447,109813.9711,38959.63266,16418.74429,95057.5581
37508764,LEPANTO CONSOLIDATED MINING COMPANY,2024,Philippines (the),PH,2441,Manufacturing,1519,48633.17332,21642.62011,105586.0623,40905.94182,18203.86577,88809.69567
174898489,LFM PROPERTIES CORPORATION,2019,Philippines (the),PH,6820,Real estate activities,14,3519.056434,312.2142514,9.498659924,3494.695738,310.0529458,9.432905376
174898489,LFM PROPERTIES CORPORATION,2020,Philippines (the),PH,6820,Real estate activities,15,4795.94456,1281.434718,9.388791449,4685.412326,1251.901465,9.172407777
174898489,LFM PROPERTIES CORPORATION,2021,Philippines (the),PH,6820,Real estate activities,14.5,4458.886399,949.1062785,23.05683342,4258.913566,906.5406121,22.02277696
174898489,LFM PROPERTIES CORPORATION,2022,Philippines (the),PH,6820,Real estate activities,14,4121.828238,616.7778394,36.72487538,3732.128442,558.4643473,33.25270827
174898489,LFM PROPERTIES CORPORATION,2023,Philippines (the),PH,6820,Real estate activities,14,3532.366293,284.4494002,17.02449276,3057.699405,246.226096,14.73680165
174898489,LFM PROPERTIES CORPORATION,2024,Philippines (the),PH,6820,Real estate activities,17,4695.900852,757.9549542,6.050263552,3949.778184,637.5249472,5.088948796
37507228,LIBERTY FLOUR MILLS INC,2003,Philippines (the),PH,1061,Manufacturing,397,28082.27501,26650.45156,8446.219689,46700.59213,44319.48153,14045.9938
37507228,LIBERTY FLOUR MILLS INC,2004,Philippines (the),PH,1061,Manufacturing,342.6666667,30970.67514,24306.36044,1730.890198,48638.78443,38172.6204,2718.326121
37507228,LIBERTY FLOUR MILLS INC,2005,Philippines (the),PH,1061,Manufacturing,288.3333333,36161.15611,28810.71206,1722.33221,53620.85258,42721.39251,2553.926131
37507228,LIBERTY FLOUR MILLS INC,2006,Philippines (the),PH,1061,Manufacturing,234,37618.09032,28366.5434,1479.42279,53068.5915,40017.24944,2087.051284
37507228,LIBERTY FLOUR MILLS INC,2007,Philippines (the),PH,1061,Manufacturing,224,50296.07904,37455.49567,1694.451799,68777.36823,51218.5138,2317.077942
37507228,LIBERTY FLOUR MILLS INC,2008,Philippines (the),PH,1061,Manufacturing,204,43579.7836,37126.44036,1847.193872,55601.42426,47367.90299,2356.748972
37507228,LIBERTY FLOUR MILLS INC,2009,Philippines (the),PH,1061,Manufacturing,202,45347.31122,32299.4428,2184.485245,56314.49429,40111.01736,2712.799911
37507228,LIBERTY FLOUR MILLS INC,2010,Philippines (the),PH,1061,Manufacturing,194,51966.29921,35611.43963,2422.194415,61831.68377,42371.98544,2882.028572
37507228,LIBERTY FLOUR MILLS INC,2011,Philippines (the),PH,1061,Manufacturing,175,49755.66985,38714.4885,2352.964011,56968.88425,44327.03289,2694.079585
37507228,LIBERTY FLOUR MILLS INC,2012,Philippines (the),PH,1061,Manufacturing,167,50434.62272,35267.81864,2366.236138,56617.2197,39591.17226,2656.304421
37507228,LIBERTY FLOUR MILLS INC,2013,Philippines (the),PH,1061,Manufacturing,167,46645.36067,31418.31479,2346.039592,51305.9967,34557.51936,2580.447398
37507228,LIBERTY FLOUR MILLS INC,2014,Philippines (the),PH,1061,Manufacturing,157,41162.94282,26861.51047,2242.530898,43934.45232,28670.10156,2393.52097
37507228,LIBERTY FLOUR MILLS INC,2015,Philippines (the),PH,1061,Manufacturing,151,28726.7522,19124.94162,1925.687988,30883.19142,20560.59901,2070.244151
37507228,LIBERTY FLOUR MILLS INC,2016,Philippines (the),PH,1061,Manufacturing,144,20628.5509,13231.50591,1568.305471,21896.7337,14044.94008,1664.720291
37507228,LIBERTY FLOUR MILLS INC,2017,Philippines (the),PH,1061,Manufacturing,143,17042.72521,11728.48146,1333.793997,17680.23457,12167.20335,1383.686613
37507228,LIBERTY FLOUR MILLS INC,2018,Philippines (the),PH,1061,Manufacturing,148,17602.49677,12570.17731,1176.314442,17602.49677,12570.17731,1176.314442
37507228,LIBERTY FLOUR MILLS INC,2019,Philippines (the),PH,1061,Manufacturing,141,19193.2839,13586.35501,1187.687212,19060.41824,13492.30336,1179.465438
37507228,LIBERTY FLOUR MILLS INC,2020,Philippines (the),PH,1061,Manufacturing,129,29442.43809,20783.34935,2166.250245,28763.87761,20304.35506,2116.324631
37507228,LIBERTY FLOUR MILLS INC,2021,Philippines (the),PH,1061,Manufacturing,117,30237.40556,22071.71036,5918.895613,28881.31368,21081.83485,5653.444059
37507228,LIBERTY FLOUR MILLS INC,2022,Philippines (the),PH,1061,Manufacturing,68,31289.91457,26801.74634,5900.124752,28331.59786,24267.76519,5342.295245
37507228,LIBERTY FLOUR MILLS INC,2023,Philippines (the),PH,1061,Manufacturing,60,31312.63125,27005.48857,5831.644616,27104.95062,23376.58654,5048.00884
37507228,LIBERTY FLOUR MILLS INC,2024,Philippines (the),PH,1061,Manufacturing,64,25942.03047,18205.6912,6077.222561,21820.15107,15313.02389,5111.62434
37507418,LMG CORPORATION,2003,Philippines (the),PH,2059,Manufacturing,105,7583.292551,4766.110418,17157.13731,12610.95308,7926.002385,28532.17809
37507418,LMG CORPORATION,2004,Philippines (the),PH,2059,Manufacturing,116,7873.531457,4555.743096,16832.76144,12365.21314,7154.697318,26435.49266
37507418,LMG CORPORATION,2005,Philippines (the),PH,2059,Manufacturing,97.5,7156.255567,4873.480876,17330.3943,10611.51152,7226.544383,25698.03119
37507418,LMG CORPORATION,2006,Philippines (the),PH,2059,Manufacturing,79,6767.015436,4416.571717,17187.37292,9546.363859,6230.545949,24246.57032
37507418,LMG CORPORATION,2007,Philippines (the),PH,2059,Manufacturing,92,6834.569109,4219.849697,19928.50384,9345.930842,5770.433045,27251.23057
37507418,LMG CORPORATION,2008,Philippines (the),PH,2059,Manufacturing,55,1669.053405,252.4165555,11187.68045,2129.467813,322.0465738,14273.8425
37508475,LOPEZ HOLDING CORPORATION,2001,Philippines (the),PH,6020,Information and communication,3409,19084.11869,77.81495899,125904.6036,34135.48499,139.1864831,225203.7297
37508475,LOPEZ HOLDING CORPORATION,2002,Philippines (the),PH,6020,Information and communication,3052,30529.60676,5932.650296,169654.9647,52391.14524,10180.88263,291140.9231
37508475,LOPEZ HOLDING CORPORATION,2003,Philippines (the),PH,6020,Information and communication,3061,103223.0161,60789.28665,71388.72118,171659.0259,101092.0832,118718.8556
37508475,LOPEZ HOLDING CORPORATION,2004,Philippines (the),PH,6020,Information and communication,2418,286882.1831,56853.92788,268327.7909,450542.3469,89287.88054,421403.0698
37508475,LOPEZ HOLDING CORPORATION,2005,Philippines (the),PH,6020,Information and communication,5531,362353.2651,64503.36608,202781.3971,537308.3467,95647.53605,300690.3697
37508475,LOPEZ HOLDING CORPORATION,2006,Philippines (the),PH,6020,Information and communication,5857,372832.3727,165492.959,207298.707,525962.0761,233464.2232,292440.4272
37508475,LOPEZ HOLDING CORPORATION,2007,Philippines (the),PH,6020,Information and communication,7427,505929.8007,111857.1998,239245.4252,691833.6552,152959.1166,327156.1327
37508475,LOPEZ HOLDING CORPORATION,2008,Philippines (the),PH,6020,Information and communication,7427,469769.4063,73812.78384,319448.2505,599356.9933,94174.30679,407569.2039
37508475,LOPEZ HOLDING CORPORATION,2009,Philippines (the),PH,6020,Information and communication,9329,703339.3597,92479.93606,326494.9457,873440.989,114846.0778,405457.2865
37508475,LOPEZ HOLDING CORPORATION,2010,Philippines (the),PH,6020,Information and communication,4675,660157.2409,168007.2948,355611.2631,785482.7913,199902.1304,423121.2054
37508475,LOPEZ HOLDING CORPORATION,2011,Philippines (the),PH,6020,Information and communication,21,640479.8953,183573.1251,356037.1623,733332.0027,210186.2189,407652.8354
37508475,LOPEZ HOLDING CORPORATION,2012,Philippines (the),PH,6020,Information and communication,21,2495630.194,1497402.393,2082540.278,2801560.424,1680963.507,2337831.317
37508475,LOPEZ HOLDING CORPORATION,2013,Philippines (the),PH,6020,Information and communication,21,2103098.172,1277164.888,2167920.076,2313232.148,1404774.592,2384530.823
37508475,LOPEZ HOLDING CORPORATION,2014,Philippines (the),PH,6020,Information and communication,19.8,2260169.915,1253961.508,2665755.234,2412347.625,1338390.997,2845241.088
37508475,LOPEZ HOLDING CORPORATION,2015,Philippines (the),PH,6020,Information and communication,18.6,2089640.834,1084912.856,2820294.268,2246504.493,1166354.316,3032006.094
37508475,LOPEZ HOLDING CORPORATION,2016,Philippines (the),PH,6020,Information and communication,17.4,2027302.121,877923.4386,2834701.801,2151934.709,931895.5964,3008970.952
37508475,LOPEZ HOLDING CORPORATION,2017,Philippines (the),PH,6020,Information and communication,16.2,2125252.817,1114556.379,2835266.213,2204751.168,1156248.075,2941323.707
37508475,LOPEZ HOLDING CORPORATION,2018,Philippines (the),PH,6020,Information and communication,15,2435096.075,1301285.997,2654104.506,2435096.075,1301285.997,2654104.506
37508475,LOPEZ HOLDING CORPORATION,2019,Philippines (the),PH,6020,Information and communication,14,2693914.547,1432307.265,2702822.004,2675265.902,1422392.107,2684111.697
37508475,LOPEZ HOLDING CORPORATION,2020,Philippines (the),PH,6020,Information and communication,14,2290969.202,1101507.169,2780997.499,2238169.187,1076120.71,2716903.792
37508475,LOPEZ HOLDING CORPORATION,2021,Philippines (the),PH,6020,Information and communication,12,2506696.389,1406802.722,2811281.419,2394275.679,1343710.214,2685200.632
37508475,LOPEZ HOLDING CORPORATION,2022,Philippines (the),PH,6020,Information and communication,11,3072950.83,1901817.54,2678599.438,2782417.541,1722009.487,2425350.25
37508475,LOPEZ HOLDING CORPORATION,2023,Philippines (the),PH,6020,Information and communication,11,3032519.267,1743084.905,3108103.696,2625020.055,1508855.321,2690447.715
37508475,LOPEZ HOLDING CORPORATION,2024,Philippines (the),PH,6020,Information and communication,11,2923690.747,1290240.249,3532112.835,2459151.14,1085236.454,2970902.21
37507449,LORENZO SHIPPING CORPORATION,2003,Philippines (the),PH,5222,Transportation and storage,442,19688.76456,12089.97776,26189.54712,32742.25336,20105.53348,43553.00124
37507449,LORENZO SHIPPING CORPORATION,2004,Philippines (the),PH,5222,Transportation and storage,424.5,21803.66795,13826.47005,23962.09116,34242.19525,21714.17617,37631.95284
37507449,LORENZO SHIPPING CORPORATION,2005,Philippines (the),PH,5222,Transportation and storage,407,25543.10684,11903.65055,25093.97648,37876.08897,17651.09194,37210.10492
37507449,LORENZO SHIPPING CORPORATION,2006,Philippines (the),PH,5222,Transportation and storage,389.5,27516.09969,13692.01345,25278.43379,38817.51151,19315.5969,35660.79153
37507449,LORENZO SHIPPING CORPORATION,2007,Philippines (the),PH,5222,Transportation and storage,372,32778.02418,15460.76158,38955.6768,44822.30588,21141.81687,53269.93633
37507449,LORENZO SHIPPING CORPORATION,2008,Philippines (the),PH,5222,Transportation and storage,337,34437.61228,21056.43912,35586.14341,43937.35197,26864.93388,45402.70956
37507449,LORENZO SHIPPING CORPORATION,2009,Philippines (the),PH,5222,Transportation and storage,323,32480.15296,20029.94179,33940.28754,40335.432,24874.15488,42148.69807
37507449,LORENZO SHIPPING CORPORATION,2010,Philippines (the),PH,5222,Transportation and storage,332,36660.08952,19231.05879,37327.72085,43619.7131,22881.92086,44414.08887
37507449,LORENZO SHIPPING CORPORATION,2011,Philippines (the),PH,5222,Transportation and storage,332,40109.95385,27803.81616,37788.17723,45924.80264,31834.6108,43266.43177
37507449,LORENZO SHIPPING CORPORATION,2012,Philippines (the),PH,5222,Transportation and storage,332,48881.74839,34501.01927,40819.98891,54873.98415,38730.37375,45823.96289
37507449,LORENZO SHIPPING CORPORATION,2013,Philippines (the),PH,5222,Transportation and storage,145,43368.26328,30911.22242,37217.38729,47701.46357,33999.76016,40936.01425
37507449,LORENZO SHIPPING CORPORATION,2014,Philippines (the),PH,5222,Transportation and storage,206,46162.40496,29609.99202,36397.49462,49270.52929,31603.63895,38848.1455
37507449,LORENZO SHIPPING CORPORATION,2015,Philippines (the),PH,5222,Transportation and storage,267,49025.20863,39529.53382,38277.9967,52705.39781,42496.90849,41151.42189
37507449,LORENZO SHIPPING CORPORATION,2016,Philippines (the),PH,5222,Transportation and storage,226,46046.99603,39662.37752,33177.16278,48877.83027,42100.70414,35216.79743
37507449,LORENZO SHIPPING CORPORATION,2017,Philippines (the),PH,5222,Transportation and storage,196,45528.17183,37759.929,33292.06865,47231.22313,39172.39723,34537.40969
37507449,LORENZO SHIPPING CORPORATION,2018,Philippines (the),PH,5222,Transportation and storage,155,39124.21455,32761.43831,29309.87911,39124.21455,32761.43831,29309.87911
37507449,LORENZO SHIPPING CORPORATION,2019,Philippines (the),PH,5222,Transportation and storage,143,58810.20406,52404.9739,30723.73083,58403.08996,52042.20006,30511.04556
37507449,LORENZO SHIPPING CORPORATION,2020,Philippines (the),PH,5222,Transportation and storage,137,56500.72687,48125.44609,29712.98518,55198.55344,47016.29793,29028.18939
37507449,LORENZO SHIPPING CORPORATION,2021,Philippines (the),PH,5222,Transportation and storage,165,57589.90934,51625.28166,25414.24794,55007.1081,49309.98297,24274.46579
37507449,LORENZO SHIPPING CORPORATION,2022,Philippines (the),PH,5222,Transportation and storage,176,59252.19192,51906.29026,22933.00079,53650.17122,46998.79058,20764.79163
37507449,LORENZO SHIPPING CORPORATION,2023,Philippines (the),PH,5222,Transportation and storage,243,59100.25668,48267.7483,25492.99016,51158.57324,41781.69902,22067.33232
37507449,LORENZO SHIPPING CORPORATION,2024,Philippines (the),PH,5222,Transportation and storage,235,40591.47673,39601.78461,20137.41452,34141.97495,33309.53311,16937.8194
37508776,"LT GROUP, INC",2003,Philippines (the),PH,1101,Manufacturing,1626,99368.15108,73398.99662,39325.28777,165248.4171,122061.9271,65397.62978
37508776,"LT GROUP, INC",2004,Philippines (the),PH,1101,Manufacturing,738,120121.0108,84044.83873,33598.52092,188647.4842,131990.6258,52765.76014
37508776,"LT GROUP, INC",2005,Philippines (the),PH,1101,Manufacturing,1070,134475.1214,90274.88229,61580.40066,199403.7645,133862.3173,91313.2748
37508776,"LT GROUP, INC",2006,Philippines (the),PH,1101,Manufacturing,1070,147454.776,93349.20283,68909.0211,208017.3981,131689.5852,97211.33264
37508776,"LT GROUP, INC",2007,Philippines (the),PH,1101,Manufacturing,875,237194.9434,184268.9037,106080.3104,324352.2015,251978.4939,145059.5099
37508776,"LT GROUP, INC",2008,Philippines (the),PH,1101,Manufacturing,531,193494.5374,147962.1582,102671.0973,246870.7042,188778.0538,130993.2903
37508776,"LT GROUP, INC",2009,Philippines (the),PH,1101,Manufacturing,668,222789.3433,167527.3934,103209.356,276670.6308,208043.6565,128170.3927
37508776,"LT GROUP, INC",2010,Philippines (the),PH,1101,Manufacturing,911,262521.5041,186121.3432,104263.1442,312359.1033,221454.9854,124056.6647
37508776,"LT GROUP, INC",2011,Philippines (the),PH,1101,Manufacturing,4384.75,750300.8783,504823.0209,441813.3213,859074.0316,578008.5834,505864.1968
37508776,"LT GROUP, INC",2012,Philippines (the),PH,1101,Manufacturing,7858.5,1641509.864,698602.8527,1049728.723,1842736.588,784242.0358,1178411.15
37508776,"LT GROUP, INC",2013,Philippines (the),PH,1101,Manufacturing,11332.25,1337899.027,547872.373,960989.3278,1471577.068,602613.8024,1057007.912
37508776,"LT GROUP, INC",2014,Philippines (the),PH,1101,Manufacturing,14806,1252889.047,522654.1733,951339.6789,1337246.327,557844.5875,1015393.577
37508776,"LT GROUP, INC",2015,Philippines (the),PH,1101,Manufacturing,14470,1264728.592,490843.1477,950639.779,1359668.33,527689.4088,1022001.724
37508776,"LT GROUP, INC",2016,Philippines (the),PH,1101,Manufacturing,14134,1381415.682,549050.773,828591.3764,1466341.067,582804.804,879530.7437
37508776,"LT GROUP, INC",2017,Philippines (the),PH,1101,Manufacturing,14126,1395437.326,557787.3535,865437.404,1447635.806,578652.2475,897810.4214
37508776,"LT GROUP, INC",2018,Philippines (the),PH,1101,Manufacturing,14118,1604754.639,646148.5937,1292299.35,1604754.639,646148.5937,1292299.35
37508776,"LT GROUP, INC",2019,Philippines (the),PH,1101,Manufacturing,14522,1934219.372,881125.6882,1416899.079,1920829.724,875026.0888,1407090.584
37508776,"LT GROUP, INC",2020,Philippines (the),PH,1101,Manufacturing,15218,2038231.992,849128.0236,1488576.688,1991256.817,829558.1523,1454269.43
37508776,"LT GROUP, INC",2021,Philippines (the),PH,1101,Manufacturing,15215,1853030.386,793397.1281,1459637.894,1769925.39,757814.73,1394175.826
37508776,"LT GROUP, INC",2022,Philippines (the),PH,1101,Manufacturing,14288,1966069.358,869416.6101,1261115.845,1780186.593,787217.2906,1141883.175
37508776,"LT GROUP, INC",2023,Philippines (the),PH,1101,Manufacturing,14296,2104566.986,955836.295,1244110.915,1821762.719,827394.3947,1076931.691
37508776,"LT GROUP, INC",2024,Philippines (the),PH,1101,Manufacturing,14686,2254202.316,1036483.905,1187980.418,1896036.439,871798.9675,999224.4911
37508768,MABUHAY VINYL CORPORATION,2003,Philippines (the),PH,2016,Manufacturing,196,16241.08703,10565.44076,13263.65368,27008.79402,17570.24099,22057.34688
37508768,MABUHAY VINYL CORPORATION,2004,Philippines (the),PH,2016,Manufacturing,197,21001.4393,12900.74095,12214.70829,32982.31228,20260.33837,19182.93872
37508768,MABUHAY VINYL CORPORATION,2005,Philippines (the),PH,2016,Manufacturing,193.5,27168.63689,18052.14231,12630.97641,40286.47394,26768.2609,18729.59265
37508768,MABUHAY VINYL CORPORATION,2006,Philippines (the),PH,2016,Manufacturing,190,27619.96275,18908.30837,12210.86063,38964.03321,26674.32834,17226.10502
37508768,MABUHAY VINYL CORPORATION,2007,Philippines (the),PH,2016,Manufacturing,194,31851.30745,20232.11969,19941.35377,43555.06718,27666.41004,27268.80221
37508768,MABUHAY VINYL CORPORATION,2008,Philippines (the),PH,2016,Manufacturing,174,27674.21323,17955.56512,20148.80512,35308.24488,22908.6726,25706.92577
37508768,MABUHAY VINYL CORPORATION,2009,Philippines (the),PH,2016,Manufacturing,169.2,28754.91789,17002.9982,18368.45248,35709.25411,21115.14926,22810.83673
37508768,MABUHAY VINYL CORPORATION,2010,Philippines (the),PH,2016,Manufacturing,164.4,27959.46273,16427.93695,17166.07072,33267.34219,19546.64884,20424.91138
37508768,MABUHAY VINYL CORPORATION,2011,Philippines (the),PH,2016,Manufacturing,159.6,32202.19546,20784.26123,17985.9093,36870.63507,23797.41195,20593.37535
37508768,MABUHAY VINYL CORPORATION,2012,Philippines (the),PH,2016,Manufacturing,154.8,40657.19031,26675.59208,18447.36823,45641.2074,29945.6559,20708.76402
37508768,MABUHAY VINYL CORPORATION,2013,Philippines (the),PH,2016,Manufacturing,150,31969.17714,19498.49193,15781.37561,35163.4219,21446.71084,17358.19369
37508768,MABUHAY VINYL CORPORATION,2014,Philippines (the),PH,2016,Manufacturing,151.5,32907.70369,21237.6899,14481.99132,35123.38623,22667.62798,15457.06681
37508768,MABUHAY VINYL CORPORATION,2015,Philippines (the),PH,2016,Manufacturing,153,31213.01348,20036.48807,13201.73425,33556.08957,21540.57277,14192.75256
37508768,MABUHAY VINYL CORPORATION,2016,Philippines (the),PH,2016,Manufacturing,150,34435.3484,22012.28607,12823.90146,36552.33261,23365.53685,13612.27731
37508768,MABUHAY VINYL CORPORATION,2017,Philippines (the),PH,2016,Manufacturing,150,44176.87087,30023.05448,13245.57774,45829.37468,31146.11301,13741.04895
37508768,MABUHAY VINYL CORPORATION,2018,Philippines (the),PH,2016,Manufacturing,154,54180.90664,33391.7585,16304.83341,54180.90664,33391.7585,16304.83341
37508768,MABUHAY VINYL CORPORATION,2019,Philippines (the),PH,2016,Manufacturing,160,45937.98274,25458.93106,18307.03134,45619.97669,25282.69141,18180.30077
37508768,MABUHAY VINYL CORPORATION,2020,Philippines (the),PH,2016,Manufacturing,158,43125.75851,21505.99484,19271.10857,42131.83826,21010.34573,18826.96693
37508768,MABUHAY VINYL CORPORATION,2021,Philippines (the),PH,2016,Manufacturing,160,43111.59339,23995.17516,20784.57519,41178.11792,22919.0358,19852.42532
37508768,MABUHAY VINYL CORPORATION,2022,Philippines (the),PH,2016,Manufacturing,159,57086.35086,34294.38714,20991.03713,51689.10041,31052.01145,19006.43165
37508768,MABUHAY VINYL CORPORATION,2023,Philippines (the),PH,2016,Manufacturing,160,55668.03976,31887.25287,27823.42006,48187.56549,27602.35662,24084.60729
37508768,MABUHAY VINYL CORPORATION,2024,Philippines (the),PH,2016,Manufacturing,167,54132.10446,31829.00586,22866.85905,45531.15834,26771.75625,19233.58773
37507408,MACROASIA CORPORATION,2003,Philippines (the),PH,5223,Transportation and storage,447,11521.76529,8006.08222,6677.121879,19160.60082,13314.04882,11103.99871
37507408,MACROASIA CORPORATION,2004,Philippines (the),PH,5223,Transportation and storage,201,13124.92208,8739.314231,6586.844782,20612.41006,13724.90651,10344.49917
37507408,MACROASIA CORPORATION,2005,Philippines (the),PH,5223,Transportation and storage,287,15403.60357,10458.87314,6359.997976,22840.9278,15508.73243,9430.796758
37507408,MACROASIA CORPORATION,2006,Philippines (the),PH,5223,Transportation and storage,424,19806.13464,13325.61273,6110.070874,27940.9098,18798.70808,8619.599041
37507408,MACROASIA CORPORATION,2007,Philippines (the),PH,5223,Transportation and storage,3569,25536.19439,17198.76305,7624.912325,34919.46645,23518.44681,10426.68559
37507408,MACROASIA CORPORATION,2008,Philippines (the),PH,5223,Transportation and storage,3580,21415.20505,15701.35851,6370.138013,27322.66669,20032.63494,8127.363584
37507408,MACROASIA CORPORATION,2009,Philippines (the),PH,5223,Transportation and storage,3519,24370.02713,16231.66333,7171.045678,30263.88372,20157.26814,8905.352932
37507408,MACROASIA CORPORATION,2010,Philippines (the),PH,5223,Transportation and storage,3338,25452.06836,17292.37812,6904.021999,30283.93913,20575.19722,8214.695128
37507408,MACROASIA CORPORATION,2011,Philippines (the),PH,5223,Transportation and storage,3341,31022.87927,18806.09235,6768.348408,35520.35022,21532.46256,7749.574233
37507408,MACROASIA CORPORATION,2012,Philippines (the),PH,5223,Transportation and storage,3607,38835.1375,23160.66203,8731.768216,43595.79577,25999.84336,9802.163926
37507408,MACROASIA CORPORATION,2013,Philippines (the),PH,5223,Transportation and storage,3697,36369.88423,21761.98998,8538.366482,40003.83175,23936.36944,9391.489234
37507408,MACROASIA CORPORATION,2014,Philippines (the),PH,5223,Transportation and storage,1922.5,38621.89341,28154.11196,8858.887962,41222.31353,30049.73418,9455.358732
37507408,MACROASIA CORPORATION,2015,Philippines (the),PH,5223,Transportation and storage,148,41049.78145,28730.58971,8989.420308,44131.27698,30887.317,9664.231659
37507408,MACROASIA CORPORATION,2016,Philippines (the),PH,5223,Transportation and storage,339,47905.88829,31030.09272,17060.28556,50851.00178,32937.7318,18109.10188
37507408,MACROASIA CORPORATION,2017,Philippines (the),PH,5223,Transportation and storage,415,59693.02522,39149.66915,22937.50297,61925.93465,40614.12275,23795.51555
37507408,MACROASIA CORPORATION,2018,Philippines (the),PH,5223,Transportation and storage,6403,66148.94827,44628.72886,49303.79165,66148.94827,44628.72886,49303.79165
37507408,MACROASIA CORPORATION,2019,Philippines (the),PH,5223,Transportation and storage,9331,122614.3187,81670.48307,60315.38694,121765.5201,81105.11851,59897.8532
37507408,MACROASIA CORPORATION,2020,Philippines (the),PH,5223,Transportation and storage,6651,48129.67209,39630.92142,60463.62957,47020.42653,38717.54674,59070.12304
37507408,MACROASIA CORPORATION,2021,Philippines (the),PH,5223,Transportation and storage,5999,40073.40449,30993.9739,63884.64693,38276.18619,29603.95132,61019.53832
37507408,MACROASIA CORPORATION,2022,Philippines (the),PH,5223,Transportation and storage,6912,88924.0737,59341.16199,54708.66019,80516.71381,53730.72957,49536.2094
37507408,MACROASIA CORPORATION,2023,Philippines (the),PH,5223,Transportation and storage,5577,146731.7636,97941.277,55652.58094,127014.4682,84780.27464,48174.18398
37507408,MACROASIA CORPORATION,2024,Philippines (the),PH,5223,Transportation and storage,6005,164106.6763,105963.3161,56509.87527,138032.0817,89127.0083,47531.12972
37507111,MANILA BROADCASTING COMPANY,2002,Philippines (the),PH,2630,Manufacturing,31,12197.64201,8478.28462,6946.041136,20932.08862,14549.38625,11919.93899
37507111,MANILA BROADCASTING COMPANY,2003,Philippines (the),PH,2630,Manufacturing,33,12138.38604,9305.457721,7026.255376,20186.03605,15474.89958,11684.60484
37507111,MANILA BROADCASTING COMPANY,2004,Philippines (the),PH,2630,Manufacturing,26,11424.15611,4634.172725,5975.509549,17941.3934,7277.869377,9384.410236
37507111,MANILA BROADCASTING COMPANY,2005,Philippines (the),PH,2630,Manufacturing,26,12667.68472,5938.756888,5457.553862,18784.02485,8806.167772,8092.625417
37507111,MANILA BROADCASTING COMPANY,2006,Philippines (the),PH,2630,Manufacturing,26,12992.61183,5204.978463,5099.609253,18328.93706,7342.767097,7194.120647
37507111,MANILA BROADCASTING COMPANY,2007,Philippines (the),PH,2630,Manufacturing,29,14643.58326,5605.033609,5334.243053,20024.36646,7664.602646,7294.310127
37507111,MANILA BROADCASTING COMPANY,2008,Philippines (the),PH,2630,Manufacturing,37,13341.687,4586.922239,4541.455249,17022.03954,5852.241301,5794.232078
37507111,MANILA BROADCASTING COMPANY,2009,Philippines (the),PH,2630,Manufacturing,54,14465.93724,5259.772094,4839.071438,17964.5037,6531.840535,6009.394021
37507111,MANILA BROADCASTING COMPANY,2010,Philippines (the),PH,2630,Manufacturing,59,19196.69625,6241.927877,4601.435653,22841.03487,7426.907755,5474.981257
37507111,MANILA BROADCASTING COMPANY,2011,Philippines (the),PH,2630,Manufacturing,99,17437.39808,11086.3917,4196.435201,19965.34497,12693.61597,4804.803793
37507111,MANILA BROADCASTING COMPANY,2012,Philippines (the),PH,2630,Manufacturing,115,19495.6543,11424.3784,6206.933322,21885.55566,12824.85141,6967.818705
37507111,MANILA BROADCASTING COMPANY,2013,Philippines (the),PH,2630,Manufacturing,115,20978.49827,12024.04676,6036.137396,23074.59407,13225.44609,6639.246452
37507111,MANILA BROADCASTING COMPANY,2014,Philippines (the),PH,2630,Manufacturing,114,22568.84171,11763.83454,6349.127082,24088.40652,12555.89596,6776.615129
37507111,MANILA BROADCASTING COMPANY,2015,Philippines (the),PH,2630,Manufacturing,124,24159.92442,13722.08789,6478.946672,25973.54429,14752.16773,6965.30359
37507111,MANILA BROADCASTING COMPANY,2016,Philippines (the),PH,2630,Manufacturing,96,26405.59708,14806.55661,6316.162483,28028.93574,15716.82027,6704.461626
37507111,MANILA BROADCASTING COMPANY,2017,Philippines (the),PH,2630,Manufacturing,105,21617.12964,12440.95865,12877.57102,22425.75163,12906.33185,13359.27637
37507111,MANILA BROADCASTING COMPANY,2018,Philippines (the),PH,2630,Manufacturing,114,19560.12526,11834.61093,20390.60098,19560.12526,11834.61093,20390.60098
37507111,MANILA BROADCASTING COMPANY,2019,Philippines (the),PH,2630,Manufacturing,112,21879.35516,11420.64084,25372.5169,21727.89515,11341.58137,25196.87546
37507111,MANILA BROADCASTING COMPANY,2020,Philippines (the),PH,2630,Manufacturing,192,19413.6475,9477.620658,27913.43906,18966.22076,9259.189737,27270.11745
37507111,MANILA BROADCASTING COMPANY,2021,Philippines (the),PH,2630,Manufacturing,165,20502.029,11381.88859,27382.6964,19582.5508,10871.43187,26154.63296
37507111,MANILA BROADCASTING COMPANY,2022,Philippines (the),PH,2630,Manufacturing,226,21864.2196,11458.66005,28057.44841,19797.05876,10375.29674,25404.74643
37507111,MANILA BROADCASTING COMPANY,2023,Philippines (the),PH,2630,Manufacturing,278,18888.65672,7467.79555,29327.17227,16350.46585,6464.2996,25386.2906
37507111,MANILA BROADCASTING COMPANY,2024,Philippines (the),PH,2630,Manufacturing,188,19256.69609,6234.408753,29842.12344,16197.03664,5243.83552,25100.56576
37507237,MANILA BULLETIN PUBLISHING CORPORATION,2003,Philippines (the),PH,1811,Manufacturing,603,46956.93461,23296.58533,47754.8075,78088.99566,38742.0296,79415.8517
37507237,MANILA BULLETIN PUBLISHING CORPORATION,2004,Philippines (the),PH,1811,Manufacturing,618,47346.49025,25955.71084,48130.5555,74356.65261,40762.89001,75588.01036
37507237,MANILA BULLETIN PUBLISHING CORPORATION,2005,Philippines (the),PH,1811,Manufacturing,633,57412.19804,30640.87023,51399.17654,85132.53829,45435.20623,76216.24871
37507237,MANILA BULLETIN PUBLISHING CORPORATION,2006,Philippines (the),PH,1811,Manufacturing,648,62442.62441,34265.48914,59428.94694,88089.05765,48339.01004,83837.60265
37507237,MANILA BULLETIN PUBLISHING CORPORATION,2007,Philippines (the),PH,1811,Manufacturing,663,76331.85072,40841.2834,68644.50029,104379.9816,55848.40889,93867.91503
37507237,MANILA BULLETIN PUBLISHING CORPORATION,2008,Philippines (the),PH,1811,Manufacturing,667,64915.08973,36801.13763,64646.268,82822.15163,46952.86433,82479.17444
37507237,MANILA BULLETIN PUBLISHING CORPORATION,2009,Philippines (the),PH,1811,Manufacturing,656,64787.96577,36580.98125,64433.29755,80456.84364,45428.03982,80016.39942
37507237,MANILA BULLETIN PUBLISHING CORPORATION,2010,Philippines (the),PH,1811,Manufacturing,665,70214.6304,38986.69319,70366.0261,83544.31408,46388.00379,83724.45103
37507237,MANILA BULLETIN PUBLISHING CORPORATION,2011,Philippines (the),PH,1811,Manufacturing,626,73538.54253,40904.23087,65321.73296,84199.62449,46834.22815,74791.60175
37507237,MANILA BULLETIN PUBLISHING CORPORATION,2012,Philippines (the),PH,1811,Manufacturing,578,76541.6578,43241.59987,69583.12223,85924.62126,48542.43034,78113.06413
37507237,MANILA BULLETIN PUBLISHING CORPORATION,2013,Philippines (the),PH,1811,Manufacturing,549,68247.06335,40739.42997,62731.73021,75066.06351,44809.96672,68999.6582
37507237,MANILA BULLETIN PUBLISHING CORPORATION,2014,Philippines (the),PH,1811,Manufacturing,508,64198.26592,38644.82189,61319.78908,68520.74852,41246.78579,65448.46323
37507237,MANILA BULLETIN PUBLISHING CORPORATION,2015,Philippines (the),PH,1811,Manufacturing,467,62679.51465,37723.23268,57324.36477,67384.69546,40555.01324,61627.54904
37507237,MANILA BULLETIN PUBLISHING CORPORATION,2016,Philippines (the),PH,1811,Manufacturing,448,53491.67918,33638.34761,53536.82804,56780.19071,35706.33455,56828.11519
37507237,MANILA BULLETIN PUBLISHING CORPORATION,2017,Philippines (the),PH,1811,Manufacturing,450,45018.18647,26113.8945,50959.21545,46702.16098,27090.7249,52865.42329
37507237,MANILA BULLETIN PUBLISHING CORPORATION,2018,Philippines (the),PH,1811,Manufacturing,452,38536.37976,26197.74787,47099.95649,38536.37976,26197.74787,47099.95649
37507237,MANILA BULLETIN PUBLISHING CORPORATION,2019,Philippines (the),PH,1811,Manufacturing,453,34797.65089,23856.37707,47875.2364,34556.76388,23691.23111,47543.8197
37507237,MANILA BULLETIN PUBLISHING CORPORATION,2020,Philippines (the),PH,1811,Manufacturing,364,18958.01007,10797.92206,49111.2692,18521.08442,10549.06212,47979.40075
37507237,MANILA BULLETIN PUBLISHING CORPORATION,2021,Philippines (the),PH,1811,Manufacturing,312,15515.14585,9641.371756,44620.45622,14819.32017,9208.974011,42619.31104
37507237,MANILA BULLETIN PUBLISHING CORPORATION,2022,Philippines (the),PH,1811,Manufacturing,299,14339.59377,9044.654341,86464.27326,12983.8515,8189.524105,78289.47613
37507237,MANILA BULLETIN PUBLISHING CORPORATION,2023,Philippines (the),PH,1811,Manufacturing,284,13432.2528,7179.009043,87148.77437,11627.27419,6214.319202,75438.03034
37507237,MANILA BULLETIN PUBLISHING CORPORATION,2024,Philippines (the),PH,1811,Manufacturing,258,11763.79805,6269.43478,83129.29394,9894.670769,5273.296329,69921.04008
6531879,MANILA ELECTRIC COMPANY,2006,Philippines (the),PH,3511,"Electricity, gas, steam and air conditioning supply",5928,3911259.493,3336176.04,1925934.232,5517691.901,4706410.185,2716953.895
6531879,MANILA ELECTRIC COMPANY,2007,Philippines (the),PH,3511,"Electricity, gas, steam and air conditioning supply",5990,4890026.736,4256563.786,2331030.616,6686866.57,5820637.722,3187567.582
6531879,MANILA ELECTRIC COMPANY,2008,Philippines (the),PH,3511,"Electricity, gas, steam and air conditioning supply",6050,4076234.648,3368937.599,2123891.78,5200678.694,4298271.199,2709774.996
6531879,MANILA ELECTRIC COMPANY,2009,Philippines (the),PH,3511,"Electricity, gas, steam and air conditioning supply",6112,4089265.603,3342846.599,2202778.454,5078248.704,4151309.321,2735517.307
6531879,MANILA ELECTRIC COMPANY,2010,Philippines (the),PH,3511,"Electricity, gas, steam and air conditioning supply",6203,5590087.829,4662253.701,2352740.158,6651321.109,5547345.123,2799388.982
6531879,MANILA ELECTRIC COMPANY,2011,Philippines (the),PH,3511,"Electricity, gas, steam and air conditioning supply",6093.75,5980012.926,4793321.032,2412470.478,6846951.619,5488221.782,2762212.866
6531879,MANILA ELECTRIC COMPANY,2012,Philippines (the),PH,3511,"Electricity, gas, steam and air conditioning supply",5984.5,7027286.781,5633812.334,2653719.142,7888736.31,6324440.899,2979028.921
6531879,MANILA ELECTRIC COMPANY,2013,Philippines (the),PH,3511,"Electricity, gas, steam and air conditioning supply",5875.25,6733237.426,5363128.87,2534921.481,7405998.2,5898993.343,2788201.683
6531879,MANILA ELECTRIC COMPANY,2014,Philippines (the),PH,3511,"Electricity, gas, steam and air conditioning supply",5766,5985969.537,4555259.255,2708160.595,6389006.112,4861965.808,2890501.612
6531879,MANILA ELECTRIC COMPANY,2015,Philippines (the),PH,3511,"Electricity, gas, steam and air conditioning supply",5660,5495590.021,4132213.866,2648369.577,5908129.028,4442407.93,2847175.484
6531879,MANILA ELECTRIC COMPANY,2016,Philippines (the),PH,3511,"Electricity, gas, steam and air conditioning supply",5569,5183586.643,3858129.426,2585951.473,5502258.345,4095315.906,2744928.184
6531879,MANILA ELECTRIC COMPANY,2017,Philippines (the),PH,3511,"Electricity, gas, steam and air conditioning supply",5539,5671373.722,4338140.588,2681609.587,5883520.18,4500415.41,2781919.319
6531879,MANILA ELECTRIC COMPANY,2018,Philippines (the),PH,3511,"Electricity, gas, steam and air conditioning supply",5602,5791480.408,4402207.911,2652416.47,5791480.408,4402207.911,2652416.47
6531879,MANILA ELECTRIC COMPANY,2019,Philippines (the),PH,3511,"Electricity, gas, steam and air conditioning supply",5755,6292822.786,4749960.578,2984411.945,6249260.671,4717078.939,2963752.33
6531879,MANILA ELECTRIC COMPANY,2020,Philippines (the),PH,3511,"Electricity, gas, steam and air conditioning supply",5815,5737467.555,4255558.2,3393475.622,5605236.021,4157480.261,3315266.118
6531879,MANILA ELECTRIC COMPANY,2021,Philippines (the),PH,3511,"Electricity, gas, steam and air conditioning supply",5905,6304801.793,4429727.9,4446744.483,6022043.058,4231062.772,4247316.193
6531879,MANILA ELECTRIC COMPANY,2022,Philippines (the),PH,3511,"Electricity, gas, steam and air conditioning supply",22580,7666233.097,5749198.165,4335762.665,6941426.214,5205638.069,3925836.358
6531879,MANILA ELECTRIC COMPANY,2023,Philippines (the),PH,3511,"Electricity, gas, steam and air conditioning supply",20620,7998290.262,5962783.6,4902927.942,6923508.309,5161525.832,4244089.828
6531879,MANILA ELECTRIC COMPANY,2024,Philippines (the),PH,3511,"Electricity, gas, steam and air conditioning supply",19549,8152842.178,6024390.488,4972954.658,6857452.742,5067186.653,4182811.443
742081721,MANILA JOCKEY CLUB INC,2003,Philippines (the),PH,9319,"Arts, entertainment and recreation",746,6169.896647,3092.407518,51880.54291,10260.48733,5142.648243,86276.91572
742081721,MANILA JOCKEY CLUB INC,2004,Philippines (the),PH,9319,"Arts, entertainment and recreation",693.6666667,6131.178056,2433.64669,21382.94178,9628.884305,3821.990195,33581.45377
742081721,MANILA JOCKEY CLUB INC,2005,Philippines (the),PH,9319,"Arts, entertainment and recreation",641.3333333,6859.781287,2771.195008,23906.47761,10171.89052,4109.211512,35449.2458
742081721,MANILA JOCKEY CLUB INC,2006,Philippines (the),PH,9319,"Arts, entertainment and recreation",589,12756.55387,7483.880214,25401.97853,17995.92537,10557.65932,35835.07856
742081721,MANILA JOCKEY CLUB INC,2007,Philippines (the),PH,9319,"Arts, entertainment and recreation",589,16220.86398,10114.48983,30165.45448,22181.21882,13831.05811,41249.7477
742081721,MANILA JOCKEY CLUB INC,2008,Philippines (the),PH,9319,"Arts, entertainment and recreation",515,16429.14624,8443.92976,28262.23051,20961.18555,10773.21827,36058.46884
742081721,MANILA JOCKEY CLUB INC,2009,Philippines (the),PH,9319,"Arts, entertainment and recreation",492,17065.98897,7563.012191,28250.84076,21193.37426,9392.115991,35083.26664
742081721,MANILA JOCKEY CLUB INC,2010,Philippines (the),PH,9319,"Arts, entertainment and recreation",635,15226.5925,5823.971849,27647.7389,18117.2388,6929.606131,32896.44009
742081721,MANILA JOCKEY CLUB INC,2011,Philippines (the),PH,9319,"Arts, entertainment and recreation",443,14786.9245,5986.091054,25921.14446,16930.62505,6853.91091,29679.00308
742081721,MANILA JOCKEY CLUB INC,2012,Philippines (the),PH,9319,"Arts, entertainment and recreation",460,14197.70815,6694.819315,28878.34987,15938.15356,7515.512867,32418.44176
742081721,MANILA JOCKEY CLUB INC,2013,Philippines (the),PH,9319,"Arts, entertainment and recreation",481,11143.98639,5324.379826,22862.99419,12257.45328,5856.372634,25147.38202
742081721,MANILA JOCKEY CLUB INC,2014,Philippines (the),PH,9319,"Arts, entertainment and recreation",456.5,8574.086202,3323.957271,23041.15048,9151.38121,3547.760006,24592.51593
742081721,MANILA JOCKEY CLUB INC,2015,Philippines (the),PH,9319,"Arts, entertainment and recreation",432,8412.839723,4430.203942,20294.44931,9044.368736,4762.767312,21817.89846
742081721,MANILA JOCKEY CLUB INC,2016,Philippines (the),PH,9319,"Arts, entertainment and recreation",412,11290.04483,5625.017598,18487.92494,11984.12367,5970.82718,19624.50834
742081721,MANILA JOCKEY CLUB INC,2017,Philippines (the),PH,9319,"Arts, entertainment and recreation",396,15380.28511,8465.156051,17639.30392,15955.60834,8781.808235,18299.12922
742081721,MANILA JOCKEY CLUB INC,2018,Philippines (the),PH,9319,"Arts, entertainment and recreation",418,18413.94889,10804.49177,15776.15574,18413.94889,10804.49177,15776.15574
742081721,MANILA JOCKEY CLUB INC,2019,Philippines (the),PH,9319,"Arts, entertainment and recreation",648,35182.05102,20673.81362,16560.91358,34938.503,20530.69898,16446.27052
742081721,MANILA JOCKEY CLUB INC,2020,Philippines (the),PH,9319,"Arts, entertainment and recreation",304,13601.8815,6838.870636,16270.58822,13288.39865,6681.255041,15895.59964
742081721,MANILA JOCKEY CLUB INC,2021,Philippines (the),PH,9319,"Arts, entertainment and recreation",290,9361.031418,3219.777902,14074.36905,8941.206421,3075.3768,13443.15955
37508092,MANILA WATER COMPANY INC.,2003,Philippines (the),PH,3600,"Water supply; sewerage, waste management and remediation activities",1527,66367.28856,220.9685171,54858.53412,110368.2545,367.4688247,91229.29059
37508092,MANILA WATER COMPANY INC.,2004,Philippines (the),PH,3600,"Water supply; sewerage, waste management and remediation activities",1541,74005.61516,385.2702246,101742.8498,116224.2394,605.0586666,159784.9745
37508092,MANILA WATER COMPANY INC.,2005,Philippines (the),PH,3600,"Water supply; sewerage, waste management and remediation activities",1560,104475.2522,570.1660378,178848.0478,154919.0539,845.4593919,265201.2777
37508092,MANILA WATER COMPANY INC.,2006,Philippines (the),PH,3600,"Water supply; sewerage, waste management and remediation activities",1579,138091.7742,531.5883781,256440.733,194808.8245,749.9223443,361766.0648
37508092,MANILA WATER COMPANY INC.,2007,Philippines (the),PH,3600,"Water supply; sewerage, waste management and remediation activities",1567,273912.7032,96584.59793,13477.23464,374561.8985,132074.5987,18429.44316
37508092,MANILA WATER COMPANY INC.,2008,Philippines (the),PH,3600,"Water supply; sewerage, waste management and remediation activities",1551,257251.1349,64256.69234,15223.71293,328214.7894,81982.13293,19423.22911
37508092,MANILA WATER COMPANY INC.,2009,Philippines (the),PH,3600,"Water supply; sewerage, waste management and remediation activities",340,296298.7042,89993.76387,21284.27778,367958.1266,111758.6284,26431.85025
37508092,MANILA WATER COMPANY INC.,2010,Philippines (the),PH,3600,"Water supply; sewerage, waste management and remediation activities",1589,414774.0988,160073.3081,44965.20532,493515.6304,190461.9401,53501.48843
37508092,MANILA WATER COMPANY INC.,2011,Philippines (the),PH,3600,"Water supply; sewerage, waste management and remediation activities",1578,438430.1487,54930.52431,47624.65995,501990.5565,62893.9514,54528.93607
37508092,MANILA WATER COMPANY INC.,2012,Philippines (the),PH,3600,"Water supply; sewerage, waste management and remediation activities",1284,499946.4409,69738.7107,56266.94447,561233.0568,78287.72561,63164.50456
37508092,MANILA WATER COMPANY INC.,2013,Philippines (the),PH,3600,"Water supply; sewerage, waste management and remediation activities",1313,474475.1091,70466.31859,45903.56753,521882.949,77507.05873,50490.08626
37508092,MANILA WATER COMPANY INC.,2014,Philippines (the),PH,3600,"Water supply; sewerage, waste management and remediation activities",1322,443780.9403,78205.99855,47783.71524,473660.8033,83471.6247,51001.00272
37508092,MANILA WATER COMPANY INC.,2015,Philippines (the),PH,3600,"Water supply; sewerage, waste management and remediation activities",1365,470803.6066,84964.21116,26605.77524,506145.5538,91342.24358,28602.99848
37508092,MANILA WATER COMPANY INC.,2016,Philippines (the),PH,3600,"Water supply; sewerage, waste management and remediation activities",1753,493113.427,75563.52802,36058.23801,523428.594,80208.95207,38274.99272
37508092,MANILA WATER COMPANY INC.,2017,Philippines (the),PH,3600,"Water supply; sewerage, waste management and remediation activities",2022,606015.7035,79912.32224,54790.67577,628684.6531,82901.56559,56840.20528
37508092,MANILA WATER COMPANY INC.,2018,Philippines (the),PH,3600,"Water supply; sewerage, waste management and remediation activities",1994,561906.8785,82539.05595,67787.17761,561906.8785,82539.05595,67787.17761
37508092,MANILA WATER COMPANY INC.,2019,Philippines (the),PH,3600,"Water supply; sewerage, waste management and remediation activities",1891.5,641750.1763,97990.08733,97830.83697,637307.6556,97311.75018,97153.60224
37508092,MANILA WATER COMPANY INC.,2020,Philippines (the),PH,3600,"Water supply; sewerage, waste management and remediation activities",1789,668595.5119,94602.35781,123434.8159,653186.3771,92422.05529,120590.0111
37508092,MANILA WATER COMPANY INC.,2021,Philippines (the),PH,3600,"Water supply; sewerage, waste management and remediation activities",2921,734227.1187,100396.0117,131728.8402,701298.3863,95893.43573,125821.0446
37508092,MANILA WATER COMPANY INC.,2022,Philippines (the),PH,3600,"Water supply; sewerage, waste management and remediation activities",2600,839978.2814,110590.2356,135246.9178,760562.2198,100134.4403,122459.9472
37508092,MANILA WATER COMPANY INC.,2023,Philippines (the),PH,3600,"Water supply; sewerage, waste management and remediation activities",2663,914997.3263,107462.0176,169834.9721,792043.2222,93021.65181,147013.1493
37508092,MANILA WATER COMPANY INC.,2024,Philippines (the),PH,3600,"Water supply; sewerage, waste management and remediation activities",2594,1093573.605,105951.1294,3352049.821,919817.7954,89116.75791,2819449.062
37507208,MARCVENTURES HOLDINGS INC,2011,Philippines (the),PH,6619,Financial and insurance activities,473,18756.37463,10602.37238,16506.39732,21475.53713,12139.42706,18899.37451
37507208,MARCVENTURES HOLDINGS INC,2012,Philippines (the),PH,6619,Financial and insurance activities,315,16932.75376,8951.980877,11295.13001,19008.47846,10049.37166,12679.75892
37507208,MARCVENTURES HOLDINGS INC,2013,Philippines (the),PH,6619,Financial and insurance activities,311,56662.33754,24025.12778,8016.954303,62323.83373,26425.6318,8817.979432
37507208,MARCVENTURES HOLDINGS INC,2014,Philippines (the),PH,6619,Financial and insurance activities,519,56643.9928,27947.19531,11532.80152,60457.84462,29828.88579,12309.30745
37507208,MARCVENTURES HOLDINGS INC,2015,Philippines (the),PH,6619,Financial and insurance activities,549,49415.15054,37728.87234,10926.324,53124.61159,40561.07624,11746.53345
37507208,MARCVENTURES HOLDINGS INC,2016,Philippines (the),PH,6619,Financial and insurance activities,587,38628.2298,24595.32666,7857.446896,41002.98006,26107.3752,8340.499683
37507208,MARCVENTURES HOLDINGS INC,2017,Philippines (the),PH,6619,Financial and insurance activities,839,40945.37448,23722.79229,7637.040782,42476.9992,24610.17983,7922.71604
37507208,MARCVENTURES HOLDINGS INC,2018,Philippines (the),PH,6619,Financial and insurance activities,399,18734.84641,16145.81664,6525.169082,18734.84641,16145.81664,6525.169082
37507208,MARCVENTURES HOLDINGS INC,2019,Philippines (the),PH,6619,Financial and insurance activities,7,28418.13806,15184.29762,5436.68216,28221.41327,15079.18421,5399.046685
37507208,MARCVENTURES HOLDINGS INC,2020,Philippines (the),PH,6619,Financial and insurance activities,7,60615.18257,30396.38927,4358.564275,59218.18319,29695.84305,4258.112354
37507208,MARCVENTURES HOLDINGS INC,2021,Philippines (the),PH,6619,Financial and insurance activities,337,77120.31898,38666.44421,3481.329094,73661.61489,36932.32549,3325.197904
37507208,MARCVENTURES HOLDINGS INC,2022,Philippines (the),PH,6619,Financial and insurance activities,9,55088.50695,31320.79483,3201.122605,49880.1434,28359.55853,2898.471268
37507208,MARCVENTURES HOLDINGS INC,2023,Philippines (the),PH,6619,Financial and insurance activities,14,36934.76302,20525.23957,2536.181518,31971.60022,17767.13048,2195.378417
37507208,MARCVENTURES HOLDINGS INC,2024,Philippines (the),PH,6619,Financial and insurance activities,20,29642.30961,17311.59669,2319.078086,24932.49996,14560.99034,1950.604222
37508223,MAX'S GROUP INC,2001,Philippines (the),PH,5610,Accommodation and food service activities,370,3795.19118,2685.024614,1749.649899,6788.403155,4802.664397,3129.573276
37508223,MAX'S GROUP INC,2002,Philippines (the),PH,5610,Accommodation and food service activities,467,5540.247855,3897.054393,1742.0898,9507.489969,6687.644041,2989.559625
37508223,MAX'S GROUP INC,2003,Philippines (the),PH,5610,Accommodation and food service activities,614.5,5710.233903,3897.568638,1302.344782,9496.071968,6481.624556,2165.788651
37508223,MAX'S GROUP INC,2004,Philippines (the),PH,5610,Accommodation and food service activities,762,9010.467835,6498.178247,1654.113403,14150.74746,10205.25027,2597.749802
37508223,MAX'S GROUP INC,2005,Philippines (the),PH,5610,Accommodation and food service activities,1194.5,15145.64663,11076.03637,4064.465827,22458.42148,16423.88068,6026.912476
37508223,MAX'S GROUP INC,2006,Philippines (the),PH,5610,Accommodation and food service activities,1627,28178.35647,20531.50711,5985.345643,39751.77038,28964.20723,8443.646667
37508223,MAX'S GROUP INC,2007,Philippines (the),PH,5610,Accommodation and food service activities,1910,39117.75018,28224.34198,8305.064968,53491.56356,38595.3736,11356.76026
37508223,MAX'S GROUP INC,2008,Philippines (the),PH,5610,Accommodation and food service activities,2098,39349.22653,28491.79774,7839.001881,50203.85275,36351.36303,10001.41886
37508223,MAX'S GROUP INC,2009,Philippines (the),PH,5610,Accommodation and food service activities,2098,39406.24653,28548.08383,7285.399805,48936.59151,35452.39752,9047.363443
37508223,MAX'S GROUP INC,2010,Philippines (the),PH,5610,Accommodation and food service activities,2098,42533.3265,31598.06369,5484.972184,50607.93695,37596.70231,6526.250103
37508223,MAX'S GROUP INC,2011,Philippines (the),PH,5610,Accommodation and food service activities,3225,53721.29554,39879.91833,8078.287438,61509.41745,45661.41825,9249.418677
37508223,MAX'S GROUP INC,2012,Philippines (the),PH,5610,Accommodation and food service activities,3576,85944.38154,63470.06636,10278.81617,96479.99071,71250.63097,11538.85886
37508223,MAX'S GROUP INC,2013,Philippines (the),PH,5610,Accommodation and food service activities,3614,86717.09575,63821.1615,10591.48041,95381.55487,70197.94153,11649.7429
37508223,MAX'S GROUP INC,2014,Philippines (the),PH,5610,Accommodation and food service activities,7110,112799.0464,82995.8769,39250.06205,120393.8297,88584.00655,41892.7769
37508223,MAX'S GROUP INC,2015,Philippines (the),PH,5610,Accommodation and food service activities,8798,221574.5231,153627.7397,50942.79757,238207.5204,165160.1566,54766.93493
37508223,MAX'S GROUP INC,2016,Philippines (the),PH,5610,Accommodation and food service activities,9499,231807.4211,156396.1625,56179.21057,246058.2614,166010.9398,59632.94364
37508223,MAX'S GROUP INC,2017,Philippines (the),PH,5610,Accommodation and food service activities,11006,255822.8585,178441.9745,62767.27946,265392.306,185116.8711,65115.18611
37508223,MAX'S GROUP INC,2018,Philippines (the),PH,5610,Accommodation and food service activities,9833,262290.2775,178755.3752,63440.18175,262290.2775,178755.3752,63440.18175
37508223,MAX'S GROUP INC,2019,Philippines (the),PH,5610,Accommodation and food service activities,9905,287791.3443,177672.1974,129769.6868,285799.1065,176442.2602,128871.3552
37508223,MAX'S GROUP INC,2020,Philippines (the),PH,5610,Accommodation and food service activities,5646,158260.8828,102749.7678,110644.4924,154613.4409,100381.6918,108094.4665
37508223,MAX'S GROUP INC,2021,Philippines (the),PH,5610,Accommodation and food service activities,4866,158622.034,84276.52112,94526.96446,151508.1283,80496.87455,90287.60441
37508223,MAX'S GROUP INC,2022,Philippines (the),PH,5610,Accommodation and food service activities,6033,199355.6314,109814.5584,77063.47138,180507.4785,99432.09984,69777.47658
37508223,MAX'S GROUP INC,2023,Philippines (the),PH,5610,Accommodation and food service activities,2288,217896.5549,125282.7204,72996.56189,188616.3866,108447.6716,63187.54211
37508223,MAX'S GROUP INC,2024,Philippines (the),PH,5610,Accommodation and food service activities,2674,212825.6738,128023.594,71403.1075,179010.2112,107682.171,60058.00488
84029842,MEDILINES DISTRIBUTORS INCORPORATED,2021,Philippines (the),PH,4690,Wholesale and retail trade; repair of motor vehicles and motorcycles,43,32411.78619,24675.36582,3084.531513,30958.17735,23568.72117,2946.195963
84029842,MEDILINES DISTRIBUTORS INCORPORATED,2022,Philippines (the),PH,4690,Wholesale and retail trade; repair of motor vehicles and motorcycles,54,35609.67581,28009.97871,3265.395591,32242.94566,25361.76477,2956.667541
84029842,MEDILINES DISTRIBUTORS INCORPORATED,2023,Philippines (the),PH,4690,Wholesale and retail trade; repair of motor vehicles and motorcycles,53,12642.5215,7632.389642,3485.575932,10943.66418,6606.77612,3017.196568
84029842,MEDILINES DISTRIBUTORS INCORPORATED,2024,Philippines (the),PH,4690,Wholesale and retail trade; repair of motor vehicles and motorcycles,68,24770.24439,17243.25112,3590.098836,20834.54783,14503.50407,3019.674927
84032428,MEGAWIDE CONSTRUCTION CORPORATION,2010,Philippines (the),PH,7732,Administrative and support service activities,705,103079.3684,84982.9114,19884.74457,122648.1586,101116.2346,23659.70363
84032428,MEGAWIDE CONSTRUCTION CORPORATION,2011,Philippines (the),PH,7732,Administrative and support service activities,1322,176691.8191,145917.3464,49707.81882,202307.3114,167071.3798,56914.09613
84032428,MEGAWIDE CONSTRUCTION CORPORATION,2012,Philippines (the),PH,7732,Administrative and support service activities,1844,199184.5484,157622.9106,91650.29525,223601.8578,176945.33,102885.3716
84032428,MEGAWIDE CONSTRUCTION CORPORATION,2013,Philippines (the),PH,7732,Administrative and support service activities,1916,245657.8614,194083.3342,97507.47742,270203.108,213475.4402,107250.0725
84032428,MEGAWIDE CONSTRUCTION CORPORATION,2014,Philippines (the),PH,7732,Administrative and support service activities,2117,221309.2567,177216.6682,105461.9327,236210.055,189148.7033,112562.7065
84032428,MEGAWIDE CONSTRUCTION CORPORATION,2015,Philippines (the),PH,7732,Administrative and support service activities,2572.5,328145.2728,250533.2645,104908.705,352778.2466,269340.1157,112783.9164
84032428,MEGAWIDE CONSTRUCTION CORPORATION,2016,Philippines (the),PH,7732,Administrative and support service activities,3028,355103.0474,264863.2501,105736.3345,376933.7411,281146.2657,112236.6942
84032428,MEGAWIDE CONSTRUCTION CORPORATION,2017,Philippines (the),PH,7732,Administrative and support service activities,1506,385131.9701,278312.5118,104522.2407,399538.4239,288723.2194,108432.0559
84032428,MEGAWIDE CONSTRUCTION CORPORATION,2018,Philippines (the),PH,7732,Administrative and support service activities,1749,314476.0395,202348.882,104242.7781,314476.0395,202348.882,104242.7781
84032428,MEGAWIDE CONSTRUCTION CORPORATION,2019,Philippines (the),PH,7732,Administrative and support service activities,4735,396437.8442,280698.1707,151072.2841,393693.5001,278755.0354,150026.4851
84032428,MEGAWIDE CONSTRUCTION CORPORATION,2020,Philippines (the),PH,7732,Administrative and support service activities,4727.5,275101.0615,190967.2478,150717.4156,268760.8016,186566.0217,147243.8282
84032428,MEGAWIDE CONSTRUCTION CORPORATION,2021,Philippines (the),PH,7732,Administrative and support service activities,4720,316017.7514,230004.5934,141152.3051,301844.938,219689.3116,134821.8845
84032428,MEGAWIDE CONSTRUCTION CORPORATION,2022,Philippines (the),PH,7732,Administrative and support service activities,3908,411515.5929,223886.69,119993.3005,372608.6969,202719.2389,108648.4889
84032428,MEGAWIDE CONSTRUCTION CORPORATION,2023,Philippines (the),PH,7732,Administrative and support service activities,3443,344899.7928,272829.752,112973.8501,298553.3786,236167.855,97792.82376
84032428,MEGAWIDE CONSTRUCTION CORPORATION,2024,Philippines (the),PH,7732,Administrative and support service activities,3443,471120.7846,300540.1539,101681.7807,396265.3079,252787.906,85525.75787
37507919,MEGAWORLD CORPORATION,2003,Philippines (the),PH,6831,Real estate activities,290,49742.0665,29739.34993,86123.10489,82720.64706,49456.29409,143222.0144
37507919,MEGAWORLD CORPORATION,2004,Philippines (the),PH,6831,Real estate activities,357,60101.26642,30122.75364,12380.59593,94387.75642,47307.1418,19443.46172
37507919,MEGAWORLD CORPORATION,2005,Philippines (the),PH,6831,Real estate activities,424,79059.62569,40669.40058,14802.64626,117231.9967,60305.8134,21949.81019
37507919,MEGAWORLD CORPORATION,2006,Philippines (the),PH,6831,Real estate activities,491,167429.7822,86541.88779,7894.895441,236196.5385,122086.3699,11137.48671
37507919,MEGAWORLD CORPORATION,2007,Philippines (the),PH,6831,Real estate activities,620,300173.9526,174841.0881,12093.3792,410472.8413,239086.4284,16537.09018
37507919,MEGAWORLD CORPORATION,2008,Philippines (the),PH,6831,Real estate activities,761,316760.8545,206732.7812,9059.303043,404140.4799,263760.7653,11558.3445
37507919,MEGAWORLD CORPORATION,2009,Philippines (the),PH,6831,Real estate activities,804,348433.8744,212676.6504,8222.818891,432702.1141,264112.1975,10211.49601
37507919,MEGAWORLD CORPORATION,2010,Philippines (the),PH,6831,Real estate activities,925,416670.715,196119.3837,8215.062241,495772.3039,233351.0736,9774.625832
37507919,MEGAWORLD CORPORATION,2011,Philippines (the),PH,6831,Real estate activities,1155,571197.8635,231225.5806,12312.39793,654005.9669,264746.9801,14097.35965
37507919,MEGAWORLD CORPORATION,2012,Philippines (the),PH,6831,Real estate activities,1424,645456.587,278966.1557,14492.25563,724580.7626,313163.6021,16268.80854
37507919,MEGAWORLD CORPORATION,2013,Philippines (the),PH,6831,Real estate activities,1771,737843.0174,284707.1261,15798.46482,811565.6277,313154.0342,17376.99039
37507919,MEGAWORLD CORPORATION,2014,Philippines (the),PH,6831,Real estate activities,1934,1122307.361,321937.135,41853.39713,1197872.549,343613.2293,44671.39507
37507919,MEGAWORLD CORPORATION,2015,Philippines (the),PH,6831,Real estate activities,1652.5,885471.7132,327247.2106,64683.28854,951941.6683,351812.7693,69538.88722
37507919,MEGAWORLD CORPORATION,2016,Philippines (the),PH,6831,Real estate activities,1371,877129.0878,311457.8943,71671.79291,931052.4112,330605.412,76077.9645
37507919,MEGAWORLD CORPORATION,2017,Philippines (the),PH,6831,Real estate activities,1234,971010.6031,376516.7629,103568.552,1007332.748,390600.9517,107442.693
37507919,MEGAWORLD CORPORATION,2018,Philippines (the),PH,6831,Real estate activities,1145,1053519.865,404787.2679,117025.5152,1053519.865,404787.2679,117025.5152
37507919,MEGAWORLD CORPORATION,2019,Philippines (the),PH,6831,Real estate activities,1073,1271912.106,487958.6938,132079.6742,1263107.284,484580.7959,131165.3516
37507919,MEGAWORLD CORPORATION,2020,Philippines (the),PH,6831,Real estate activities,1008,848120.2169,297370.9209,139886.7473,828573.5726,290517.4071,136662.7745
37507919,MEGAWORLD CORPORATION,2021,Philippines (the),PH,6831,Real estate activities,924,954991.3527,343436.6081,128626.6224,912161.7516,328034.1095,122857.9556
37507919,MEGAWORLD CORPORATION,2022,Philippines (the),PH,6831,Real estate activities,894,1007903.567,344695.6176,128241.4295,912610.9463,312106.2412,116116.7955
37507919,MEGAWORLD CORPORATION,2023,Philippines (the),PH,6831,Real estate activities,6204,1183505.161,409812.456,130890.5451,1024469.924,354743.3078,113301.9366
37507919,MEGAWORLD CORPORATION,2024,Philippines (the),PH,6831,Real estate activities,7642,1353231.387,465344.386,124004.7538,1138219.051,391406.7102,104301.8767
187664469,MERRYMART CONSUMER CORPORATION,2020,Philippines (the),PH,4639,Wholesale and retail trade; repair of motor vehicles and motorcycles,318,72322.50588,65486.77872,27308.33041,70655.68758,63977.50357,26678.95475
187664469,MERRYMART CONSUMER CORPORATION,2021,Philippines (the),PH,4639,Wholesale and retail trade; repair of motor vehicles and motorcycles,357,77389.74823,64545.98936,42693.32812,73918.96073,61651.22076,40778.61108
187664469,MERRYMART CONSUMER CORPORATION,2022,Philippines (the),PH,4639,Wholesale and retail trade; repair of motor vehicles and motorcycles,1147,95278.67101,77239.5227,54517.89041,86270.51333,69936.88306,49363.47602
187664469,MERRYMART CONSUMER CORPORATION,2023,Philippines (the),PH,4639,Wholesale and retail trade; repair of motor vehicles and motorcycles,1147,113462.3235,98739.10663,84036.54953,98215.65781,85470.89475,72744.01526
187664469,MERRYMART CONSUMER CORPORATION,2024,Philippines (the),PH,4639,Wholesale and retail trade; repair of motor vehicles and motorcycles,1127,134539.4693,108365.3914,90887.98989,113162.7514,91147.42246,76446.97173
37508772,METRO ALLIANCE HOLDINGS & EQUITIES CORPORATION,2003,Philippines (the),PH,4645,Wholesale and retail trade; repair of motor vehicles and motorcycles,332,21682.62797,15232.43116,15387.10373,36058.0318,25331.40762,25588.62682
37508772,METRO ALLIANCE HOLDINGS & EQUITIES CORPORATION,2004,Philippines (the),PH,4645,Wholesale and retail trade; repair of motor vehicles and motorcycles,338,22029.66187,14232.90721,12872.00297,34597.11388,22352.47706,20215.20599
37508772,METRO ALLIANCE HOLDINGS & EQUITIES CORPORATION,2005,Philippines (the),PH,4645,Wholesale and retail trade; repair of motor vehicles and motorcycles,240.5,29632.76723,20617.80468,13168.08989,43940.3607,30572.70242,19526.04071
37508772,METRO ALLIANCE HOLDINGS & EQUITIES CORPORATION,2006,Philippines (the),PH,4645,Wholesale and retail trade; repair of motor vehicles and motorcycles,143,31726.08506,22982.94407,12553.61077,44756.62198,32422.49833,17709.6295
37508772,METRO ALLIANCE HOLDINGS & EQUITIES CORPORATION,2007,Philippines (the),PH,4645,Wholesale and retail trade; repair of motor vehicles and motorcycles,143,3294.678822,2226.516234,114.0310603,4505.308225,3044.6494,155.931762
37508772,METRO ALLIANCE HOLDINGS & EQUITIES CORPORATION,2008,Philippines (the),PH,4645,Wholesale and retail trade; repair of motor vehicles and motorcycles,143,1372.054349,1144.67728,72.50710835,1750.540495,1460.440641,92.508456
37508772,METRO ALLIANCE HOLDINGS & EQUITIES CORPORATION,2009,Philippines (the),PH,4645,Wholesale and retail trade; repair of motor vehicles and motorcycles,143,2157.110148,1661.640316,114.4188432,2678.804186,2063.505676,142.0908786
37508772,METRO ALLIANCE HOLDINGS & EQUITIES CORPORATION,2010,Philippines (the),PH,4645,Wholesale and retail trade; repair of motor vehicles and motorcycles,143,3884.698714,2939.86561,123.4818297,4622.177566,3497.975486,146.9238634
37508772,METRO ALLIANCE HOLDINGS & EQUITIES CORPORATION,2011,Philippines (the),PH,4645,Wholesale and retail trade; repair of motor vehicles and motorcycles,168.5,3369.126853,2668.981139,86.58797229,3857.558311,3055.910574,99.14086547
37508772,METRO ALLIANCE HOLDINGS & EQUITIES CORPORATION,2012,Philippines (the),PH,4645,Wholesale and retail trade; repair of motor vehicles and motorcycles,194,2718.683212,1760.803051,49.69411486,3051.9567,1976.653493,55.78593567
37508772,METRO ALLIANCE HOLDINGS & EQUITIES CORPORATION,2013,Philippines (the),PH,4645,Wholesale and retail trade; repair of motor vehicles and motorcycles,194,2783.87452,2316.409295,42.10384212,3062.029211,2547.856548,46.31070601
37508772,METRO ALLIANCE HOLDINGS & EQUITIES CORPORATION,2014,Philippines (the),PH,4645,Wholesale and retail trade; repair of motor vehicles and motorcycles,194,2871.058147,2269.000629,113.2527972,3064.36709,2421.772914,120.8781316
37508772,METRO ALLIANCE HOLDINGS & EQUITIES CORPORATION,2015,Philippines (the),PH,4645,Wholesale and retail trade; repair of motor vehicles and motorcycles,216,3386.146787,2482.508576,79.57002893,3640.335623,2668.863748,85.54313475
37508772,METRO ALLIANCE HOLDINGS & EQUITIES CORPORATION,2016,Philippines (the),PH,4645,Wholesale and retail trade; repair of motor vehicles and motorcycles,373,3619.235963,2787.44506,52.9179133,3841.735974,2958.809006,56.17115138
37508772,METRO ALLIANCE HOLDINGS & EQUITIES CORPORATION,2017,Philippines (the),PH,4645,Wholesale and retail trade; repair of motor vehicles and motorcycles,449,4491.556844,3512.869699,88.61646633,4659.570437,3644.273994,91.93130157
37508772,METRO ALLIANCE HOLDINGS & EQUITIES CORPORATION,2018,Philippines (the),PH,4645,Wholesale and retail trade; repair of motor vehicles and motorcycles,468,5446.172753,4603.937682,127.4751591,5446.172753,4603.937682,127.4751591
37508772,METRO ALLIANCE HOLDINGS & EQUITIES CORPORATION,2019,Philippines (the),PH,4645,Wholesale and retail trade; repair of motor vehicles and motorcycles,528,6281.865825,4436.741282,1607.756579,6238.37956,4406.027906,1596.626872
37508772,METRO ALLIANCE HOLDINGS & EQUITIES CORPORATION,2020,Philippines (the),PH,4645,Wholesale and retail trade; repair of motor vehicles and motorcycles,528,5731.638594,4057.435964,1501.956819,5599.5414,3963.924153,1467.341189
37508772,METRO ALLIANCE HOLDINGS & EQUITIES CORPORATION,2021,Philippines (the),PH,4645,Wholesale and retail trade; repair of motor vehicles and motorcycles,593,5822.172879,4047.1305,1328.869132,5561.059161,3865.62416,1269.271802
37508772,METRO ALLIANCE HOLDINGS & EQUITIES CORPORATION,2022,Philippines (the),PH,4645,Wholesale and retail trade; repair of motor vehicles and motorcycles,515,5957.127603,4101.229521,998.9130467,5393.90874,3713.477238,904.4704381
37508772,METRO ALLIANCE HOLDINGS & EQUITIES CORPORATION,2023,Philippines (the),PH,4645,Wholesale and retail trade; repair of motor vehicles and motorcycles,326,4378.947887,2963.827418,436.0141762,3790.52036,2565.558774,377.4241335
37508772,METRO ALLIANCE HOLDINGS & EQUITIES CORPORATION,2024,Philippines (the),PH,4645,Wholesale and retail trade; repair of motor vehicles and motorcycles,336,3583.962387,2293.256733,495.2769876,3014.513486,1928.885575,416.5833782
264298362,METRO RETAIL STORES GROUP INC.,2015,Philippines (the),PH,4719,Wholesale and retail trade; repair of motor vehicles and motorcycles,6670,690491.7073,545323.8963,34917.35558,742325.0431,586259.8791,37538.50656
264298362,METRO RETAIL STORES GROUP INC.,2016,Philippines (the),PH,4719,Wholesale and retail trade; repair of motor vehicles and motorcycles,8188,698017.0477,550699.0174,48880.7543,740929.0883,584554.3777,51885.79969
264298362,METRO RETAIL STORES GROUP INC.,2017,Philippines (the),PH,4719,Wholesale and retail trade; repair of motor vehicles and motorcycles,9238,708724.812,549203.6348,47481.15936,735235.7538,569747.4416,49257.26517
264298362,METRO RETAIL STORES GROUP INC.,2018,Philippines (the),PH,4719,Wholesale and retail trade; repair of motor vehicles and motorcycles,8082,638772.6356,485636.7896,62325.47114,638772.6356,485636.7896,62325.47114
264298362,METRO RETAIL STORES GROUP INC.,2019,Philippines (the),PH,4719,Wholesale and retail trade; repair of motor vehicles and motorcycles,7086,742192.9279,562209.541,240684.2184,737055.0916,558317.6411,239018.08
264298362,METRO RETAIL STORES GROUP INC.,2020,Philippines (the),PH,4719,Wholesale and retail trade; repair of motor vehicles and motorcycles,6826,659042.198,519613.8985,215730.7161,643853.2387,507638.3461,210758.7658
264298362,METRO RETAIL STORES GROUP INC.,2021,Philippines (the),PH,4719,Wholesale and retail trade; repair of motor vehicles and motorcycles,6362,618935.3136,499002.5898,197452.125,591177.2061,476623.2438,188596.7613
264298362,METRO RETAIL STORES GROUP INC.,2022,Philippines (the),PH,4719,Wholesale and retail trade; repair of motor vehicles and motorcycles,7418,687568.2488,535517.3752,171097.9335,622561.8509,484886.6842,154921.4153
264298362,METRO RETAIL STORES GROUP INC.,2023,Philippines (the),PH,4719,Wholesale and retail trade; repair of motor vehicles and motorcycles,7175,695623.0778,540170.0589,195778.5174,602147.7093,467583.9171,169470.4928
264298362,METRO RETAIL STORES GROUP INC.,2024,Philippines (the),PH,4719,Wholesale and retail trade; repair of motor vehicles and motorcycles,7188,690681.8669,536647.2591,213710.4257,580940.7515,451380.4067,179754.3866
37507307,"MILLENNIUM GLOBAL HOLDINGS, INC",2006,Philippines (the),PH,321,Manufacturing,147,4939.835581,2847.024363,1914.617778,6968.724736,4016.354144,2700.989548
37507307,"MILLENNIUM GLOBAL HOLDINGS, INC",2007,Philippines (the),PH,321,Manufacturing,555,20914.4945,8808.241212,4931.668242,28599.5234,12044.82856,6743.809242
37507307,"MILLENNIUM GLOBAL HOLDINGS, INC",2008,Philippines (the),PH,321,Manufacturing,557,32377.65648,15771.00155,6796.104112,41309.14993,20121.48928,8670.83397
37507307,"MILLENNIUM GLOBAL HOLDINGS, INC",2009,Philippines (the),PH,321,Manufacturing,628,28303.45531,12115.54036,5405.470599,35148.60594,15045.66666,6712.776017
37507307,"MILLENNIUM GLOBAL HOLDINGS, INC",2010,Philippines (the),PH,321,Manufacturing,299,29573.08928,11463.75775,5329.725514,35187.30278,13640.0601,6341.531099
37507307,"MILLENNIUM GLOBAL HOLDINGS, INC",2014,Philippines (the),PH,321,Manufacturing,275.5,35078.62511,31157.13775,9609.722854,37440.47624,33254.95431,10256.74749
37507307,"MILLENNIUM GLOBAL HOLDINGS, INC",2015,Philippines (the),PH,321,Manufacturing,270,33282.78831,29882.11835,9185.239329,35781.23678,32125.28776,9874.750282
37507307,"MILLENNIUM GLOBAL HOLDINGS, INC",2016,Philippines (the),PH,321,Manufacturing,264.5,32645.31366,29163.13027,8759.119155,34652.25178,30955.99398,9297.604108
37507307,"MILLENNIUM GLOBAL HOLDINGS, INC",2017,Philippines (the),PH,321,Manufacturing,259,36727.45903,32907.45636,8409.350112,38101.30613,34138.41038,8723.914789
37507307,"MILLENNIUM GLOBAL HOLDINGS, INC",2018,Philippines (the),PH,321,Manufacturing,253.5,29562.91379,26259.90174,6813.34905,29562.91379,26259.90174,6813.34905
37507307,"MILLENNIUM GLOBAL HOLDINGS, INC",2019,Philippines (the),PH,321,Manufacturing,248,21678.08998,18737.64383,6641.297482,21528.02324,18607.93234,6595.323048
37507307,"MILLENNIUM GLOBAL HOLDINGS, INC",2020,Philippines (the),PH,321,Manufacturing,248,16979.28584,14492.54681,6851.444538,16587.96389,14158.53678,6693.539153
37507307,"MILLENNIUM GLOBAL HOLDINGS, INC",2021,Philippines (the),PH,321,Manufacturing,248,19359.57417,16716.98146,6738.586809,18491.33297,15967.25567,6436.373617
37507307,"MILLENNIUM GLOBAL HOLDINGS, INC",2022,Philippines (the),PH,321,Manufacturing,368,17841.19749,14735.51323,5034.319332,16154.39478,13342.33861,4558.347723
37507307,"MILLENNIUM GLOBAL HOLDINGS, INC",2023,Philippines (the),PH,321,Manufacturing,368,18058.12782,15504.4719,4079.579561,15631.54048,13421.03581,3531.38009
37507622,MONDE NISSIN CORPORATION,2021,Philippines (the),PH,1089,Manufacturing,3470,1370150.261,787123.9567,589913.3529,1308701.548,751822.8987,563456.8269
37507622,MONDE NISSIN CORPORATION,2022,Philippines (the),PH,1089,Manufacturing,3356,1319005.35,840724.5394,549955.5791,1194299.495,761237.9226,497959.8226
37507622,MONDE NISSIN CORPORATION,2023,Philippines (the),PH,1089,Manufacturing,3270,1469950.404,930101.7946,452709.6967,1272423.668,805118.0055,391876.169
37507622,MONDE NISSIN CORPORATION,2024,Philippines (the),PH,1089,Manufacturing,3593,1435958.002,877886.5189,439663.8958,1207801.393,738400.8159,369806.5438
37507999,MRC ALLIED INC,2012,Philippines (the),PH,6820,Real estate activities,13,619.1741489,490.2846065,715.7457686,695.076456,550.3868134,803.4864394
37507999,MRC ALLIED INC,2013,Philippines (the),PH,6820,Real estate activities,12,1238.348298,980.569213,334.8718951,1362.079589,1078.544148,368.3310859
37507999,MRC ALLIED INC,2014,Philippines (the),PH,6820,Real estate activities,14,757.833352,817.6829468,208.50797,808.8584292,872.7377098,222.546855
37507999,MRC ALLIED INC,2015,Philippines (the),PH,6820,Real estate activities,14,277.3184062,654.7966807,246.9151497,298.1359452,703.9504879,265.450399
37507999,MRC ALLIED INC,2016,Philippines (the),PH,6820,Real estate activities,14,11.54317153,491.9104145,251.5206888,12.25281185,522.1516238,266.983443
37507999,MRC ALLIED INC,2017,Philippines (the),PH,6820,Real estate activities,20,19.63022988,329.0241483,211.4656499,20.36452883,341.3318027,219.3758478
37507999,MRC ALLIED INC,2019,Philippines (the),PH,6820,Real estate activities,15,5.872615471,3.251615949,515.6077557,5.831962245,3.229106612,512.038457
37507999,MRC ALLIED INC,2020,Philippines (the),PH,6820,Real estate activities,15,33.34998648,24.00283047,578.461969,32.58136864,23.44963673,565.1301439
37507999,MRC ALLIED INC,2021,Philippines (the),PH,6820,Real estate activities,13,48.72572671,27.63225327,536.829884,46.54046772,26.39299766,512.7540536
37507999,MRC ALLIED INC,2022,Philippines (the),PH,6820,Real estate activities,15,40.69850334,21.11546692,457.3235938,36.85064808,19.11909719,414.0857631
37507999,MRC ALLIED INC,2023,Philippines (the),PH,6820,Real estate activities,15,126.8558663,7.990353897,72.86698858,109.8094237,6.916638405,63.07538041
418143244,NEXGEN ENERGY CORP.,2024,Philippines (the),PH,3511,"Electricity, gas, steam and air conditioning supply",15,2486.175678,330.1444382,12656.23778,2091.151999,277.6884225,10645.31246
73883678,NICKEL ASIA CORPORATION,2010,Philippines (the),PH,2399,Manufacturing,1248,198242.7289,63772.45187,87950.18957,235877.5188,75879.13969,104646.8267
73883678,NICKEL ASIA CORPORATION,2011,Philippines (the),PH,2399,Manufacturing,1425,296345.0507,69760.7697,95994.31173,339306.9964,79874.17768,109910.8675
73883678,NICKEL ASIA CORPORATION,2012,Philippines (the),PH,2399,Manufacturing,1453,282063.2376,98959.86985,144443.774,316640.3441,111091.0004,162150.611
73883678,NICKEL ASIA CORPORATION,2013,Philippines (the),PH,2399,Manufacturing,1484,251513.6278,86932.81603,148280.996,276643.9614,95618.82914,163096.6977
73883678,NICKEL ASIA CORPORATION,2014,Philippines (the),PH,2399,Manufacturing,1484,552151.4056,103406.6174,147903.1103,589327.8746,110369.0065,157861.4574
73883678,NICKEL ASIA CORPORATION,2015,Philippines (the),PH,2399,Manufacturing,1653,324114.6151,115531.8657,192386.2308,348445.0184,124204.5289,206828.1423
73883678,NICKEL ASIA CORPORATION,2016,Philippines (the),PH,2399,Manufacturing,1777,279840.9467,103554.9762,312497.2415,297044.7473,109921.2324,331708.6552
73883678,NICKEL ASIA CORPORATION,2017,Philippines (the),PH,2399,Manufacturing,1929,317806.1907,109007.7883,308239.8588,329694.2201,113085.3923,319770.0449
73883678,NICKEL ASIA CORPORATION,2018,Philippines (the),PH,2399,Manufacturing,2106,355607.5374,120738.1889,285984.0043,355607.5374,120738.1889,285984.0043
73883678,NICKEL ASIA CORPORATION,2019,Philippines (the),PH,2399,Manufacturing,2045,356438.2975,130959.8571,315863.7863,353970.8506,130053.2865,313677.2168
73883678,NICKEL ASIA CORPORATION,2020,Philippines (the),PH,2399,Manufacturing,2041,458904.9737,146616.5122,351602.6413,448328.5812,143237.4384,343499.2479
73883678,NICKEL ASIA CORPORATION,2021,Philippines (the),PH,2399,Manufacturing,1942,544960.4234,138121.7185,339511.5086,520519.9533,131927.2141,324285.0435
73883678,NICKEL ASIA CORPORATION,2022,Philippines (the),PH,2399,Manufacturing,2223,502690.6645,140491.4473,246169.6551,455163.5871,127208.6308,222895.4527
73883678,NICKEL ASIA CORPORATION,2023,Philippines (the),PH,2399,Manufacturing,2294,446889.8397,151236.0197,336392.0455,386838.3638,130913.4583,291188.8723
73883678,NICKEL ASIA CORPORATION,2024,Philippines (the),PH,2399,Manufacturing,2353,386233.846,141008.873,455567.5393,324865.892,118604.244,383183.2879
37507524,NIHAO MINERAL RESOURCES INTERNATIONAL INC,2012,Philippines (the),PH,510,Transportation and storage,9,2978.685151,1225.286451,1532.894721,3343.831331,1375.489861,1720.80671
37507524,NIHAO MINERAL RESOURCES INTERNATIONAL INC,2013,Philippines (the),PH,510,Transportation and storage,8,2955.959902,9344.103431,4726.077474,3251.308743,10277.73251,5198.290072
37507524,NIHAO MINERAL RESOURCES INTERNATIONAL INC,2014,Philippines (the),PH,510,Transportation and storage,4,343.6134246,248.7168595,6215.209516,366.7489879,265.4630173,6633.680865
178006598,NOW CORPORATION,2015,Philippines (the),PH,6190,Information and communication,3,2446.529269,1586.502983,68.90556728,2630.183573,1705.59745,74.07812095
178006598,NOW CORPORATION,2016,Philippines (the),PH,6190,Information and communication,33.66666667,2116.656307,1137.193109,132.7966603,2246.782127,1207.104405,140.9606094
178006598,NOW CORPORATION,2017,Philippines (the),PH,6190,Information and communication,64.33333333,2984.075374,1718.70675,174.4887066,3095.699304,1782.997619,181.0157251
178006598,NOW CORPORATION,2018,Philippines (the),PH,6190,Information and communication,95,4160.799813,2813.216113,221.6448012,4160.799813,2813.216113,221.6448012
178006598,NOW CORPORATION,2019,Philippines (the),PH,6190,Information and communication,167,4350.504486,2365.501336,279.2054228,4320.388084,2349.126134,277.2726211
178006598,NOW CORPORATION,2020,Philippines (the),PH,6190,Information and communication,119,4199.412811,2271.27564,263.6772339,4102.628856,2218.929503,257.6002592
178006598,NOW CORPORATION,2021,Philippines (the),PH,6190,Information and communication,70,3894.532711,2283.747632,326.6829543,3719.8701,2181.325762,312.0318262
178006598,NOW CORPORATION,2022,Philippines (the),PH,6190,Information and communication,63,3629.347838,1881.040633,439.4689964,3286.209785,1703.196941,397.9192354
178006598,NOW CORPORATION,2023,Philippines (the),PH,6190,Information and communication,78,3873.414033,1685.082854,384.454798,3352.918357,1458.647381,332.7931222
178006598,NOW CORPORATION,2024,Philippines (the),PH,6190,Information and communication,55,3279.449692,1302.202878,252.1805008,2758.384229,1095.298364,212.1120253
84019614,"OCEANAGOLD (PHILIPPINES), INC.",2023,Philippines (the),PH,2441,Manufacturing,843,371238,166467,193662,321352.3507,144097.7534,167638.3855
84019614,"OCEANAGOLD (PHILIPPINES), INC.",2024,Philippines (the),PH,2441,Manufacturing,844,342938,161679,196070,288449.2398,135990.1342,164916.8143
37507380,OMICO CORPORATION,2008,Philippines (the),PH,510,Transportation and storage,19,1190.754989,521.0487583,176.4557249,1519.229052,664.7819397,225.1316738
37507380,OMICO CORPORATION,2009,Philippines (the),PH,510,Transportation and storage,19.5,1567.801333,467.512287,219.5400768,1946.971867,580.5794723,272.6355338
37507380,OMICO CORPORATION,2010,Philippines (the),PH,510,Transportation and storage,20,2061.410542,619.892913,225.9086289,2452.752778,737.5746041,268.7955678
37507380,OMICO CORPORATION,2011,Philippines (the),PH,510,Transportation and storage,17,724.6858712,460.1848617,209.3425668,829.7455474,526.8991091,239.6915265
37507380,OMICO CORPORATION,2012,Philippines (the),PH,510,Transportation and storage,14,1744.780522,695.062141,173.9658168,1958.666821,780.267281,195.2916537
37507380,OMICO CORPORATION,2013,Philippines (the),PH,510,Transportation and storage,11,1124.105038,567.568798,108.3442183,1236.421555,624.2782231,119.1695815
37507380,OMICO CORPORATION,2014,Philippines (the),PH,510,Transportation and storage,12,1118.430207,462.3349894,134.8589117,1193.734345,493.4641004,143.9389903
37507380,OMICO CORPORATION,2015,Philippines (the),PH,510,Transportation and storage,12,853.4113521,553.2799027,97.23105587,917.4746229,594.8131213,104.529927
37507380,OMICO CORPORATION,2016,Philippines (the),PH,510,Transportation and storage,11,603.3164068,388.3323652,139.9634641,640.4065298,412.2059,148.5680074
37507380,OMICO CORPORATION,2017,Philippines (the),PH,510,Transportation and storage,12,1201.770686,350.8202512,166.0557201,1246.724767,363.9432224,172.2672898
37507380,OMICO CORPORATION,2018,Philippines (the),PH,510,Transportation and storage,10,464.0960671,380.7753747,152.4732635,464.0960671,380.7753747,152.4732635
37507380,OMICO CORPORATION,2019,Philippines (the),PH,510,Transportation and storage,10,818.6977757,694.7028208,123.5614061,813.0303339,689.8937351,122.7060513
37507380,OMICO CORPORATION,2020,Philippines (the),PH,510,Transportation and storage,10,462.4031833,391.8935677,100.2789543,451.7461675,382.8615885,97.9678232
37507380,OMICO CORPORATION,2021,Philippines (the),PH,510,Transportation and storage,10,684.5826737,487.4936086,63.47737154,653.8804032,465.6304192,60.63052848
37507380,OMICO CORPORATION,2022,Philippines (the),PH,510,Transportation and storage,10,888.8096964,548.6457608,49.82181057,804.7768503,496.7738417,45.1113888
37507380,OMICO CORPORATION,2023,Philippines (the),PH,510,Transportation and storage,10,317.0586823,189.4289755,77.24008767,274.4534581,163.9741798,66.86083791
37507380,OMICO CORPORATION,2024,Philippines (the),PH,510,Transportation and storage,10,119.0402282,37.31857718,154.1352042,100.1261549,31.38910012,129.6449576
37507406,ORIENTAL PETROLEUM AND MINERALS CORP.,2002,Philippines (the),PH,610,Information and communication,11,831.2867262,1078.38632,20889.97289,1426.551739,1850.593581,35848.79465
37507406,ORIENTAL PETROLEUM AND MINERALS CORP.,2003,Philippines (the),PH,610,Information and communication,11,6258.0933,577.0663277,17828.62679,10407.15763,959.6565519,29648.85956
37507406,ORIENTAL PETROLEUM AND MINERALS CORP.,2004,Philippines (the),PH,610,Information and communication,8,889.9177026,615.2273903,39193.07894,1397.596762,966.2014881,61551.89413
37507406,ORIENTAL PETROLEUM AND MINERALS CORP.,2005,Philippines (the),PH,610,Information and communication,12,1884.278435,854.9946613,38675.22333,2794.064877,1267.811863,57348.78725
37507406,ORIENTAL PETROLEUM AND MINERALS CORP.,2006,Philippines (the),PH,610,Information and communication,11.75,2999,1580,38197,4230.74921,2228.937563,53885.27095
37507406,ORIENTAL PETROLEUM AND MINERALS CORP.,2007,Philippines (the),PH,610,Information and communication,11.5,2651,1725,37890,3625.109684,2358.851077,51812.6767
37507406,ORIENTAL PETROLEUM AND MINERALS CORP.,2008,Philippines (the),PH,610,Information and communication,11.25,2401,2252,37535,3063.324519,2873.222331,47889.16528
37507406,ORIENTAL PETROLEUM AND MINERALS CORP.,2009,Philippines (the),PH,610,Information and communication,11,5522,2498,36571,6857.487889,3102.137767,45415.64462
37507406,ORIENTAL PETROLEUM AND MINERALS CORP.,2010,Philippines (the),PH,610,Information and communication,11,17140,5673,27881,20393.89135,6749.97349,33173.98393
37507406,ORIENTAL PETROLEUM AND MINERALS CORP.,2011,Philippines (the),PH,610,Information and communication,10,24004,7794,19569,27483.92498,8923.917318,22405.971
37507406,ORIENTAL PETROLEUM AND MINERALS CORP.,2012,Philippines (the),PH,610,Information and communication,12,16608,6016,18423,18643.91432,6753.479561,20681.40857
37507406,ORIENTAL PETROLEUM AND MINERALS CORP.,2013,Philippines (the),PH,610,Information and communication,12,15825,6810,27705,17406.17686,7490.430613,30473.18357
37507406,ORIENTAL PETROLEUM AND MINERALS CORP.,2014,Philippines (the),PH,610,Information and communication,13,22584,6296,16640,24104.58542,6719.91099,17760.37466
37507406,ORIENTAL PETROLEUM AND MINERALS CORP.,2015,Philippines (the),PH,610,Information and communication,13,10454,6146,15686,11238.75337,6607.363517,16863.50539
37507406,ORIENTAL PETROLEUM AND MINERALS CORP.,2016,Philippines (the),PH,610,Information and communication,14,8674,4682,14581,9207.252076,4969.835626,15477.39711
37507406,ORIENTAL PETROLEUM AND MINERALS CORP.,2017,Philippines (the),PH,610,Information and communication,11,7646,4836,14751,7932.010392,5016.898019,15302.78385
37507406,ORIENTAL PETROLEUM AND MINERALS CORP.,2018,Philippines (the),PH,610,Information and communication,15,7692,7517,13718,7692,7517,13718
37507406,ORIENTAL PETROLEUM AND MINERALS CORP.,2019,Philippines (the),PH,610,Information and communication,14,4499,4604,13326,4467.855637,4572.128774,13233.75066
37507406,ORIENTAL PETROLEUM AND MINERALS CORP.,2020,Philippines (the),PH,610,Information and communication,15,1406,1678,12646,1373.595889,1639.327099,12354.54737
37507406,ORIENTAL PETROLEUM AND MINERALS CORP.,2021,Philippines (the),PH,610,Information and communication,17,3506,2261,12175,3348.762365,2159.598319,11628.9737
37507406,ORIENTAL PETROLEUM AND MINERALS CORP.,2022,Philippines (the),PH,610,Information and communication,17,3614,1634,11746,3272.313015,1479.512857,10635.47003
37507406,ORIENTAL PETROLEUM AND MINERALS CORP.,2023,Philippines (the),PH,610,Information and communication,17,3020,1946,11319,2614.183083,1684.503404,9797.992819
37507406,ORIENTAL PETROLEUM AND MINERALS CORP.,2024,Philippines (the),PH,610,Information and communication,16,3107,2296,10883,2613.334737,1931.19297,9153.821031
44534006,PACIFIC ONLINE SYSTEMS CORPORATION,2007,Philippines (the),PH,9329,"Arts, entertainment and recreation",49,12323.10795,1180.6961,8394.628021,16851.23273,1614.542764,11479.23324
44534006,PACIFIC ONLINE SYSTEMS CORPORATION,2008,Philippines (the),PH,9329,"Arts, entertainment and recreation",74,17162.72527,6490.807699,8454.480461,21897.12501,8281.32044,10786.67942
44534006,PACIFIC ONLINE SYSTEMS CORPORATION,2009,Philippines (the),PH,9329,"Arts, entertainment and recreation",147,22059.90551,7931.033583,8567.175602,27395.06246,9849.142837,10639.1349
44534006,PACIFIC ONLINE SYSTEMS CORPORATION,2010,Philippines (the),PH,9329,"Arts, entertainment and recreation",180,32417.40972,10839.74042,8621.328626,38571.5946,12897.57809,10258.01863
44534006,PACIFIC ONLINE SYSTEMS CORPORATION,2011,Philippines (the),PH,9329,"Arts, entertainment and recreation",162,31835.41344,10777.13563,6943.544188,36450.67967,12339.52622,7950.168621
44534006,PACIFIC ONLINE SYSTEMS CORPORATION,2012,Philippines (the),PH,9329,"Arts, entertainment and recreation",206,40436.41928,9875.845187,7929.015263,45393.37287,11086.48913,8901.004407
44534006,PACIFIC ONLINE SYSTEMS CORPORATION,2013,Philippines (the),PH,9329,"Arts, entertainment and recreation",183,37805.31003,8974.554739,9115.391758,41582.68011,9871.259847,10026.16879
44534006,PACIFIC ONLINE SYSTEMS CORPORATION,2014,Philippines (the),PH,9329,"Arts, entertainment and recreation",173,39733.51007,8073.264292,8285.160453,42408.77557,8616.838857,8843.00203
44534006,PACIFIC ONLINE SYSTEMS CORPORATION,2015,Philippines (the),PH,9329,"Arts, entertainment and recreation",163,36056.77804,7171.973845,11544.77797,38763.46237,7710.35443,12411.41308
44534006,PACIFIC ONLINE SYSTEMS CORPORATION,2016,Philippines (the),PH,9329,"Arts, entertainment and recreation",478,38194.8088,6270.683398,9613.87595,40542.91361,6656.18662,10204.90884
44534006,PACIFIC ONLINE SYSTEMS CORPORATION,2017,Philippines (the),PH,9329,"Arts, entertainment and recreation",934,47378.14072,5369.392951,8773.050197,49150.39295,5570.243354,9101.219636
44534006,PACIFIC ONLINE SYSTEMS CORPORATION,2018,Philippines (the),PH,9329,"Arts, entertainment and recreation",952,41644.03485,4468.102504,4928.988906,41644.03485,4468.102504,4928.988906
44534006,PACIFIC ONLINE SYSTEMS CORPORATION,2019,Philippines (the),PH,9329,"Arts, entertainment and recreation",598,19867.807,3566.812057,3108.032471,19730.27195,3542.120772,3086.517092
44534006,PACIFIC ONLINE SYSTEMS CORPORATION,2020,Philippines (the),PH,9329,"Arts, entertainment and recreation",244,8190.461068,2665.52161,1948.850802,8001.69534,2604.089278,1903.935597
44534006,PACIFIC ONLINE SYSTEMS CORPORATION,2021,Philippines (the),PH,9329,"Arts, entertainment and recreation",135,8572.025219,1543.014171,592.2519515,8187.585695,1473.812831,565.6905436
44534006,PACIFIC ONLINE SYSTEMS CORPORATION,2022,Philippines (the),PH,9329,"Arts, entertainment and recreation",138,9463.079146,1516.678551,68.22879566,8568.38878,1373.283609,61.77807859
44534006,PACIFIC ONLINE SYSTEMS CORPORATION,2023,Philippines (the),PH,9329,"Arts, entertainment and recreation",42,11839.97683,1001.241733,12718.87977,10248.96263,866.6984106,11009.7617
44534006,PACIFIC ONLINE SYSTEMS CORPORATION,2024,Philippines (the),PH,9329,"Arts, entertainment and recreation",29,9098.613861,1361.705755,11239.61425,7652.952579,1145.346943,9453.773525
37508763,PAL HOLDINGS INC,2008,Philippines (the),PH,5110,Transportation and storage,8052,1514530.511,1469864.68,1351759.685,1932319.222,1875332.159,1724647.475
37508763,PAL HOLDINGS INC,2009,Philippines (the),PH,5110,Transportation and storage,7488,1506335.407,1227122.74,1237504.752,1870640.494,1523900.638,1536793.526
37508763,PAL HOLDINGS INC,2010,Philippines (the),PH,5110,Transportation and storage,7161,1721124.248,1399717.251,1150837.675,2047865.864,1665442.33,1369314.965
37508763,PAL HOLDINGS INC,2011,Philippines (the),PH,5110,Transportation and storage,4803,1722165.319,1584386.343,1177300.205,1971832.296,1814079.128,1347976.609
37508763,PAL HOLDINGS INC,2012,Philippines (the),PH,5110,Transportation and storage,4831,1815270.097,1652247.792,1860244.791,2037797.456,1854790.84,2088285.435
37508763,PAL HOLDINGS INC,2013,Philippines (the),PH,5110,Transportation and storage,4991,1260512.121,1227752.472,1632680.657,1386457.941,1350425.066,1795812.214
37508763,PAL HOLDINGS INC,2014,Philippines (the),PH,5110,Transportation and storage,2671,2262677.703,2054023.802,1252085.272,2415024.263,2192321.652,1336388.434
37508763,PAL HOLDINGS INC,2015,Philippines (the),PH,5110,Transportation and storage,2641,2330095.207,2001013.285,1235752.104,2505009.122,2151223.914,1328516.656
37508763,PAL HOLDINGS INC,2016,Philippines (the),PH,5110,Transportation and storage,2611,2307268.056,1872564.542,2261681.401,2449112.128,1987684.317,2400722.94
37508763,PAL HOLDINGS INC,2017,Philippines (the),PH,5110,Transportation and storage,2601,2594180.009,2376165.634,2454797.825,2691219.302,2465049.765,2546623.314
37508763,PAL HOLDINGS INC,2018,Philippines (the),PH,5110,Transportation and storage,6689,2907564.516,2303946.555,2458439.886,2907564.516,2303946.555,2458439.886
37508763,PAL HOLDINGS INC,2019,Philippines (the),PH,5110,Transportation and storage,2780,3045418.783,1973950.434,4679979.083,3024336.848,1960285.747,4647581.891
37508763,PAL HOLDINGS INC,2020,Philippines (the),PH,5110,Transportation and storage,6238,1150469.737,744982.8024,4311513.856,1123954.837,727813.1682,4212146.306
37508763,PAL HOLDINGS INC,2021,Philippines (the),PH,5110,Transportation and storage,4432,3167417.795,786052.9558,2467761.796,3025364.948,750799.9302,2357087.23
37508763,PAL HOLDINGS INC,2022,Philippines (the),PH,5110,Transportation and storage,4808,2499498.101,1526238.921,2013859.486,2263182.116,1381940.09,1823458.386
37508763,PAL HOLDINGS INC,2023,Philippines (the),PH,5110,Transportation and storage,5109,3223511.418,1877165.995,2162985.543,2790347.357,1624919.068,1872331.197
37507290,PANASONIC MANUFACTURING PHILIPPINES CORPORATION,2000,Philippines (the),PH,2712,Manufacturing,1810,156913.9046,106222.7885,14158.95703,296440.0535,200674.9446,26748.94867
37507290,PANASONIC MANUFACTURING PHILIPPINES CORPORATION,2001,Philippines (the),PH,2712,Manufacturing,1716,145646.6112,99577.50553,14345.43503,260515.971,178112.833,25659.47058
37507290,PANASONIC MANUFACTURING PHILIPPINES CORPORATION,2002,Philippines (the),PH,2712,Manufacturing,1588.5,161752.06,105801.1877,16034.31643,277578.9329,181562.9476,27516.116
37507290,PANASONIC MANUFACTURING PHILIPPINES CORPORATION,2003,Philippines (the),PH,2712,Manufacturing,1461,156931.5659,108719.754,11751.05168,260975.902,180800.0559,19541.90219
37507290,PANASONIC MANUFACTURING PHILIPPINES CORPORATION,2004,Philippines (the),PH,2712,Manufacturing,1275,130225.1559,93658.78812,14312.92312,204515.8285,147089.1282,22478.14034
37507290,PANASONIC MANUFACTURING PHILIPPINES CORPORATION,2005,Philippines (the),PH,2712,Manufacturing,1145.5,136786.6784,103145.0552,14135.22739,202831.411,152946.5978,20960.14137
37507290,PANASONIC MANUFACTURING PHILIPPINES CORPORATION,2006,Philippines (the),PH,2712,Manufacturing,1016,136265.0781,96129.58724,14130.18566,192231.8677,135611.9291,19933.73519
37507290,PANASONIC MANUFACTURING PHILIPPINES CORPORATION,2007,Philippines (the),PH,2712,Manufacturing,900,148428.8428,99966.27157,15966.44161,202969.0062,136698.868,21833.30898
37507290,PANASONIC MANUFACTURING PHILIPPINES CORPORATION,2008,Philippines (the),PH,2712,Manufacturing,864,128822.75,91593.23423,12763.46007,164358.9707,116859.5586,16284.30662
37507290,PANASONIC MANUFACTURING PHILIPPINES CORPORATION,2009,Philippines (the),PH,2712,Manufacturing,618,142325.8725,96616.12784,11599.77686,176747.1835,119982.6017,14405.16648
37507290,PANASONIC MANUFACTURING PHILIPPINES CORPORATION,2010,Philippines (the),PH,2712,Manufacturing,618,164380.2229,113250.8954,13172.47622,195586.4881,134750.6684,15673.16504
37507290,PANASONIC MANUFACTURING PHILIPPINES CORPORATION,2011,Philippines (the),PH,2712,Manufacturing,618,138998.2786,101861.9066,12053.16275,159149.236,116629.1035,13800.54244
37507290,PANASONIC MANUFACTURING PHILIPPINES CORPORATION,2012,Philippines (the),PH,2712,Manufacturing,542,158446.9712,110517.6627,12040.59818,177870.4092,124065.621,13516.61132
37507290,PANASONIC MANUFACTURING PHILIPPINES CORPORATION,2013,Philippines (the),PH,2712,Manufacturing,559,149094.7603,104336.494,17602.74204,163991.7705,114761.4198,19361.54447
37507290,PANASONIC MANUFACTURING PHILIPPINES CORPORATION,2014,Philippines (the),PH,2712,Manufacturing,555,151883.3182,113140.394,18111.79602,162109.6536,120758.1603,19331.26701
37507290,PANASONIC MANUFACTURING PHILIPPINES CORPORATION,2015,Philippines (the),PH,2712,Manufacturing,555,179683.3268,132514.9405,16326.88437,193171.6658,142462.4769,17552.49921
37507290,PANASONIC MANUFACTURING PHILIPPINES CORPORATION,2016,Philippines (the),PH,2712,Manufacturing,637,200623.9177,146012.3112,15352.05392,212957.6877,154988.7198,16295.85316
37507290,PANASONIC MANUFACTURING PHILIPPINES CORPORATION,2017,Philippines (the),PH,2712,Manufacturing,703.5,203148.3064,158440.5676,16397.72387,210747.3813,164367.2808,17011.10596
37507290,PANASONIC MANUFACTURING PHILIPPINES CORPORATION,2018,Philippines (the),PH,2712,Manufacturing,770,219378.3244,171223.0264,18358.79612,219378.3244,171223.0264,18358.79612
37507290,PANASONIC MANUFACTURING PHILIPPINES CORPORATION,2019,Philippines (the),PH,2712,Manufacturing,814,235310.82,179881.0558,21223.43379,233681.879,178635.8278,21076.51441
37507290,PANASONIC MANUFACTURING PHILIPPINES CORPORATION,2020,Philippines (the),PH,2712,Manufacturing,829,225874.8019,164775.2261,20317.15045,220669.0606,160977.6481,19848.90066
37507290,PANASONIC MANUFACTURING PHILIPPINES CORPORATION,2021,Philippines (the),PH,2712,Manufacturing,886,243727.8384,187215.0572,17311.72121,232797.0943,178818.8071,16535.32244
37507290,PANASONIC MANUFACTURING PHILIPPINES CORPORATION,2022,Philippines (the),PH,2712,Manufacturing,974,280607.8456,227867.7825,16788.82518,254077.6716,206323.9376,15201.51941
37507290,PANASONIC MANUFACTURING PHILIPPINES CORPORATION,2023,Philippines (the),PH,2712,Manufacturing,974,254934.0366,200119.3192,14626.81952,220676.9026,173227.993,12661.31926
37507290,PANASONIC MANUFACTURING PHILIPPINES CORPORATION,2024,Philippines (the),PH,2712,Manufacturing,974,300582.4383,234468.9689,16305.46209,252823.472,197214.6447,13714.71854
37507146,PAXYS INC,2004,Philippines (the),PH,7490,"Professional, scientific and technical activities",1669,11522.72188,5023.832734,8937.352155,18096.18883,7889.822107,14035.92085
37507146,PAXYS INC,2005,Philippines (the),PH,7490,"Professional, scientific and technical activities",3110,26196.14924,12067.66962,16187.16023,38844.43993,17894.30437,24002.80925
37507146,PAXYS INC,2006,Philippines (the),PH,7490,"Professional, scientific and technical activities",5858,55191.03679,23472.9913,23152.34487,77859.09814,33113.81774,32661.47542
37507146,PAXYS INC,2007,Philippines (the),PH,7490,"Professional, scientific and technical activities",6895,82931.42551,36125.93843,29746.1651,113404.5695,49400.41089,40676.39048
37507146,PAXYS INC,2008,Philippines (the),PH,7490,"Professional, scientific and technical activities",5990,71851.59608,29866.98992,19481.56283,91672.11829,38105.90694,24855.62227
37507146,PAXYS INC,2009,Philippines (the),PH,7490,"Professional, scientific and technical activities",5990,81002.30663,39153.89517,13982.0301,100592.5999,48623.20933,17363.5643
37507146,PAXYS INC,2010,Philippines (the),PH,7490,"Professional, scientific and technical activities",5217,53473.07832,24130.81962,4789.632078,63624.51279,28711.86193,5698.905262
37507146,PAXYS INC,2011,Philippines (the),PH,7490,"Professional, scientific and technical activities",2822,58383.31079,7978.715408,1452.308366,66847.2977,9135.41142,1662.853449
37507146,PAXYS INC,2012,Philippines (the),PH,7490,"Professional, scientific and technical activities",1705,30401.77674,24324.86866,427.6558512,34128.61998,27306.76585,480.0806267
37507146,PAXYS INC,2013,Philippines (the),PH,7490,"Professional, scientific and technical activities",522,4298.104303,2914.283853,191.6287702,4727.555366,3205.468574,210.7756251
37507146,PAXYS INC,2014,Philippines (the),PH,7490,"Professional, scientific and technical activities",422,3645.605974,2936.100621,105.5427315,3891.065382,3133.788886,112.6489455
37507146,PAXYS INC,2015,Philippines (the),PH,7490,"Professional, scientific and technical activities",271,3008.268656,2492.57939,62.96908764,3234.091208,2679.690551,67.69600592
37507146,PAXYS INC,2016,Philippines (the),PH,7490,"Professional, scientific and technical activities",270,2064.983048,1578.162336,46.97568934,2191.932149,1675.183127,49.86361693
37507146,PAXYS INC,2017,Philippines (the),PH,7490,"Professional, scientific and technical activities",204,1688.059554,1308.595192,33.6718535,1751.204018,1357.545208,34.93140098
37507146,PAXYS INC,2018,Philippines (the),PH,7490,"Professional, scientific and technical activities",167,1653.402696,1201.141846,150.1782933,1653.402696,1201.141846,150.1782933
37507146,PAXYS INC,2019,Philippines (the),PH,7490,"Professional, scientific and technical activities",127,1589.902252,930.8883793,875.0591188,1578.896141,924.4442972,869.0015152
37507146,PAXYS INC,2020,Philippines (the),PH,7490,"Professional, scientific and technical activities",118,1308.664295,630.4229966,590.182345,1278.503481,615.8936246,576.5804002
37507146,PAXYS INC,2021,Philippines (the),PH,7490,"Professional, scientific and technical activities",83,1135.128237,468.1530008,1000.630263,1084.219829,447.157202,955.7538411
37507146,PAXYS INC,2022,Philippines (the),PH,7490,"Professional, scientific and technical activities",67,730.0605868,219.618675,805.6664317,661.0367349,198.854745,729.4943968
37507146,PAXYS INC,2023,Philippines (the),PH,7490,"Professional, scientific and technical activities",9,541.0225433,44.12690936,437.1659389,468.3218477,38.19729137,378.4211264
37507146,PAXYS INC,2024,Philippines (the),PH,7490,"Professional, scientific and technical activities",9,285.8275505,49.48805316,188.0752867,240.4129599,41.62499143,158.1923656
37508377,PETROENERGY RESOURCES CORPORATION,2007,Philippines (the),PH,910,"Arts, entertainment and recreation",9,8555,3271,12343,11698.53389,4472.928622,16878.43411
37508377,PETROENERGY RESOURCES CORPORATION,2008,Philippines (the),PH,910,"Arts, entertainment and recreation",12,10911,4495,12579,13920.83875,5734.96198,16048.96257
37508377,PETROENERGY RESOURCES CORPORATION,2009,Philippines (the),PH,910,"Arts, entertainment and recreation",15,8695,3251,12052,10797.87345,4037.249751,14966.75915
37508377,PETROENERGY RESOURCES CORPORATION,2010,Philippines (the),PH,910,"Arts, entertainment and recreation",21,10790,4321,12104,12838.39484,5141.307148,14401.84719
37508377,PETROENERGY RESOURCES CORPORATION,2011,Philippines (the),PH,910,"Arts, entertainment and recreation",20,13545,5432,21298,15508.65539,6219.491772,24385.62882
37508377,PETROENERGY RESOURCES CORPORATION,2012,Philippines (the),PH,910,"Arts, entertainment and recreation",54,12010,6648,51456,13482.26222,7462.954143,57763.8039
37508377,PETROENERGY RESOURCES CORPORATION,2013,Philippines (the),PH,910,"Arts, entertainment and recreation",91,13724,6612,75072,15095.25253,7272.647167,82572.92319
37508377,PETROENERGY RESOURCES CORPORATION,2014,Philippines (the),PH,910,"Arts, entertainment and recreation",128,26117,9808,79057,27875.46304,10468.37468,84379.92426
37508377,PETROENERGY RESOURCES CORPORATION,2015,Philippines (the),PH,910,"Arts, entertainment and recreation",133,23756,8390,140724,25539.29836,9019.814498,151287.7682
37508377,PETROENERGY RESOURCES CORPORATION,2016,Philippines (the),PH,910,"Arts, entertainment and recreation",138,33833,10069,138871,35912.9536,10688.01258,147408.3817
37508377,PETROENERGY RESOURCES CORPORATION,2017,Philippines (the),PH,910,"Arts, entertainment and recreation",137,35900.02481,10252.96922,162830.1529,37242.92046,10636.49731,168921.0652
37508377,PETROENERGY RESOURCES CORPORATION,2018,Philippines (the),PH,910,"Arts, entertainment and recreation",142,41194.52418,11698.88526,150546.7214,41194.52418,11698.88526,150546.7214
37508377,PETROENERGY RESOURCES CORPORATION,2019,Philippines (the),PH,910,"Arts, entertainment and recreation",138,42066.01758,11033.73796,176178.4641,41774.81525,10957.35682,174958.8673
37508377,PETROENERGY RESOURCES CORPORATION,2020,Philippines (the),PH,910,"Arts, entertainment and recreation",136,48875.88324,13345.96928,180981.8622,47749.43974,13038.38444,176810.7694
37508377,PETROENERGY RESOURCES CORPORATION,2021,Philippines (the),PH,910,"Arts, entertainment and recreation",138,48142.63299,12099.26364,164420.5531,45983.52468,11556.63397,157046.5945
37508377,PETROENERGY RESOURCES CORPORATION,2022,Philippines (the),PH,910,"Arts, entertainment and recreation",136,46047.23821,13363.25735,152165.2001,41693.68481,12099.82317,137778.6842
37508377,PETROENERGY RESOURCES CORPORATION,2023,Philippines (the),PH,910,"Arts, entertainment and recreation",166,55419.94287,14101.89485,225515.6272,47972.80698,12206.9321,195211.635
37508377,PETROENERGY RESOURCES CORPORATION,2024,Philippines (the),PH,910,"Arts, entertainment and recreation",173,61676.61073,16022.16659,263338.0658,51876.93251,13476.43531,221496.7863
37507350,PETRON CORPORATION,2005,Philippines (the),PH,910,"Arts, entertainment and recreation",1232,3613714.873,3307158.998,425311.4147,5358525.37,4903955.076,630664.5892
37507350,PETRON CORPORATION,2006,Philippines (the),PH,910,"Arts, entertainment and recreation",1242,4311589.22,3988805.695,511947.4107,6082445.044,5627087.878,722214.4393
37507350,PETRON CORPORATION,2007,Philippines (the),PH,910,"Arts, entertainment and recreation",1276,5094321.315,4668631.121,824327.9022,6966229.171,6384119.158,1127227.107
37507350,PETRON CORPORATION,2008,Philippines (the),PH,910,"Arts, entertainment and recreation",1285,5673623.316,5509424.093,767147.5292,7238712.793,7029218.622,978767.9451
37507350,PETRON CORPORATION,2009,Philippines (the),PH,910,"Arts, entertainment and recreation",1347,3830054.287,3420463.303,750366.7123,4756347.498,4247697.515,931841.8403
37507350,PETRON CORPORATION,2010,Philippines (the),PH,910,"Arts, entertainment and recreation",1317,5229600.185,4704181.467,796559.203,6222397.78,5597232.539,947779.5705
37507350,PETRON CORPORATION,2011,Philippines (the),PH,910,"Arts, entertainment and recreation",2111,6242305.777,5644122.368,1148379.2,7147269.775,6462366.096,1314862.847
37507350,PETRON CORPORATION,2012,Philippines (the),PH,910,"Arts, entertainment and recreation",2472,10321640.02,9791245.774,2527456.762,11586932.33,10991518.98,2837288.495
37507350,PETRON CORPORATION,2013,Philippines (the),PH,910,"Arts, entertainment and recreation",2262,10516976.88,9829828.664,3189242.206,11567795.24,10811989.65,3507899.773
37507350,PETRON CORPORATION,2014,Philippines (the),PH,910,"Arts, entertainment and recreation",2950,10868996.24,10319967.84,3443754.659,11600808.02,11014813.42,3675623.377
37507350,PETRON CORPORATION,2015,Philippines (the),PH,910,"Arts, entertainment and recreation",2995,7671267.407,6905694.752,3426133.217,8247128.602,7424086.488,3683323.727
37507350,PETRON CORPORATION,2016,Philippines (the),PH,910,"Arts, entertainment and recreation",3025,6919679.641,6021962.173,3545339.59,7345081.248,6392174.743,3763296.669
37507350,PETRON CORPORATION,2017,Philippines (the),PH,910,"Arts, entertainment and recreation",3131,8706167.2,7690362.896,3559281.171,9031834.777,7978032.75,3692421.559
37507350,PETRON CORPORATION,2018,Philippines (the),PH,910,"Arts, entertainment and recreation",3131,10659548.29,9759256.163,3110234.561,10659548.29,9759256.163,3110234.561
37507350,PETRON CORPORATION,2019,Philippines (the),PH,910,"Arts, entertainment and recreation",2902,10166108.29,9369087.955,3418138.099,10095733.33,9304230.37,3394476.011
37507350,PETRON CORPORATION,2020,Philippines (the),PH,910,"Arts, entertainment and recreation",2709,5976350.885,5673203.255,3640519.498,5838613.802,5542452.822,3556616.369
37507350,PETRON CORPORATION,2021,Philippines (the),PH,910,"Arts, entertainment and recreation",2665,8652657.04,7926478.273,3490960.008,8264601.327,7570990.339,3334396.889
37507350,PETRON CORPORATION,2022,Philippines (the),PH,910,"Arts, entertainment and recreation",2957,15309622.29,14552904.54,3128136.147,13862168.31,13176994.72,2832385.342
37507350,PETRON CORPORATION,2023,Philippines (the),PH,910,"Arts, entertainment and recreation",2251,14430417.17,13425396.22,3118271.601,12491308.76,11621338.96,2699249.294
37507350,PETRON CORPORATION,2024,Philippines (the),PH,910,"Arts, entertainment and recreation",4112,15049539.32,14012634.47,2968714.361,12658346.92,11786193.89,2497021.038
128568890,"PH RESORTS GROUP HOLDINGS, INC",2011,Philippines (the),PH,3600,"Water supply; sewerage, waste management and remediation activities",123,3782.052562,1276.224769,6150.701331,4330.34698,1461.242536,7042.385184
128568890,"PH RESORTS GROUP HOLDINGS, INC",2012,Philippines (the),PH,3600,"Water supply; sewerage, waste management and remediation activities",115,3860.89528,1382.161571,7689.308526,4334.188392,1551.595731,8631.912894
128568890,"PH RESORTS GROUP HOLDINGS, INC",2013,Philippines (the),PH,3600,"Water supply; sewerage, waste management and remediation activities",110,3732.156615,1424.978644,8154.973849,4105.060229,1567.357365,8969.789393
128568890,"PH RESORTS GROUP HOLDINGS, INC",2014,Philippines (the),PH,3600,"Water supply; sewerage, waste management and remediation activities",114,4225.990139,1064.0339,11883.9233,4510.526934,1135.675524,12684.07032
128568890,"PH RESORTS GROUP HOLDINGS, INC",2015,Philippines (the),PH,3600,"Water supply; sewerage, waste management and remediation activities",125,4171.839867,923.7162324,17944.17582,4485.008548,993.0570996,19291.19633
128568890,"PH RESORTS GROUP HOLDINGS, INC",2016,Philippines (the),PH,3600,"Water supply; sewerage, waste management and remediation activities",129,4486.820735,1063.296736,18235.4005,4762.657312,1128.6651,19356.45943
128568890,"PH RESORTS GROUP HOLDINGS, INC",2018,Philippines (the),PH,3600,"Water supply; sewerage, waste management and remediation activities",107,1581.34822,683.2182979,74581.5979,1581.34822,683.2182979,74581.5979
128568890,"PH RESORTS GROUP HOLDINGS, INC",2019,Philippines (the),PH,3600,"Water supply; sewerage, waste management and remediation activities",33,1246.511901,578.0979022,255203.4522,1237.882912,574.096015,253436.8043
128568890,"PH RESORTS GROUP HOLDINGS, INC",2020,Philippines (the),PH,3600,"Water supply; sewerage, waste management and remediation activities",100,237.2387303,248.2721216,300682.916,231.7710843,242.5501888,293753.0706
128568890,"PH RESORTS GROUP HOLDINGS, INC",2021,Philippines (the),PH,3600,"Water supply; sewerage, waste management and remediation activities",36,130.6377305,169.3386412,311118.5313,124.7788692,161.7441154,297165.4389
128568890,"PH RESORTS GROUP HOLDINGS, INC",2022,Philippines (the),PH,3600,"Water supply; sewerage, waste management and remediation activities",17,54.34782626,6.682109786,302121.3837,49.20949065,6.050347211,273557.2042
128568890,"PH RESORTS GROUP HOLDINGS, INC",2023,Philippines (the),PH,3600,"Water supply; sewerage, waste management and remediation activities",11,664.5490954,229.0388154,313600.5328,575.2493387,198.2613896,271460.0025
128568890,"PH RESORTS GROUP HOLDINGS, INC",2024,Philippines (the),PH,3600,"Water supply; sewerage, waste management and remediation activities",11,6443.254887,244.2341432,306193.7374,5419.498493,205.4282493,257543.2025
37507189,PHILCOMSAT HOLDINGS CORPORATION,2009,Philippines (the),PH,6820,Real estate activities,85.31578947,212.7016957,93.17024582,0.345154881,264.1432999,115.703338,0.428630101
37507189,PHILCOMSAT HOLDINGS CORPORATION,2010,Philippines (the),PH,6820,Real estate activities,80.57894737,215.6773424,98.41631713,3.782613717,256.6219537,117.0998645,4.500712553
37507189,PHILCOMSAT HOLDINGS CORPORATION,2011,Philippines (the),PH,6820,Real estate activities,75.84210526,229.2159966,98.31998108,2.117100773,262.4460613,112.5736954,2.424022614
37507189,PHILCOMSAT HOLDINGS CORPORATION,2012,Philippines (the),PH,6820,Real estate activities,71.10526316,253.0588438,104.8261788,0.655467074,284.0804072,117.6764388,0.735818399
37507189,PHILCOMSAT HOLDINGS CORPORATION,2013,Philippines (the),PH,6820,Real estate activities,66.36842105,302.8999936,97.24411451,0.405277625,333.1646674,106.9603953,0.445771502
37507189,PHILCOMSAT HOLDINGS CORPORATION,2014,Philippines (the),PH,6820,Real estate activities,61.63157895,557.5901622,21.53887555,17.23558303,595.1328238,22.98909252,18.39605842
37507189,PHILCOMSAT HOLDINGS CORPORATION,2015,Philippines (the),PH,6820,Real estate activities,56.89473684,231.7559249,17.40660638,2.629012413,249.1532123,18.71327302,2.82636523
37507189,PHILCOMSAT HOLDINGS CORPORATION,2016,Philippines (the),PH,6820,Real estate activities,52.15789474,5972.818375,295.3044403,1.264730098,6340.009728,313.458891,1.342481994
37507189,PHILCOMSAT HOLDINGS CORPORATION,2017,Philippines (the),PH,6820,Real estate activities,47.42105263,3241.611972,99.69352462,10.45610204,3362.869454,103.4227143,10.84722862
37507189,PHILCOMSAT HOLDINGS CORPORATION,2018,Philippines (the),PH,6820,Real estate activities,42.68421053,206.281778,101.4528531,2.977771161,206.281778,101.4528531,2.977771161
37507189,PHILCOMSAT HOLDINGS CORPORATION,2019,Philippines (the),PH,6820,Real estate activities,37.94736842,116.7034524,40.7338798,35.84660249,115.8955719,40.4518992,35.59845411
37507189,PHILCOMSAT HOLDINGS CORPORATION,2020,Philippines (the),PH,6820,Real estate activities,33.21052632,193.1259829,38.26296826,5.246065289,188.6750043,37.38112083,5.125159113
37507189,PHILCOMSAT HOLDINGS CORPORATION,2021,Philippines (the),PH,6820,Real estate activities,28.47368421,180.2103474,45.92901968,40.04017882,172.1282456,43.86918784,38.24445064
37507189,PHILCOMSAT HOLDINGS CORPORATION,2022,Philippines (the),PH,6820,Real estate activities,23.73684211,168.0862443,40.93014981,5.595153261,152.1944673,37.06039345,5.066157398
37507189,PHILCOMSAT HOLDINGS CORPORATION,2023,Philippines (the),PH,6820,Real estate activities,19,1006.874573,6.370687567,37.95418101,871.5743291,5.514617107,32.85403242
37507181,PHILEX MINING CORPORATION,2003,Philippines (the),PH,729,"Professional, scientific and technical activities",2417,68224.97893,31107.64875,41310.53126,113457.5783,51731.76376,68699.07337
37507181,PHILEX MINING CORPORATION,2004,Philippines (the),PH,729,"Professional, scientific and technical activities",2459,56136.38475,30213.49954,52279.57707,88160.99436,47449.65631,82103.96021
37507181,PHILEX MINING CORPORATION,2005,Philippines (the),PH,729,"Professional, scientific and technical activities",2381,101617.7135,42372.30452,72421.11186,150681.8094,62830.9307,107388.2082
37507181,PHILEX MINING CORPORATION,2006,Philippines (the),PH,729,"Professional, scientific and technical activities",2309,202719.1865,56015.38753,75832.77756,285980.0061,79022.02619,106978.8142
37507181,PHILEX MINING CORPORATION,2007,Philippines (the),PH,729,"Professional, scientific and technical activities",2231,295083.979,64902.75498,92845.79941,403512.5574,88751.26578,126961.9791
37507181,PHILEX MINING CORPORATION,2008,Philippines (the),PH,729,"Professional, scientific and technical activities",2196,205664.2121,56439.21304,85632.45335,262397.4277,72008.17375,109254.4748
37507181,PHILEX MINING CORPORATION,2009,Philippines (the),PH,729,"Professional, scientific and technical activities",2196,221220.8301,64966.45398,100718.1791,274722.7749,80678.49898,125076.7282
37507181,PHILEX MINING CORPORATION,2010,Philippines (the),PH,729,"Professional, scientific and technical activities",2230,288935.883,79495.66053,116099.5577,343788.04,94587.27325,138140.1264
37507181,PHILEX MINING CORPORATION,2011,Philippines (the),PH,729,"Professional, scientific and technical activities",2271,360766.1736,83295.1673,122921.9669,413067.4242,95370.69361,140742.2978
37507181,PHILEX MINING CORPORATION,2012,Philippines (the),PH,729,"Professional, scientific and technical activities",2438,219438.6266,57971.06176,146513.2535,246338.8098,65077.52339,164473.7804
37507181,PHILEX MINING CORPORATION,2013,Philippines (the),PH,729,"Professional, scientific and technical activities",2438,220701.946,70912.93453,154908.2758,242753.6876,77998.29892,170386.1514
37507181,PHILEX MINING CORPORATION,2014,Philippines (the),PH,729,"Professional, scientific and technical activities",2575,225527.4471,92652.55495,160004.305,240712.257,98890.87075,170777.4281
37507181,PHILEX MINING CORPORATION,2015,Philippines (the),PH,729,"Professional, scientific and technical activities",2007,180939.6592,80947.90706,144766.3989,194522.3076,87024.44644,155633.6191
37507181,PHILEX MINING CORPORATION,2016,Philippines (the),PH,729,"Professional, scientific and technical activities",1982,238915.3648,75055.06637,135217.2734,253603.1806,79669.23169,143530.0347
37507181,PHILEX MINING CORPORATION,2017,Philippines (the),PH,729,"Professional, scientific and technical activities",2119,184731.4802,70779.65825,134627.7622,191641.6454,73427.28025,139663.7207
37507181,PHILEX MINING CORPORATION,2018,Philippines (the),PH,729,"Professional, scientific and technical activities",2114,146640.3598,66659.55068,102496.9507,146640.3598,66659.55068,102496.9507
37507181,PHILEX MINING CORPORATION,2019,Philippines (the),PH,729,"Professional, scientific and technical activities",1845,133800.3703,69469.35586,62771.61821,132874.1361,68988.4537,62337.08119
37507181,PHILEX MINING CORPORATION,2020,Philippines (the),PH,729,"Professional, scientific and technical activities",1864,163080.0391,68957.52972,63347.94542,159321.53,67368.26409,61887.964
37507181,PHILEX MINING CORPORATION,2021,Philippines (the),PH,729,"Professional, scientific and technical activities",1910,198305.6721,68911.82629,67525.74283,189412.0284,65821.25795,64497.33779
37507181,PHILEX MINING CORPORATION,2022,Philippines (the),PH,729,"Professional, scientific and technical activities",1938,167270.8487,68859.15917,48643.35368,151456.1636,62348.84414,44044.34957
37507181,PHILEX MINING CORPORATION,2023,Philippines (the),PH,729,"Professional, scientific and technical activities",2199,139040.4001,75770.33046,60408.40719,120356.643,65588.58147,52290.93911
37507181,PHILEX MINING CORPORATION,2024,Philippines (the),PH,729,"Professional, scientific and technical activities",2345,142792.5459,78730.94195,83983.74284,120104.5125,66221.53379,70639.72723
37507699,PHILIPPINE ESTATES CORPORATION,2003,Philippines (the),PH,6831,Real estate activities,62,4003.562984,2464.35953,1238.514232,6657.89228,4098.209609,2059.638971
37507699,PHILIPPINE ESTATES CORPORATION,2004,Philippines (the),PH,6831,Real estate activities,62,5314.642619,3078.180778,1281.941442,8346.532825,4834.217227,2013.261679
37507699,PHILIPPINE ESTATES CORPORATION,2005,Philippines (the),PH,6831,Real estate activities,61,3183.579368,1850.679399,1498.709235,4720.707474,2744.243212,2222.331241
37507699,PHILIPPINE ESTATES CORPORATION,2006,Philippines (the),PH,6831,Real estate activities,60,2913.254112,1667.304417,30.61141437,4109.785773,2352.099648,43.18413377
37507699,PHILIPPINE ESTATES CORPORATION,2007,Philippines (the),PH,6831,Real estate activities,55,4285.427823,2913.166304,56.15806296,5860.107846,3983.60897,76.79333755
37507699,PHILIPPINE ESTATES CORPORATION,2008,Philippines (the),PH,6831,Real estate activities,57,2126.461012,1331.53629,14.04654118,2713.052961,1698.845384,17.92133028
37507699,PHILIPPINE ESTATES CORPORATION,2009,Philippines (the),PH,6831,Real estate activities,62,1902.062263,747.7780507,5.910777345,2362.073331,928.6271145,7.340290485
37507699,PHILIPPINE ESTATES CORPORATION,2010,Philippines (the),PH,6831,Real estate activities,56,904.6143491,420.7815958,2.096388325,1076.348118,500.6636024,2.494370812
37507699,PHILIPPINE ESTATES CORPORATION,2011,Philippines (the),PH,6831,Real estate activities,55,899.6995351,461.0499136,1286.172867,1030.131417,527.88957,1472.632835
37507699,PHILIPPINE ESTATES CORPORATION,2012,Philippines (the),PH,6831,Real estate activities,65,3443.969668,1174.281402,1333.70556,3866.153385,1318.232288,1497.199675
37507699,PHILIPPINE ESTATES CORPORATION,2013,Philippines (the),PH,6831,Real estate activities,74,4684.716641,2422.727125,1166.231396,5152.796614,2664.797272,1282.757026
37507699,PHILIPPINE ESTATES CORPORATION,2014,Philippines (the),PH,6831,Real estate activities,66,3419.302096,1250.039236,1110.809793,3649.524418,1334.204638,1185.600847
37507699,PHILIPPINE ESTATES CORPORATION,2015,Philippines (the),PH,6831,Real estate activities,66,3154.899703,1173.493613,1004.049523,3391.729449,1261.58459,1079.420792
37507699,PHILIPPINE ESTATES CORPORATION,2016,Philippines (the),PH,6831,Real estate activities,55,2419.910479,574.0067886,884.3675396,2568.679477,609.2950423,938.7358618
37507699,PHILIPPINE ESTATES CORPORATION,2017,Philippines (the),PH,6831,Real estate activities,80,7796.466292,2938.224766,853.0136118,8088.105106,3048.133583,884.9218981
37507699,PHILIPPINE ESTATES CORPORATION,2018,Philippines (the),PH,6831,Real estate activities,83,6725.457384,2477.467673,814.7143963,6725.457384,2477.467673,814.7143963
37507699,PHILIPPINE ESTATES CORPORATION,2019,Philippines (the),PH,6831,Real estate activities,80,5431.381041,1893.071099,819.4860462,5393.782263,1879.966299,813.8131476
37507699,PHILIPPINE ESTATES CORPORATION,2020,Philippines (the),PH,6831,Real estate activities,1,5338.808229,1875.343434,834.3950113,5215.764604,1832.122355,815.164692
37507699,PHILIPPINE ESTATES CORPORATION,2021,Philippines (the),PH,6831,Real estate activities,67,3580.592499,1380.037054,738.7836438,3420.009528,1318.144937,705.6505597
37507699,PHILIPPINE ESTATES CORPORATION,2022,Philippines (the),PH,6831,Real estate activities,67,4137.811845,1915.288673,605.6129741,3746.600873,1734.206987,548.3550684
37507699,PHILIPPINE ESTATES CORPORATION,2023,Philippines (the),PH,6831,Real estate activities,44,5109.993284,1754.422569,603.6496414,4423.330462,1518.66947,522.5333379
37507699,PHILIPPINE ESTATES CORPORATION,2024,Philippines (the),PH,6831,Real estate activities,66,5236.52896,1194.435791,508.3427989,4404.506931,1004.654182,427.5731879
37507512,PHILIPPINE INFRADEV HOLDINGS INC,2005,Philippines (the),PH,6831,Real estate activities,5.714285714,17.76998954,28.82964417,5465.2611,26.34987628,42.74946562,8104.053942
37507512,PHILIPPINE INFRADEV HOLDINGS INC,2007,Philippines (the),PH,6831,Real estate activities,9.142857143,1492.765852,86.48893252,0.072462017,2041.282515,118.2692821,0.099088177
37507512,PHILIPPINE INFRADEV HOLDINGS INC,2008,Philippines (the),PH,6831,Real estate activities,10.85714286,4227.65612,115.3185767,2.885121651,5393.870326,147.1296225,3.680992876
37507512,PHILIPPINE INFRADEV HOLDINGS INC,2009,Philippines (the),PH,6831,Real estate activities,12.57142857,6962.546388,144.1482209,3.580981895,8646.428383,179.0102642,4.447037301
37507512,PHILIPPINE INFRADEV HOLDINGS INC,2010,Philippines (the),PH,6831,Real estate activities,14.28571429,9697.436655,172.977865,9.046371359,11538.41712,205.8163235,10.76375231
37507512,PHILIPPINE INFRADEV HOLDINGS INC,2011,Philippines (the),PH,6831,Real estate activities,16,3439.40094,201.8075092,7.102531627,3938.020223,231.0640911,8.1322049
37507512,PHILIPPINE INFRADEV HOLDINGS INC,2012,Philippines (the),PH,6831,Real estate activities,17.71428571,3768.692912,118.2996686,5.365119386,4230.68327,132.8015948,6.02280986
37507512,PHILIPPINE INFRADEV HOLDINGS INC,2013,Philippines (the),PH,6831,Real estate activities,19.42857143,14217.49932,2896.811884,2.972035915,15638.06052,3186.250869,3.268991013
37507512,PHILIPPINE INFRADEV HOLDINGS INC,2014,Philippines (the),PH,6831,Real estate activities,21.14285714,2447.049357,131.3624866,40.90369185,2611.809699,140.2071501,43.65774594
37507512,PHILIPPINE INFRADEV HOLDINGS INC,2015,Philippines (the),PH,6831,Real estate activities,22.85714286,520.162827,119.1536271,48.2338971,559.2100367,128.0981661,51.85468467
37507512,PHILIPPINE INFRADEV HOLDINGS INC,2016,Philippines (the),PH,6831,Real estate activities,24.57142857,2526.328483,1522.674812,50.78995472,2681.639747,1616.284393,53.91237215
37507512,PHILIPPINE INFRADEV HOLDINGS INC,2017,Philippines (the),PH,6831,Real estate activities,26.28571429,3282.49493,2189.611928,36.33595613,3405.281702,2271.51773,37.69515846
37507512,PHILIPPINE INFRADEV HOLDINGS INC,2018,Philippines (the),PH,6831,Real estate activities,28,5126.356337,1659.661705,129.2390617,5126.356337,1659.661705,129.2390617
37507512,PHILIPPINE INFRADEV HOLDINGS INC,2019,Philippines (the),PH,6831,Real estate activities,23,1560.657415,876.4385922,39965.07955,1549.853752,870.3714392,39688.42097
37507512,PHILIPPINE INFRADEV HOLDINGS INC,2020,Philippines (the),PH,6831,Real estate activities,23,848.2387947,337.2054188,55472.53971,828.6894175,329.4338385,54194.06293
37507512,PHILIPPINE INFRADEV HOLDINGS INC,2021,Philippines (the),PH,6831,Real estate activities,25,415.3503843,198.6252845,55784.89099,396.7226854,189.7173068,53283.0415
37507512,PHILIPPINE INFRADEV HOLDINGS INC,2022,Philippines (the),PH,6831,Real estate activities,32,3089.950117,1852.138281,51616.62525,2797.809624,1677.027173,46736.51206
37507512,PHILIPPINE INFRADEV HOLDINGS INC,2023,Philippines (the),PH,6831,Real estate activities,38,7263.951544,3805.190088,61.63730202,6287.847431,3293.862104,53.35469941
37507512,PHILIPPINE INFRADEV HOLDINGS INC,2024,Philippines (the),PH,6831,Real estate activities,30,9266.452653,7192.505046,141.3451884,7794.123788,6049.701733,118.8871229
7297993,PHILIPPINE RACING CLUB INC,2003,Philippines (the),PH,9319,"Arts, entertainment and recreation",731,5678.579565,2568.824246,18829.14862,9443.431064,4271.933571,31312.71913
7297993,PHILIPPINE RACING CLUB INC,2004,Philippines (the),PH,9319,"Arts, entertainment and recreation",710,6479.21509,2742.88656,8972.417113,10175.46904,4307.644812,14090.98961
7297993,PHILIPPINE RACING CLUB INC,2005,Philippines (the),PH,9319,"Arts, entertainment and recreation",682,7161.437695,2962.161152,9238.811658,10619.19574,4392.381868,13699.58849
7297993,PHILIPPINE RACING CLUB INC,2006,Philippines (the),PH,9319,"Arts, entertainment and recreation",654,7406.720725,3051.249717,9668.932742,10448.80889,4304.45893,13640.15657
7297993,PHILIPPINE RACING CLUB INC,2007,Philippines (the),PH,9319,"Arts, entertainment and recreation",626,8722.90511,3690.466357,15732.15599,11928.13572,5046.52785,21512.93513
7297993,PHILIPPINE RACING CLUB INC,2008,Philippines (the),PH,9319,"Arts, entertainment and recreation",601,7423.818134,3171.949074,24134.88498,9471.705172,4046.942679,30792.58015
7297993,PHILIPPINE RACING CLUB INC,2009,Philippines (the),PH,9319,"Arts, entertainment and recreation",601,7023.362534,3514.453292,26350.20226,8721.952828,4364.418849,32722.9614
7297993,PHILIPPINE RACING CLUB INC,2010,Philippines (the),PH,9319,"Arts, entertainment and recreation",521,7473.669953,3764.110811,27626.72945,8892.486171,4478.697019,32871.44216
7297993,PHILIPPINE RACING CLUB INC,2011,Philippines (the),PH,9319,"Arts, entertainment and recreation",497,7292.000764,5776.543607,25152.36371,8349.141891,6613.9848,28798.77009
7297993,PHILIPPINE RACING CLUB INC,2012,Philippines (the),PH,9319,"Arts, entertainment and recreation",445,21687.99745,4473.101528,26236.74473,24346.65018,5021.442776,29453.01185
7297993,PHILIPPINE RACING CLUB INC,2013,Philippines (the),PH,9319,"Arts, entertainment and recreation",376,57201.89715,5756.315712,29049.37701,62917.30418,6331.465995,31951.88588
7297993,PHILIPPINE RACING CLUB INC,2014,Philippines (the),PH,9319,"Arts, entertainment and recreation",393,22521.32619,3786.449152,28129.18873,24037.69177,4041.391561,30023.13285
7297993,PHILIPPINE RACING CLUB INC,2015,Philippines (the),PH,9319,"Arts, entertainment and recreation",393,24750.09531,3577.873877,25155.66287,26608.01769,3846.455146,27044.03012
7297993,PHILIPPINE RACING CLUB INC,2016,Philippines (the),PH,9319,"Arts, entertainment and recreation",320,26720.31413,6143.717538,17085.17866,28363.00066,6521.415271,18135.52533
7297993,PHILIPPINE RACING CLUB INC,2017,Philippines (the),PH,9319,"Arts, entertainment and recreation",301,23141.33687,8204.815135,16422.45001,24006.97417,8511.728866,17036.75702
7297993,PHILIPPINE RACING CLUB INC,2018,Philippines (the),PH,9319,"Arts, entertainment and recreation",282,39660.991,10813.63372,11706.56677,39660.991,10813.63372,11706.56677
7297993,PHILIPPINE RACING CLUB INC,2019,Philippines (the),PH,9319,"Arts, entertainment and recreation",327,21992.62963,8718.646524,6149.318135,21840.38548,8658.291626,6106.749433
7297993,PHILIPPINE RACING CLUB INC,2020,Philippines (the),PH,9319,"Arts, entertainment and recreation",299,4440.58609,2107.669183,5445.87376,4338.24381,2059.093687,5320.362593
7297993,PHILIPPINE RACING CLUB INC,2021,Philippines (the),PH,9319,"Arts, entertainment and recreation",250,8022.925275,4071.178241,4828.849505,7663.111871,3888.593404,4612.284509
7297993,PHILIPPINE RACING CLUB INC,2022,Philippines (the),PH,9319,"Arts, entertainment and recreation",30,5496.560958,1201.746262,1150.7484,4976.886542,1088.126711,1041.950461
7297993,PHILIPPINE RACING CLUB INC,2023,Philippines (the),PH,9319,"Arts, entertainment and recreation",30,7796.947741,490.6149278,963.6834704,6749.221484,424.6878293,834.1870945
7297993,PHILIPPINE RACING CLUB INC,2024,Philippines (the),PH,9319,"Arts, entertainment and recreation",30,2136.13949,419.7607351,937.6357156,1796.732389,353.0657581,788.6565775
37507671,PHILIPPINE REALTY AND HOLDINGS CORPORATION,2001,Philippines (the),PH,4110,Construction,30,1913.508749,138.2771821,73999.84718,3422.665213,247.3343805,132362.4482
37507671,PHILIPPINE REALTY AND HOLDINGS CORPORATION,2002,Philippines (the),PH,4110,Construction,28,3670.841496,12.97649541,1192.010698,6299.44537,22.26866075,2045.581723
37507671,PHILIPPINE REALTY AND HOLDINGS CORPORATION,2003,Philippines (the),PH,4110,Construction,25,1322.445917,356.3903567,999.010201,2199.216672,592.6742289,1661.345739
37507671,PHILIPPINE REALTY AND HOLDINGS CORPORATION,2004,Philippines (the),PH,4110,Construction,24.5,1982.38752,699.8042179,650.38121,3113.297299,1099.027591,1021.409812
37507671,PHILIPPINE REALTY AND HOLDINGS CORPORATION,2005,Philippines (the),PH,4110,Construction,24,8088.511052,1043.218079,504.1174552,11993.88806,1546.915222,747.5205622
37507671,PHILIPPINE REALTY AND HOLDINGS CORPORATION,2006,Philippines (the),PH,4110,Construction,25,9274.037355,1386.63194,530.550358,13083.06976,1956.149379,748.4579887
37507671,PHILIPPINE REALTY AND HOLDINGS CORPORATION,2007,Philippines (the),PH,4110,Construction,25,10281.27324,5217.265204,1563.899399,14059.12606,7134.348779,2138.554076
37507671,PHILIPPINE REALTY AND HOLDINGS CORPORATION,2008,Philippines (the),PH,4110,Construction,27,5600.652903,52.41655321,1573.528501,7145.613229,66.87584867,2007.59202
37507671,PHILIPPINE REALTY AND HOLDINGS CORPORATION,2009,Philippines (the),PH,4110,Construction,25,5149.063666,5210.932679,1440.02931,6394.35743,6471.189376,1788.298362
37507671,PHILIPPINE REALTY AND HOLDINGS CORPORATION,2010,Philippines (the),PH,4110,Construction,25,15665.39848,14239.46704,1462.367578,18639.34857,16942.7155,1739.986318
37507671,PHILIPPINE REALTY AND HOLDINGS CORPORATION,2011,Philippines (the),PH,4110,Construction,27,11938.39955,8192.884054,1508.218038,13669.14172,9380.628676,1726.868497
37507671,PHILIPPINE REALTY AND HOLDINGS CORPORATION,2012,Philippines (the),PH,4110,Construction,24,12047.12068,7992.279974,1538.33267,13523.93339,8972.024509,1726.911278
37507671,PHILIPPINE REALTY AND HOLDINGS CORPORATION,2013,Philippines (the),PH,4110,Construction,31.5,8282.613786,3869.838431,2127.527406,9110.182651,4256.498715,2340.102263
37507671,PHILIPPINE REALTY AND HOLDINGS CORPORATION,2014,Philippines (the),PH,4110,Construction,39,7932.178402,4020.709638,2218.504181,8466.253624,4291.424854,2367.876529
37507671,PHILIPPINE REALTY AND HOLDINGS CORPORATION,2015,Philippines (the),PH,4110,Construction,42,7130.369304,4347.983699,1982.423772,7665.626749,4674.375019,2131.238936
37507671,PHILIPPINE REALTY AND HOLDINGS CORPORATION,2016,Philippines (the),PH,4110,Construction,44,8548.511481,4779.113913,1821.813593,9074.048892,5072.919818,1933.813349
37507671,PHILIPPINE REALTY AND HOLDINGS CORPORATION,2017,Philippines (the),PH,4110,Construction,49,25013.60009,9979.407947,2589.848278,25949.27228,10352.70305,2686.725537
37507671,PHILIPPINE REALTY AND HOLDINGS CORPORATION,2018,Philippines (the),PH,4110,Construction,54,33628.48182,11865.22318,2246.491257,33628.48182,11865.22318,2246.491257
37507671,PHILIPPINE REALTY AND HOLDINGS CORPORATION,2019,Philippines (the),PH,4110,Construction,63,26075.2995,12071.18081,3977.632817,25894.79303,11987.61796,3950.097622
37507671,PHILIPPINE REALTY AND HOLDINGS CORPORATION,2020,Philippines (the),PH,4110,Construction,60,8428.095335,3826.858904,3730.785129,8233.852845,3738.661207,3644.801646
37507671,PHILIPPINE REALTY AND HOLDINGS CORPORATION,2021,Philippines (the),PH,4110,Construction,58,5420.530298,2755.918437,3797.120647,5177.42951,2632.320577,3626.826788
37507671,PHILIPPINE REALTY AND HOLDINGS CORPORATION,2022,Philippines (the),PH,4110,Construction,59,5909.337154,2328.510342,2810.709204,5350.636657,2108.360459,2544.969648
37507671,PHILIPPINE REALTY AND HOLDINGS CORPORATION,2023,Philippines (the),PH,4110,Construction,60,7711.645314,2191.444538,3223.153994,6675.381695,1896.965973,2790.037962
37507671,PHILIPPINE REALTY AND HOLDINGS CORPORATION,2024,Philippines (the),PH,4110,Construction,61,3467.007862,1140.017893,2771.830856,2916.141641,958.8826397,2331.419975
37507693,PHILIPPINE SEVEN CORPORATION,2003,Philippines (the),PH,4711,Wholesale and retail trade; repair of motor vehicles and motorcycles,1019,59957.16806,40490.36177,10104.55431,99708.27684,67335.13827,16803.79062
37507693,PHILIPPINE SEVEN CORPORATION,2004,Philippines (the),PH,4711,Wholesale and retail trade; repair of motor vehicles and motorcycles,986,72990.3309,48133.6479,11327.74081,114629.7571,75592.8669,17789.97522
37507693,PHILIPPINE SEVEN CORPORATION,2005,Philippines (the),PH,4711,Wholesale and retail trade; repair of motor vehicles and motorcycles,922.3333333,90769.46463,60042.04343,13463.24508,134595.6989,89032.15232,19963.70573
37507693,PHILIPPINE SEVEN CORPORATION,2006,Philippines (the),PH,4711,Wholesale and retail trade; repair of motor vehicles and motorcycles,858.6666667,100280.429,65620.81787,16293.37307,141467.6044,92572.59866,22985.38688
37507693,PHILIPPINE SEVEN CORPORATION,2007,Philippines (the),PH,4711,Wholesale and retail trade; repair of motor vehicles and motorcycles,795,129039.0792,85373.70947,20590.27528,176454.4759,116744.2705,28156.16987
37507693,PHILIPPINE SEVEN CORPORATION,2008,Philippines (the),PH,4711,Wholesale and retail trade; repair of motor vehicles and motorcycles,742,123738.8663,82339.41341,22576.39281,157872.6794,105053.0379,28804.17228
37507693,PHILIPPINE SEVEN CORPORATION,2009,Philippines (the),PH,4711,Wholesale and retail trade; repair of motor vehicles and motorcycles,699,144182.4547,94307.44486,26474.32859,179052.7774,117115.567,32877.1075
37507693,PHILIPPINE SEVEN CORPORATION,2010,Philippines (the),PH,4711,Wholesale and retail trade; repair of motor vehicles and motorcycles,1921,194570.8819,127270.5959,36625.20289,231508.6012,151431.8964,43578.20352
37507693,PHILIPPINE SEVEN CORPORATION,2011,Philippines (the),PH,4711,Wholesale and retail trade; repair of motor vehicles and motorcycles,655,242149.297,161434.5568,44300.5158,277254.3373,184838.1623,50722.88172
37507693,PHILIPPINE SEVEN CORPORATION,2012,Philippines (the),PH,4711,Wholesale and retail trade; repair of motor vehicles and motorcycles,681,315820.4231,206912.7722,55275.80542,354535.7002,232277.4565,62051.86538
37507693,PHILIPPINE SEVEN CORPORATION,2013,Philippines (the),PH,4711,Wholesale and retail trade; repair of motor vehicles and motorcycles,3003,364486.9947,240051.0932,61842.50607,400905.2192,264036.1317,68021.586
37507693,PHILIPPINE SEVEN CORPORATION,2014,Philippines (the),PH,4711,Wholesale and retail trade; repair of motor vehicles and motorcycles,3109,440682.7714,288266.7176,79747.40655,470354.034,307675.7756,85116.81602
37507693,PHILIPPINE SEVEN CORPORATION,2015,Philippines (the),PH,4711,Wholesale and retail trade; repair of motor vehicles and motorcycles,4556,548431.2194,358130.6435,100785.9471,589600.4605,385014.5376,108351.6742
37507693,PHILIPPINE SEVEN CORPORATION,2016,Philippines (the),PH,4711,Wholesale and retail trade; repair of motor vehicles and motorcycles,2114,652847.3729,428826.2125,114662.2976,692982.5144,455189.1901,121711.3994
37507693,PHILIPPINE SEVEN CORPORATION,2017,Philippines (the),PH,4711,Wholesale and retail trade; repair of motor vehicles and motorcycles,2670,740966.2427,476262.9086,129448.8268,768683.2248,494078.2553,134291.0593
37507693,PHILIPPINE SEVEN CORPORATION,2018,Philippines (the),PH,4711,Wholesale and retail trade; repair of motor vehicles and motorcycles,3166,832315.9637,529382.9033,128034.9421,832315.9637,529382.9033,128034.9421
37507693,PHILIPPINE SEVEN CORPORATION,2019,Philippines (the),PH,4711,Wholesale and retail trade; repair of motor vehicles and motorcycles,3434,1047415.417,677291.1268,287192.101,1040164.675,672602.5737,285204.0115
37507693,PHILIPPINE SEVEN CORPORATION,2020,Philippines (the),PH,4711,Wholesale and retail trade; repair of motor vehicles and motorcycles,3247,915492.4773,599203.7245,277137.0553,894393.1031,585393.8638,270749.8718
37507693,PHILIPPINE SEVEN CORPORATION,2021,Philippines (the),PH,4711,Wholesale and retail trade; repair of motor vehicles and motorcycles,3146,893149.1094,584090.9437,225535.495,853093.0188,557895.542,215420.6439
37507693,PHILIPPINE SEVEN CORPORATION,2022,Philippines (the),PH,4711,Wholesale and retail trade; repair of motor vehicles and motorcycles,4058,1129101.465,733155.1877,215596.8289,1022350.143,663838.7555,195213.1459
37507693,PHILIPPINE SEVEN CORPORATION,2023,Philippines (the),PH,4711,Wholesale and retail trade; repair of motor vehicles and motorcycles,4979,1416708.354,920011.7772,229308.5079,1226336.097,796383.849,198494.8417
37507693,PHILIPPINE SEVEN CORPORATION,2024,Philippines (the),PH,4711,Wholesale and retail trade; repair of motor vehicles and motorcycles,5658,1546107.205,1003458.119,294151.6099,1300449.2,844020.5853,247414.4256
37507399,PHILWEB CORPORATION,2003,Philippines (the),PH,6209,Information and communication,79,1125.627555,517.0688494,656.948993,1871.909356,859.8812395,1092.500767
37507725,PHINMA CORPORATION,2005,Philippines (the),PH,8541,Education,747,1298.113754,80176.83441,25315.54544,1924.882213,118888.6275,37538.65407
37507725,PHINMA CORPORATION,2006,Philippines (the),PH,8541,Education,670,56077.42449,35781.91429,26323.71997,79109.54297,50478.26129,37135.39762
37507725,PHINMA CORPORATION,2007,Philippines (the),PH,8541,Education,770,63899.71159,41123.52296,31276.82858,87379.6542,56234.35734,42769.49611
37507725,PHINMA CORPORATION,2008,Philippines (the),PH,8541,Education,820,67396.10482,44401.07454,27325.63999,85987.56368,56649.27127,34863.51645
37507725,PHINMA CORPORATION,2009,Philippines (the),PH,8541,Education,870,83733.27992,43056.32412,46865.71226,103984.0552,53469.4352,58200.11847
37507725,PHINMA CORPORATION,2010,Philippines (the),PH,8541,Education,920,95268.56727,46241.51843,49596.14991,113354.5397,55020.09933,59011.58066
37507725,PHINMA CORPORATION,2011,Philippines (the),PH,8541,Education,1502,90029.11851,48711.9847,51464.76205,103080.884,55773.89323,58925.74819
37507725,PHINMA CORPORATION,2012,Philippines (the),PH,8541,Education,1502,109308.8938,60026.75216,54831.64151,122708.6736,67385.2134,61553.25303
37507725,PHINMA CORPORATION,2013,Philippines (the),PH,8541,Education,1508,107432.8165,59616.69884,56685.41585,118167.1157,65573.38415,62349.21794
37507725,PHINMA CORPORATION,2014,Philippines (the),PH,8541,Education,1508,120910.8873,66514.37864,55345.20533,129051.8425,70992.80559,59071.60952
37507725,PHINMA CORPORATION,2015,Philippines (the),PH,8541,Education,2414,120954.1614,63189.20383,88709.85419,130033.8616,67932.64562,95369.06185
37507725,PHINMA CORPORATION,2016,Philippines (the),PH,8541,Education,1528,127658.3429,62891.91612,89891.9765,135506.4034,66758.32664,95418.27154
37507725,PHINMA CORPORATION,2017,Philippines (the),PH,8541,Education,1528,128949.4177,69270.23379,103566.7292,133772.969,71861.39345,107440.802
37507725,PHINMA CORPORATION,2018,Philippines (the),PH,8541,Education,3055,191727.2292,120489.3269,118436.258,191727.2292,120489.3269,118436.258
37507725,PHINMA CORPORATION,2019,Philippines (the),PH,8541,Education,3364,221985.7319,137757.2124,161199.038,220449.034,136803.5871,160083.1364
37507725,PHINMA CORPORATION,2020,Philippines (the),PH,8541,Education,3231,256525.0358,160862.7438,203790.0054,250612.8979,157155.3368,199093.2529
37507725,PHINMA CORPORATION,2021,Philippines (the),PH,8541,Education,3853,317210.5864,194426.541,214343.94,302984.2765,185706.8691,204731.0096
37507725,PHINMA CORPORATION,2022,Philippines (the),PH,8541,Education,3983,312667.9625,203694.7975,211999.6087,283106.6528,184436.3965,191956.0262
37507725,PHINMA CORPORATION,2023,Philippines (the),PH,8541,Education,4420,378182.6941,227330.3914,268203.625,327363.8414,196782.5375,232163.3706
37507725,PHINMA CORPORATION,2024,Philippines (the),PH,8541,Education,6600,403674.515,239529.0722,297622.5996,339535.4466,201470.7579,250333.9163
37508299,PHOENIX PETROLEUM PHILIPPINES INC,2007,Philippines (the),PH,4671,Wholesale and retail trade; repair of motor vehicles and motorcycles,133,57198.95567,50661.52914,9992.584567,78216.70619,69277.10294,13664.35876
37508299,PHOENIX PETROLEUM PHILIPPINES INC,2008,Philippines (the),PH,4671,Wholesale and retail trade; repair of motor vehicles and motorcycles,169,97193.15687,88326.75685,18560.53512,124004.2401,112692.0116,23680.52575
37508299,PHOENIX PETROLEUM PHILIPPINES INC,2009,Philippines (the),PH,4671,Wholesale and retail trade; repair of motor vehicles and motorcycles,232,139069.3734,111767.0614,43485.86937,172703.1046,138797.7671,54002.86536
37508299,PHOENIX PETROLEUM PHILIPPINES INC,2010,Philippines (the),PH,4671,Wholesale and retail trade; repair of motor vehicles and motorcycles,329,337161.4735,307089.4438,60930.11389,401168.8715,365387.9084,72497.20667
37508299,PHOENIX PETROLEUM PHILIPPINES INC,2011,Philippines (the),PH,4671,Wholesale and retail trade; repair of motor vehicles and motorcycles,383,625250.6788,597143.8896,133041.6403,715894.9655,683713.4588,152329.0477
37508299,PHOENIX PETROLEUM PHILIPPINES INC,2012,Philippines (the),PH,4671,Wholesale and retail trade; repair of motor vehicles and motorcycles,449,840009.8478,759520.6517,176924.2553,942983.6001,852627.5261,198612.7564
37508299,PHOENIX PETROLEUM PHILIPPINES INC,2013,Philippines (the),PH,4671,Wholesale and retail trade; repair of motor vehicles and motorcycles,521,980920.7013,886262.866,200982.3977,1078930.756,974815.0517,221063.8332
37508299,PHOENIX PETROLEUM PHILIPPINES INC,2014,Philippines (the),PH,4671,Wholesale and retail trade; repair of motor vehicles and motorcycles,731,778654.4674,691281.1782,240187.8906,831081.4346,737825.2838,256359.7912
37508299,PHOENIX PETROLEUM PHILIPPINES INC,2015,Philippines (the),PH,4671,Wholesale and retail trade; repair of motor vehicles and motorcycles,748,637385.1477,524979.9834,272293.685,685231.9185,564388.804,292734.0319
37508299,PHOENIX PETROLEUM PHILIPPINES INC,2016,Philippines (the),PH,4671,Wholesale and retail trade; repair of motor vehicles and motorcycles,650,614050.0306,490607.3141,180722.1619,651800.0253,520768.4127,191832.4303
37508299,PHOENIX PETROLEUM PHILIPPINES INC,2017,Philippines (the),PH,4671,Wholesale and retail trade; repair of motor vehicles and motorcycles,810,905995.5422,768084.9245,268412.9267,939885.6991,796816.3227,278453.3252
37508299,PHOENIX PETROLEUM PHILIPPINES INC,2018,Philippines (the),PH,4671,Wholesale and retail trade; repair of motor vehicles and motorcycles,989,1694161.669,1495314.626,354980.5743,1694161.669,1495314.626,354980.5743
37508299,PHOENIX PETROLEUM PHILIPPINES INC,2019,Philippines (the),PH,4671,Wholesale and retail trade; repair of motor vehicles and motorcycles,1076,1928015.309,1710769.487,562068.2435,1914668.608,1698926.672,558177.3217
37508299,PHOENIX PETROLEUM PHILIPPINES INC,2020,Philippines (the),PH,4671,Wholesale and retail trade; repair of motor vehicles and motorcycles,753,1632752.843,1483345.154,697401.4898,1595122.754,1449158.467,681328.4631
37508299,PHOENIX PETROLEUM PHILIPPINES INC,2021,Philippines (the),PH,4671,Wholesale and retail trade; repair of motor vehicles and motorcycles,654,2604814.109,2454956.837,692436.2013,2487993,2344856.549,661381.7145
37508299,PHOENIX PETROLEUM PHILIPPINES INC,2022,Philippines (the),PH,4671,Wholesale and retail trade; repair of motor vehicles and motorcycles,593,2272835.52,2171499.312,605633.9114,2057949.434,1966194.095,548374.0262
6529518,PLDT INC.,1996,Philippines (the),PH,6190,Information and communication,18273,1090124.719,478815.406,3597492.979,2718579.356,1194081.425,8971514.889
6529518,PLDT INC.,1997,Philippines (the),PH,6190,Information and communication,15711,893290.8298,59942.46558,3807282.149,2096474.789,140679.6798,8935355.403
6529518,PLDT INC.,1998,Philippines (the),PH,6190,Information and communication,14073,1205235.677,75593.57123,4881097.858,2561989.636,160690.5187,10375831.35
6529518,PLDT INC.,1999,Philippines (the),PH,6190,Information and communication,15842,1381930.536,91244.67687,5603255.643,2762592.566,182405.5982,11201367.93
6529518,PLDT INC.,2000,Philippines (the),PH,6190,Information and communication,17611,1258112.353,106895.7825,5448172.052,2376812.267,201946.3576,10292627.79
6529518,PLDT INC.,2001,Philippines (the),PH,6190,Information and communication,19380,1372212.331,122546.8882,4989436.809,2454456.199,219197.8329,8924532.908
6529518,PLDT INC.,2002,Philippines (the),PH,6190,Information and communication,21149,1509774.748,123600.6479,4746589.199,2590889.189,212108.1856,8145510.882
6529518,PLDT INC.,2003,Philippines (the),PH,6190,Information and communication,22918,2020604.936,289621.9003,3505371.565,3360249.372,481638.8358,5829404.053
6529518,PLDT INC.,2004,Philippines (the),PH,6190,Information and communication,24687,2242948.77,197664.7033,3457177.343,3522503.181,310428.1986,5429423.245
6529518,PLDT INC.,2005,Philippines (the),PH,6190,Information and communication,26456,2368967.62,116852.2854,3334916.362,3512776.613,173272.092,4945114.533
6529518,PLDT INC.,2006,Philippines (the),PH,6190,Information and communication,28225,2720894.752,112391.1105,3341813.913,3838420.582,158552.3848,4714363.646
6529518,PLDT INC.,2007,Philippines (the),PH,6190,Information and communication,30255,3420762.731,117002.003,3850486.644,4677721.653,159994.3772,5265347.575
6529518,PLDT INC.,2008,Philippines (the),PH,6190,Information and communication,29904,3169948.442,110603.3497,3376350.466,4044390.165,141113.6831,4307728.933
6529518,PLDT INC.,2009,Philippines (the),PH,6190,Information and communication,29035,3234424.822,117180.0823,3478643.473,4016665.89,145519.9194,4319948.476
6529518,PLDT INC.,2010,Philippines (the),PH,6190,Information and communication,28770,3658197.627,108715.9641,3718446.005,4352677.067,129354.8168,4424363.116
6529518,PLDT INC.,2011,Philippines (the),PH,6190,Information and communication,34116,3639842.578,123907.3066,4556137.451,4167520.428,141870.4848,5216653.055
6529518,PLDT INC.,2012,Philippines (the),PH,6190,Information and communication,36740,4324019.183,212347.0555,4857205.234,4854084.969,238377.9088,5452632.358
6529518,PLDT INC.,2013,Philippines (the),PH,6190,Information and communication,17899,3997343.274,265817.091,4337934.087,4396743.382,292376.575,4771364.799
6529518,PLDT INC.,2014,Philippines (the),PH,6190,Information and communication,17496,3831768.201,302844.2106,4302933.905,4089761.951,323234.7743,4592651.34
6529518,PLDT INC.,2015,Philippines (the),PH,6190,Information and communication,17176,3729529.731,352245.26,4150913.777,4009495.391,378687.3543,4462511.593
6529518,PLDT INC.,2016,Philippines (the),PH,6190,Information and communication,18038,3403649.669,347881.0772,4079015.541,3612896.067,369267.7854,4329781.452
6529518,PLDT INC.,2017,Philippines (the),PH,6190,Information and communication,17779,3363459.613,273080.5347,3743905.486,3489274.994,283295.5322,3883952.03
6529518,PLDT INC.,2018,Philippines (the),PH,6190,Information and communication,17222,3389158.782,273632.513,3716789.477,3389158.782,273632.513,3716789.477
6529518,PLDT INC.,2019,Philippines (the),PH,6190,Information and communication,18784,3356554.464,264642.1247,4887750.267,3333318.689,262810.1375,4853914.778
6529518,PLDT INC.,2020,Philippines (the),PH,6190,Information and communication,18848,3842284.834,255953.86,5811703.543,3753731.615,250054.8861,5677761.09
6529518,PLDT INC.,2021,Philippines (the),PH,6190,Information and communication,18822,3921593.805,262752.595,6357919.531,3745717.555,250968.6256,6072778.564
6529518,PLDT INC.,2022,Philippines (the),PH,6190,Information and communication,17155,4297594.454,258677.834,5730719.904,3891276.775,234221.0412,5188906.842
6529518,PLDT INC.,2023,Philippines (the),PH,6190,Information and communication,15596,3949574.343,271600.0473,5755574.287,3418844.514,235103.3937,4982160.573
6529518,PLDT INC.,2024,Philippines (the),PH,6190,Information and communication,14904,3801513.316,241510.6628,6156789.56,3197498.166,203137.4974,5178549.091
37507820,PREMIERE HORIZON ALLIANCE CORPORATION,2003,Philippines (the),PH,5911,Information and communication,8,99.69586976,10.40148244,428.4223053,165.7934106,17.29757966,712.4627665
37507820,PREMIERE HORIZON ALLIANCE CORPORATION,2004,Philippines (the),PH,5911,Information and communication,4,77.32773998,29.18229121,392.8768145,121.4415656,45.83016563,617.0046537
37507820,PREMIERE HORIZON ALLIANCE CORPORATION,2005,Philippines (the),PH,5911,Information and communication,16.66666667,45.84770367,228.4989723,383.7978548,67.98435735,338.8251656,569.1070309
37507820,PREMIERE HORIZON ALLIANCE CORPORATION,2006,Philippines (the),PH,5911,Information and communication,29.33333333,6.553773556,427.8156534,381.3197129,9.245539278,603.5280887,537.9353366
37507820,PREMIERE HORIZON ALLIANCE CORPORATION,2007,Philippines (the),PH,5911,Information and communication,42,14.49240334,627.1323346,129.0548518,19.8176355,857.572048,176.4760441
37507820,PREMIERE HORIZON ALLIANCE CORPORATION,2008,Philippines (the),PH,5911,Information and communication,39.5,3634.09502,826.4490157,1347.39393,4636.573253,1054.427961,1719.07741
37507820,PREMIERE HORIZON ALLIANCE CORPORATION,2009,Philippines (the),PH,5911,Information and communication,37,1881.072532,1025.765697,1317.111028,2336.007263,1273.84568,1635.652467
37507820,PREMIERE HORIZON ALLIANCE CORPORATION,2010,Philippines (the),PH,5911,Information and communication,67.33333333,2609.843957,1225.082378,645.2318675,3105.301872,1457.654429,767.7239557
37507820,PREMIERE HORIZON ALLIANCE CORPORATION,2011,Philippines (the),PH,5911,Information and communication,97.66666667,2729.534775,1424.399059,1133.491201,3125.242834,1630.898054,1297.816495
37507820,PREMIERE HORIZON ALLIANCE CORPORATION,2012,Philippines (the),PH,5911,Information and communication,128,5063.798745,1108.34627,3816.760497,5684.551417,1244.214408,4284.643286
37507820,PREMIERE HORIZON ALLIANCE CORPORATION,2013,Philippines (the),PH,5911,Information and communication,136,6236.029327,3892.533978,3081.235719,6859.110862,4281.461919,3389.101667
37507820,PREMIERE HORIZON ALLIANCE CORPORATION,2014,Philippines (the),PH,5911,Information and communication,143,6051.6844,3531.635961,3673.196354,6459.14557,3769.421745,3920.513429
37507820,PREMIERE HORIZON ALLIANCE CORPORATION,2015,Philippines (the),PH,5911,Information and communication,11,20755.69257,9884.959464,11667.7267,22313.76601,10626.99651,12543.59124
37507820,PREMIERE HORIZON ALLIANCE CORPORATION,2016,Philippines (the),PH,5911,Information and communication,11,21858.16968,9735.791917,10326.03945,23201.94583,10334.31985,10960.85406
37507820,PREMIERE HORIZON ALLIANCE CORPORATION,2017,Philippines (the),PH,5911,Information and communication,10,15132.00277,7737.014738,6617.911357,15698.03861,8026.429676,6865.464512
37507820,PREMIERE HORIZON ALLIANCE CORPORATION,2018,Philippines (the),PH,5911,Information and communication,9,9484.770149,5166.262264,5593.562943,9484.770149,5166.262264,5593.562943
37507820,PREMIERE HORIZON ALLIANCE CORPORATION,2019,Philippines (the),PH,5911,Information and communication,116,8348.868817,4088.916909,6149.712271,8291.073708,4060.61135,6107.140839
37507820,PREMIERE HORIZON ALLIANCE CORPORATION,2020,Philippines (the),PH,5911,Information and communication,507,15041.59334,8235.448159,4826.754785,14694.92942,8045.645614,4715.512466
37507820,PREMIERE HORIZON ALLIANCE CORPORATION,2021,Philippines (the),PH,5911,Information and communication,383,8301.040064,3229.566376,2661.2243,7928.753724,3084.72628,2541.873298
37507820,PREMIERE HORIZON ALLIANCE CORPORATION,2022,Philippines (the),PH,5911,Information and communication,301,8417.818986,3785.709207,1298.200289,7621.953134,3427.78791,1175.461456
37507820,PREMIERE HORIZON ALLIANCE CORPORATION,2023,Philippines (the),PH,5911,Information and communication,187,9665.988698,4803.462433,513.3982342,8367.107328,4157.990142,444.4095955
37507820,PREMIERE HORIZON ALLIANCE CORPORATION,2024,Philippines (the),PH,5911,Information and communication,187,4774.330194,1953.218131,1158.168684,4015.746039,1642.875054,974.149486
565945751,PREMIERE ISLAND POWER REIT CORPORATION,2023,Philippines (the),PH,9499,Other service activities,21,11586.2651,130.5350363,16817.17547,10029.34378,112.9941999,14557.34292
565945751,PREMIERE ISLAND POWER REIT CORPORATION,2024,Philippines (the),PH,9499,Other service activities,17,11990.36404,71.67235285,16573.92994,10085.23813,60.28447035,13940.53005
37507756,PRIMEX CORPORATION,2003,Philippines (the),PH,4110,Construction,11,244.0389332,132.6818859,59.47560461,405.8347367,220.6488838,98.9074408
37507756,PRIMEX CORPORATION,2004,Philippines (the),PH,4110,Construction,11,445.1810064,165.4255582,56.72952104,699.1472709,259.7973092,89.09250224
37507756,PRIMEX CORPORATION,2005,Philippines (the),PH,4110,Construction,11.33333333,498.973015,244.841436,166.2049923,739.8922311,363.0582635,246.4537739
37507756,PRIMEX CORPORATION,2006,Philippines (the),PH,4110,Construction,11.66666667,680.7579631,247.2319484,166.347799,960.3588579,348.7750485,234.6701631
37507756,PRIMEX CORPORATION,2007,Philippines (the),PH,4110,Construction,12,704.9588066,286.7322001,163.7158498,963.9958494,392.0919183,223.8732223
37507756,PRIMEX CORPORATION,2008,Philippines (the),PH,4110,Construction,12,373.1283607,162.8093101,124.3129424,476.0571662,207.7208462,158.6051164
37507756,PRIMEX CORPORATION,2009,Philippines (the),PH,4110,Construction,12,454.8709894,221.0285572,104.6682178,564.8808948,274.4840011,129.9820782
37507756,PRIMEX CORPORATION,2010,Philippines (the),PH,4110,Construction,12,658.6988838,224.9971557,125.988381,783.7475769,267.7110587,149.9062633
37507756,PRIMEX CORPORATION,2011,Philippines (the),PH,4110,Construction,12,440.9943675,160.5354264,121.7446767,504.926517,183.8086825,139.3943327
37507756,PRIMEX CORPORATION,2012,Philippines (the),PH,4110,Construction,12,374.4901885,97.66459408,247.4266823,420.3975787,109.6369415,277.7578194
37507756,PRIMEX CORPORATION,2013,Philippines (the),PH,4110,Construction,10.5,401.9003112,79.20926021,4320.912427,442.0567392,87.12356351,4752.642396
37507756,PRIMEX CORPORATION,2014,Philippines (the),PH,4110,Construction,9,405.3836025,106.5737286,4273.931507,432.6781648,113.74936,4561.696204
37507756,PRIMEX CORPORATION,2015,Philippines (the),PH,4110,Construction,9,4469.257498,2079.548819,8853.580933,4804.752511,2235.654897,9518.195191
37507756,PRIMEX CORPORATION,2016,Philippines (the),PH,4110,Construction,9,11653.82537,5909.501569,8280.689827,12370.26837,6272.800391,8789.762348
37507756,PRIMEX CORPORATION,2017,Philippines (the),PH,4110,Construction,9,5187.929234,1984.135501,270.6768331,5381.991707,2058.355141,280.8019164
37507756,PRIMEX CORPORATION,2018,Philippines (the),PH,4110,Construction,9,5129.618609,2469.065427,182.3647752,5129.618609,2469.065427,182.3647752
37507756,PRIMEX CORPORATION,2019,Philippines (the),PH,4110,Construction,9,2073.368276,288.7040827,432.8590565,2059.015368,286.7055265,429.8625863
37507756,PRIMEX CORPORATION,2020,Philippines (the),PH,4110,Construction,9,12662.00311,6750.686776,320.4471547,12370.18166,6595.103557,313.0618025
37507756,PRIMEX CORPORATION,2021,Philippines (the),PH,4110,Construction,9,1469.492288,347.8945985,189.3685781,1403.588269,332.2921673,180.8757466
37507756,PRIMEX CORPORATION,2022,Philippines (the),PH,4110,Construction,10,2884.105497,701.853174,11356.11194,2611.426662,635.4962025,10282.44408
37507756,PRIMEX CORPORATION,2023,Philippines (the),PH,4110,Construction,10,4766.552037,889.7187079,14218.34886,4126.039635,770.1614552,12307.73743
37507756,PRIMEX CORPORATION,2024,Philippines (the),PH,4110,Construction,10,8790.550299,1581.721607,16292.15314,7393.836644,1330.404899,13703.52422
37507924,PRYCE CORPORATION,2003,Philippines (the),PH,3522,"Electricity, gas, steam and air conditioning supply",594,30932.11924,22488.50891,53454.10005,51439.85962,37398.20517,88893.72829
37507924,PRYCE CORPORATION,2004,Philippines (the),PH,3522,"Electricity, gas, steam and air conditioning supply",492.25,34380.6312,23325.41247,43579.43323,53994.04766,36632.06255,68440.56995
37507924,PRYCE CORPORATION,2005,Philippines (the),PH,3522,"Electricity, gas, steam and air conditioning supply",390.5,36696.70553,25247.89511,44003.12976,54414.98141,37438.34012,65249.16754
37507924,PRYCE CORPORATION,2006,Philippines (the),PH,3522,"Electricity, gas, steam and air conditioning supply",288.75,27943.15334,17779.16646,45534.05146,39419.96463,25081.42529,64235.79602
37507924,PRYCE CORPORATION,2007,Philippines (the),PH,3522,"Electricity, gas, steam and air conditioning supply",187,38680.75591,25473.97367,51750.70571,52893.99579,34834.38274,70766.49733
37507924,PRYCE CORPORATION,2008,Philippines (the),PH,3522,"Electricity, gas, steam and air conditioning supply",186,43466.18983,33791.70304,43381.57363,55456.49524,43113.26633,55348.53736
37507924,PRYCE CORPORATION,2009,Philippines (the),PH,3522,"Electricity, gas, steam and air conditioning supply",176,42285.74427,29162.67524,41051.08212,52512.49171,36215.627,50979.22826
37507924,PRYCE CORPORATION,2010,Philippines (the),PH,3522,"Electricity, gas, steam and air conditioning supply",227,51879.89155,37705.04796,42588.97194,61728.87231,44863.0485,50674.14622
37507924,PRYCE CORPORATION,2011,Philippines (the),PH,3522,"Electricity, gas, steam and air conditioning supply",271,73569.66164,53876.91383,44233.38322,84235.25501,61687.59614,50646.01675
37507924,PRYCE CORPORATION,2012,Philippines (the),PH,3522,"Electricity, gas, steam and air conditioning supply",267,90126.69845,65931.58799,49940.47337,101175.0026,74013.90158,56062.49438
37507924,PRYCE CORPORATION,2013,Philippines (the),PH,3522,"Electricity, gas, steam and air conditioning supply",248,88255.95741,65839.08382,49930.27091,97074.17403,72417.48737,54919.12331
37507924,PRYCE CORPORATION,2014,Philippines (the),PH,3522,"Electricity, gas, steam and air conditioning supply",258,142884.2385,113510.3448,52645.49443,152504.664,121153.0199,56190.12652
37507924,PRYCE CORPORATION,2015,Philippines (the),PH,3522,"Electricity, gas, steam and air conditioning supply",208,124439.299,86766.12354,57275.68564,133780.619,93279.42063,61575.2157
37507924,PRYCE CORPORATION,2016,Philippines (the),PH,3522,"Electricity, gas, steam and air conditioning supply",187,138735.4514,96388.79464,109478.8314,147264.5,102314.495,116209.2689
37507924,PRYCE CORPORATION,2017,Philippines (the),PH,3522,"Electricity, gas, steam and air conditioning supply",208,188459.8417,135385.6292,114515.5901,195509.472,140449.937,118799.2219
37507924,PRYCE CORPORATION,2018,Philippines (the),PH,3522,"Electricity, gas, steam and air conditioning supply",255,196808.6534,142252.889,132645.1198,196808.6534,142252.889,132645.1198
37507924,PRYCE CORPORATION,2019,Philippines (the),PH,3522,"Electricity, gas, steam and air conditioning supply",262,210051.8284,146723.3168,153740.5011,208597.743,145707.6235,152676.2313
37507924,PRYCE CORPORATION,2020,Philippines (the),PH,3522,"Electricity, gas, steam and air conditioning supply",288,244241.02,170905.3365,171493.6245,238611.9921,166966.4777,167541.2073
37507924,PRYCE CORPORATION,2021,Philippines (the),PH,3522,"Electricity, gas, steam and air conditioning supply",297,302876.419,214271.4423,253433.3369,289292.9701,204661.7632,242067.3191
37507924,PRYCE CORPORATION,2022,Philippines (the),PH,3522,"Electricity, gas, steam and air conditioning supply",316,334448.3974,248423.2189,247193.9245,302827.8482,224935.9525,223822.8822
37507924,PRYCE CORPORATION,2023,Philippines (the),PH,3522,"Electricity, gas, steam and air conditioning supply",356,346788.2337,235976.2062,254836.4468,300188.0576,204266.5584,220592.4265
37507924,PRYCE CORPORATION,2024,Philippines (the),PH,3522,"Electricity, gas, steam and air conditioning supply",4350,352834.6847,220988.8066,254808.0044,296773.4593,185876.3195,214322.0499
37507283,PT&T CORP,2019,Philippines (the),PH,6190,Information and communication,192,7944.643688,626.0641641,3676.079924,7889.64683,621.7302301,3650.632232
37507283,PT&T CORP,2020,Philippines (the),PH,6190,Information and communication,232,9096.968659,453.972007,4745.295049,8887.310632,443.5093046,4635.930135
37507283,PT&T CORP,2021,Philippines (the),PH,6190,Information and communication,249,10276.047,1126.954763,4435.597045,9815.185237,1076.41292,4236.668697
37507283,PT&T CORP,2022,Philippines (the),PH,6190,Information and communication,257,9763.488984,4318.21099,9954.793332,8840.396256,3909.944113,9013.613664
37507283,PT&T CORP,2023,Philippines (the),PH,6190,Information and communication,248,10050.17355,4700.847573,10643.00742,8699.66678,4069.164304,9212.837731
37507283,PT&T CORP,2024,Philippines (the),PH,6190,Information and communication,218,9372.392596,5138.966306,9895.628351,7883.231136,4322.445819,8323.330967
37507140,PTFC REDEVELOPMENT CORPORATION,2001,Philippines (the),PH,6831,Real estate activities,41,2306.443966,947.2173042,4524.799671,4125.502709,1694.273788,8093.44323
37507140,PTFC REDEVELOPMENT CORPORATION,2002,Philippines (the),PH,6831,Real estate activities,22,2015.152582,933.7151018,4028.413021,3458.156289,1602.326682,6913.065514
37507140,PTFC REDEVELOPMENT CORPORATION,2003,Philippines (the),PH,6831,Real estate activities,22,1376.24511,19.12434371,3530.001845,2288.684288,31.80362614,5870.364006
37507140,PTFC REDEVELOPMENT CORPORATION,2004,Philippines (the),PH,6831,Real estate activities,20,1606.784495,379.7851026,3256.86627,2523.420762,596.4443995,5114.838979
37507140,PTFC REDEVELOPMENT CORPORATION,2005,Philippines (the),PH,6831,Real estate activities,19,1485.41663,359.0455752,2967.503488,2202.620565,532.4036044,4400.303645
37507140,PTFC REDEVELOPMENT CORPORATION,2006,Philippines (the),PH,6831,Real estate activities,18,1584.977596,467.204608,2945.324755,2235.959557,659.0948737,4155.02847
37507140,PTFC REDEVELOPMENT CORPORATION,2007,Philippines (the),PH,6831,Real estate activities,18,1796.76623,533.61173,2885.041194,2456.987801,729.6873066,3945.149291
37507140,PTFC REDEVELOPMENT CORPORATION,2008,Philippines (the),PH,6831,Real estate activities,17,1620.40063,531.6624914,3580.672128,2067.393995,678.3235093,4568.413464
37507140,PTFC REDEVELOPMENT CORPORATION,2009,Philippines (the),PH,6831,Real estate activities,19,1628.757162,499.6114855,3846.358211,2022.669777,620.4418166,4776.594504
37507140,PTFC REDEVELOPMENT CORPORATION,2010,Philippines (the),PH,6831,Real estate activities,7,2294.871511,836.2070875,164.589743,2730.534438,994.9542874,195.8357839
37507140,PTFC REDEVELOPMENT CORPORATION,2011,Philippines (the),PH,6831,Real estate activities,7,2576.77549,943.5857258,68.20052904,2950.337622,1080.379908,78.0877447
37507140,PTFC REDEVELOPMENT CORPORATION,2012,Philippines (the),PH,6831,Real estate activities,5,2362.944652,932.4117017,59.48245478,2652.609443,1046.712661,66.77419258
37507140,PTFC REDEVELOPMENT CORPORATION,2013,Philippines (the),PH,6831,Real estate activities,5,2920.577934,903.6630176,54.68802345,3212.391536,993.9537636,60.1522533
37507140,PTFC REDEVELOPMENT CORPORATION,2014,Philippines (the),PH,6831,Real estate activities,3,3301.434273,1028.386203,40.68915045,3523.72053,1097.62766,43.42875942
37507140,PTFC REDEVELOPMENT CORPORATION,2015,Philippines (the),PH,6831,Real estate activities,3,3175.591363,951.2043332,38.17578279,3413.974376,1022.608657,41.04153505
12153676,"PUREGOLD PRICE CLUB, INC",2013,Philippines (the),PH,4690,Wholesale and retail trade; repair of motor vehicles and motorcycles,4723,1697235.551,1361692.404,281740.6065,1866817.2,1497747.793,309891.1106
12153676,"PUREGOLD PRICE CLUB, INC",2014,Philippines (the),PH,4690,Wholesale and retail trade; repair of motor vehicles and motorcycles,4683,1961937.018,1573683.792,294316.3624,2094034.646,1679640.249,314132.7443
12153676,"PUREGOLD PRICE CLUB, INC",2015,Philippines (the),PH,4690,Wholesale and retail trade; repair of motor vehicles and motorcycles,5199,2121387.728,1710613.104,297539.3491,2280634.539,1839024.181,319874.8194
12153676,"PUREGOLD PRICE CLUB, INC",2016,Philippines (the),PH,4690,Wholesale and retail trade; repair of motor vehicles and motorcycles,5700,2325809.621,1888081.556,315412.083,2468793.574,2004155.271,334802.6926
12153676,"PUREGOLD PRICE CLUB, INC",2017,Philippines (the),PH,4690,Wholesale and retail trade; repair of motor vehicles and motorcycles,6284.5,2547824.583,2063480.67,354473.3168,2643129.881,2140668.338,367732.9365
12153676,"PUREGOLD PRICE CLUB, INC",2018,Philippines (the),PH,4690,Wholesale and retail trade; repair of motor vehicles and motorcycles,6869,2732728.134,2223099.329,792040.1104,2732728.134,2223099.329,792040.1104
12153676,"PUREGOLD PRICE CLUB, INC",2019,Philippines (the),PH,4690,Wholesale and retail trade; repair of motor vehicles and motorcycles,10343,3108804.228,2533102.609,886535.8057,3087283.506,2515567.186,880398.7546
12153676,"PUREGOLD PRICE CLUB, INC",2020,Philippines (the),PH,4690,Wholesale and retail trade; repair of motor vehicles and motorcycles,11065,3576216.227,2903576.665,1001402.23,3493795.097,2836657.873,978322.8918
12153676,"PUREGOLD PRICE CLUB, INC",2021,Philippines (the),PH,4690,Wholesale and retail trade; repair of motor vehicles and motorcycles,11375,3295674.74,2639974.586,970694.6854,3147869.805,2521576.594,927160.8188
12153676,"PUREGOLD PRICE CLUB, INC",2022,Philippines (the),PH,4690,Wholesale and retail trade; repair of motor vehicles and motorcycles,12167,3340818.489,2681455.336,1072426.696,3024959.552,2427936.136,971033.7121
12153676,"PUREGOLD PRICE CLUB, INC",2023,Philippines (the),PH,4690,Wholesale and retail trade; repair of motor vehicles and motorcycles,13421,3640777.363,2944511.53,1208520.979,3151542.579,2548838.486,1046124.205
12153676,"PUREGOLD PRICE CLUB, INC",2024,Philippines (the),PH,4690,Wholesale and retail trade; repair of motor vehicles and motorcycles,13421,3838394.482,3097003.925,1253840.14,3228519.354,2604926.92,1054619.888
74330401,PXP ENERGY CORPORATION,2019,Philippines (the),PH,910,"Arts, entertainment and recreation",7,2222.706129,1004.690208,461.9265324,2207.319428,997.7352321,458.7288424
74330401,PXP ENERGY CORPORATION,2020,Philippines (the),PH,910,"Arts, entertainment and recreation",8,629.7360118,636.6683124,128.424511,615.2224728,621.9950045,125.4647086
74330401,PXP ENERGY CORPORATION,2021,Philippines (the),PH,910,"Arts, entertainment and recreation",9,9973.333002,799.3461376,112.5379153,9526.047408,763.4969373,107.4907973
74330401,PXP ENERGY CORPORATION,2022,Philippines (the),PH,910,"Arts, entertainment and recreation",9,1594.404852,721.0620123,93.12188198,1443.661247,652.888934,84.31763873
74330401,PXP ENERGY CORPORATION,2023,Philippines (the),PH,910,"Arts, entertainment and recreation",9,2800.799004,717.9260991,80.3174537,2424.437541,621.4537295,69.52467838
74330401,PXP ENERGY CORPORATION,2024,Philippines (the),PH,910,"Arts, entertainment and recreation",9,1280.88044,645.8957993,48327.16099,1077.363806,543.2706562,40648.5512
339872814,REPOWER ENERGY DEVELOPMENT CORPORATION,2024,Philippines (the),PH,3511,"Electricity, gas, steam and air conditioning supply",41,9239.407458,932.1715175,89132.94805,7771.375752,784.0605753,74970.78512
37507211,RFM CORPORATION,2003,Philippines (the),PH,1089,Manufacturing,891,124889.7719,98886.06576,25481.83241,207690.6624,164446.7132,42376.07751
37507211,RFM CORPORATION,2004,Philippines (the),PH,1089,Manufacturing,1144,103986.3495,78571.80843,25432.31347,163308.3429,123395.3485,39940.90561
37507211,RFM CORPORATION,2005,Philippines (the),PH,1089,Manufacturing,915.5,114085.1419,82355.64782,21727.36433,169168.8882,122119.4377,32217.99093
37507211,RFM CORPORATION,2006,Philippines (the),PH,1089,Manufacturing,687,125481.1741,92656.02933,23311.50795,177018.799,130711.7115,32886.00995
37507211,RFM CORPORATION,2007,Philippines (the),PH,1089,Manufacturing,556,169982.5341,127430.4224,26573.27077,232442.5991,174254.7184,36337.61645
37507211,RFM CORPORATION,2008,Philippines (the),PH,1089,Manufacturing,555,164679.0795,126495.6106,49261.83063,210106.3982,161389.8815,62850.88448
37507211,RFM CORPORATION,2009,Philippines (the),PH,1089,Manufacturing,541,181807.551,125967.9197,54770.98866,225777.45,156433.0829,68017.27479
37507211,RFM CORPORATION,2010,Philippines (the),PH,1089,Manufacturing,553,208581.0907,133624.6577,79091.0348,248178.5356,158992.2259,94105.83257
37507211,RFM CORPORATION,2011,Philippines (the),PH,1089,Manufacturing,622,235481.8637,156455.3634,95920.14491,269620.3081,179137.1218,109825.9485
37507211,RFM CORPORATION,2012,Philippines (the),PH,1089,Manufacturing,570,269620.8217,168061.1995,104334.2143,302672.6577,188663.2107,117124.1662
37507211,RFM CORPORATION,2013,Philippines (the),PH,1089,Manufacturing,509,231201.9238,139205.4565,127021.3701,254302.7852,153114.3631,139712.8868
37507211,RFM CORPORATION,2014,Philippines (the),PH,1089,Manufacturing,454,247581.3506,148862.1618,114337.72,264251.0544,158885.0821,122036.1025
37507211,RFM CORPORATION,2015,Philippines (the),PH,1089,Manufacturing,437,254713.1186,150562.8201,118528.113,273833.7401,161865.1618,127425.6963
37507211,RFM CORPORATION,2016,Philippines (the),PH,1089,Manufacturing,485,255695.2417,140472.7288,112619.9794,271414.6351,149108.5801,119543.5253
37507211,RFM CORPORATION,2017,Philippines (the),PH,1089,Manufacturing,490,255266.1211,142902.2646,128621.3325,264814.743,148247.7436,133432.6113
37507211,RFM CORPORATION,2018,Philippines (the),PH,1089,Manufacturing,493,267725.184,156259.8124,132663.9917,267725.184,156259.8124,132663.9917
37507211,RFM CORPORATION,2019,Philippines (the),PH,1089,Manufacturing,473,302783.1463,175430.6319,150236.5794,300687.1276,174216.212,149196.5655
37507211,RFM CORPORATION,2020,Philippines (the),PH,1089,Manufacturing,504,327261.7519,195954.6113,167033.8653,319719.3435,191438.4413,163184.2323
37507211,RFM CORPORATION,2021,Philippines (the),PH,1089,Manufacturing,507,333443.5997,202937.8265,152840.118,318489.2691,193836.4392,145985.5205
37507211,RFM CORPORATION,2022,Philippines (the),PH,1089,Manufacturing,503,345884.5164,230573.2367,137239.0418,313182.7351,208773.6035,124263.7251
37507211,RFM CORPORATION,2023,Philippines (the),PH,1089,Manufacturing,532,374119.0233,238655.8542,174362.6053,323846.2323,206586.1247,150932.3752
37507211,RFM CORPORATION,2024,Philippines (the),PH,1089,Manufacturing,560,375396.9277,232944.0067,172454.5576,315750.8308,195931.9808,145053.5842
37508031,ROBINSONS LAND CORPORATION,2004,Philippines (the),PH,6820,Real estate activities,1323,83446.00465,27250.95922,2096.155264,131050.1697,42797.04995,3291.967113
37508031,ROBINSONS LAND CORPORATION,2005,Philippines (the),PH,6820,Real estate activities,1434,91325.64421,22814.23596,25325.78711,135420.4188,33829.63695,37553.84072
37508031,ROBINSONS LAND CORPORATION,2006,Philippines (the),PH,6820,Real estate activities,2850,131841.7655,37737.13481,59787.22723,185991.8124,53236.52994,84343.0358
37508031,ROBINSONS LAND CORPORATION,2007,Philippines (the),PH,6820,Real estate activities,4266,183922.8572,54183.09735,115162.5684,251505.2926,74092.67103,157479.0426
37508031,ROBINSONS LAND CORPORATION,2008,Philippines (the),PH,6820,Real estate activities,1638,233934.9984,90093.99487,107627.6061,298466.8124,114946.7487,137317.0699
37508031,ROBINSONS LAND CORPORATION,2009,Philippines (the),PH,6820,Real estate activities,1424,221461.7468,63853.43563,46098.21935,275021.957,79296.29871,57247.00849
37508031,ROBINSONS LAND CORPORATION,2010,Philippines (the),PH,6820,Real estate activities,1421,241363.7206,63623.38182,53101.32982,287184.6846,75701.76989,63182.19082
37508031,ROBINSONS LAND CORPORATION,2011,Philippines (the),PH,6820,Real estate activities,1539,290417.4015,88473.7354,58551.0346,332519.9998,101300.0128,67039.33688
37508031,ROBINSONS LAND CORPORATION,2012,Philippines (the),PH,6820,Real estate activities,1626,322709.163,88731.68411,64559.66928,362268.9057,99608.97857,72473.80435
37508031,ROBINSONS LAND CORPORATION,2013,Philippines (the),PH,6820,Real estate activities,1695,367232.9849,107555.1756,65989.68025,403925.5789,118301.7004,72583.13084
37508031,ROBINSONS LAND CORPORATION,2014,Philippines (the),PH,6820,Real estate activities,1818,379201.5187,109862.8996,69424.56723,404733.2359,117259.9915,74098.93778
37508031,ROBINSONS LAND CORPORATION,2015,Philippines (the),PH,6820,Real estate activities,1898,420503.4907,114564.063,74739.31601,452069.5449,123164.0758,80349.79333
37508031,ROBINSONS LAND CORPORATION,2016,Philippines (the),PH,6820,Real estate activities,4496.666667,114325.5783,37576.61676,107320.7603,121353.9795,39886.71693,113918.5258
37508031,ROBINSONS LAND CORPORATION,2017,Philippines (the),PH,6820,Real estate activities,7095.333333,451599.7682,112474.2866,134053.598,468492.5522,116681.5603,139068.079
37508031,ROBINSONS LAND CORPORATION,2018,Philippines (the),PH,6820,Real estate activities,9694,560812.9365,151638.084,148777.4891,560812.9365,151638.084,148777.4891
37508031,ROBINSONS LAND CORPORATION,2019,Philippines (the),PH,6820,Real estate activities,2823,602708.398,159681.9917,198414.7482,598536.1444,158576.5918,197041.2206
37508031,ROBINSONS LAND CORPORATION,2020,Philippines (the),PH,6820,Real estate activities,2623,583464.7792,207923.4885,200266.3982,570017.6543,203131.4715,195650.8543
37508031,ROBINSONS LAND CORPORATION,2021,Philippines (the),PH,6820,Real estate activities,2303,719666.3196,338693.7869,194760.905,687390.6122,323503.9951,186026.2376
37508031,ROBINSONS LAND CORPORATION,2022,Philippines (the),PH,6820,Real estate activities,2810,810815.9149,367844.3169,305085.9596,734157.0202,333066.3381,276241.4932
37508031,ROBINSONS LAND CORPORATION,2023,Philippines (the),PH,6820,Real estate activities,3299,758631.0675,228347.5418,332374.6611,656688.9081,197663.0069,287711.3298
37508031,ROBINSONS LAND CORPORATION,2024,Philippines (the),PH,6820,Real estate activities,3777,742092.8868,209229.7832,379152.7623,624183.1733,175985.6648,318909.9081
170751233,ROBINSONS RETAIL HOLDINGS INC,2015,Philippines (the),PH,4719,Wholesale and retail trade; repair of motor vehicles and motorcycles,9967,1966359.255,1508153.855,236385.8278,2113968.5,1621366.866,254130.6694
170751233,ROBINSONS RETAIL HOLDINGS INC,2016,Philippines (the),PH,4719,Wholesale and retail trade; repair of motor vehicles and motorcycles,10804,2156300.617,1651517.565,252186.3986,2288863.653,1753048.021,267690.0786
170751233,ROBINSONS RETAIL HOLDINGS INC,2017,Philippines (the),PH,4719,Wholesale and retail trade; repair of motor vehicles and motorcycles,15199,2353636.9,1791680.727,272447.3396,2441678.309,1858701.301,282638.6514
170751233,ROBINSONS RETAIL HOLDINGS INC,2018,Philippines (the),PH,4719,Wholesale and retail trade; repair of motor vehicles and motorcycles,16997,2562451.042,1950637.061,365473.2915,2562451.042,1950637.061,365473.2915
170751233,ROBINSONS RETAIL HOLDINGS INC,2019,Philippines (the),PH,4719,Wholesale and retail trade; repair of motor vehicles and motorcycles,17584,3264540.984,2477820.704,898775.9917,3241942.174,2460667.97,892554.2078
170751233,ROBINSONS RETAIL HOLDINGS INC,2020,Philippines (the),PH,4719,Wholesale and retail trade; repair of motor vehicles and motorcycles,21035,3183537.79,2460078.573,899576.6022,3110166.728,2403381.091,878844.0415
170751233,ROBINSONS RETAIL HOLDINGS INC,2021,Philippines (the),PH,4719,Wholesale and retail trade; repair of motor vehicles and motorcycles,20535,3039389.885,2326020.252,792909.6345,2903078.853,2221702.533,757349.0995
170751233,ROBINSONS RETAIL HOLDINGS INC,2022,Philippines (the),PH,4719,Wholesale and retail trade; repair of motor vehicles and motorcycles,21276,3211027.487,2432980.799,798333.6626,2907439.689,2202953.717,722854.9071
170751233,ROBINSONS RETAIL HOLDINGS INC,2023,Philippines (the),PH,4719,Wholesale and retail trade; repair of motor vehicles and motorcycles,23172,3478959.379,2636920.301,779347.5536,3011469.124,2282580.278,674621.5862
170751233,ROBINSONS RETAIL HOLDINGS INC,2024,Philippines (the),PH,4719,Wholesale and retail trade; repair of motor vehicles and motorcycles,24165,3456361.122,2603803.816,762459.6253,2907186.541,2190090.428,641313.8798
37507529,ROCKWELL LAND CORPORATION,2010,Philippines (the),PH,6831,Real estate activities,969,98528.20046,61434.56872,10169.96714,117232.988,73097.4282,12100.65373
37507529,ROCKWELL LAND CORPORATION,2011,Philippines (the),PH,6831,Real estate activities,969,128291.9361,85958.8443,10116.5319,146890.766,98420.53109,11583.15297
37507529,ROCKWELL LAND CORPORATION,2012,Philippines (the),PH,6831,Real estate activities,1128,150513.3263,93448.79979,18821.90698,168964.2076,104904.3483,21129.2161
37507529,ROCKWELL LAND CORPORATION,2013,Philippines (the),PH,6831,Real estate activities,585,176284.8017,94178.05419,38797.33959,193898.5427,103587.9853,42673.82969
37507529,ROCKWELL LAND CORPORATION,2014,Philippines (the),PH,6831,Real estate activities,767,173383.8017,103462.1792,44560.79569,185057.7692,110428.3092,47561.08333
37507529,ROCKWELL LAND CORPORATION,2015,Philippines (the),PH,6831,Real estate activities,860,168212.2709,92295.5727,48798.54112,180839.5089,99223.9505,52461.71498
37507529,ROCKWELL LAND CORPORATION,2016,Philippines (the),PH,6831,Real estate activities,940,228616.768,151871.8415,54945.21542,242671.4563,161208.4769,58323.08609
37507529,ROCKWELL LAND CORPORATION,2017,Philippines (the),PH,6831,Real estate activities,1006.5,256865.2838,171277.2411,56916.56957,266473.7248,177684.1298,59045.62141
37507529,ROCKWELL LAND CORPORATION,2018,Philippines (the),PH,6831,Real estate activities,1073,263699.4081,147353.6972,73964.17507,263699.4081,147353.6972,73964.17507
37507529,ROCKWELL LAND CORPORATION,2019,Philippines (the),PH,6831,Real estate activities,1073,280590.355,144392.4205,110719.3361,278647.9661,143392.8629,109952.8806
37507529,ROCKWELL LAND CORPORATION,2020,Philippines (the),PH,6831,Real estate activities,1829,196063.8211,112694.2675,109974.7447,191545.1341,110097.0003,107440.1545
37507529,ROCKWELL LAND CORPORATION,2021,Philippines (the),PH,6831,Real estate activities,2585,221399.185,125970.0068,58349.09713,211469.8398,120320.4843,55732.24772
37507529,ROCKWELL LAND CORPORATION,2022,Philippines (the),PH,6831,Real estate activities,992,267827.9588,155963.3291,38383.28594,242506.064,141217.7176,34754.32378
37507529,ROCKWELL LAND CORPORATION,2023,Philippines (the),PH,6831,Real estate activities,1051,296109.81,158975.4153,47671.51313,256319.6212,137612.8613,41265.58383
37507529,ROCKWELL LAND CORPORATION,2024,Philippines (the),PH,6831,Real estate activities,3663,339343.8036,157452.3172,46897.38546,285426.1184,132435.0209,39445.94995
37508788,ROXAS AND COMPANY INC.,2004,Philippines (the),PH,1081,Manufacturing,1741,64158.29255,48490.59336,65999.32423,100759.2294,76153.44213,103650.5304
37508788,ROXAS AND COMPANY INC.,2005,Philippines (the),PH,1081,Manufacturing,1610,81748.71186,52630.59319,59419.75284,121219.4548,78042.23045,88109.40107
37508788,ROXAS AND COMPANY INC.,2006,Philippines (the),PH,1081,Manufacturing,1505,95902.66046,61780.99005,57972.23056,135291.7989,87155.67684,81782.58374
37508788,ROXAS AND COMPANY INC.,2007,Philippines (the),PH,1081,Manufacturing,784,122468.4994,81924.15276,63184.22708,167469.5372,112027.1745,86401.26498
37508788,ROXAS AND COMPANY INC.,2008,Philippines (the),PH,1081,Manufacturing,63,138759.5181,95803.5346,148627.223,177036.8322,122231.2855,189626.5791
37508788,ROXAS AND COMPANY INC.,2009,Philippines (the),PH,1081,Manufacturing,57.125,124061.3972,90074.89404,200185.8276,154065.4706,111859.3798,248600.4868
37508788,ROXAS AND COMPANY INC.,2010,Philippines (the),PH,1081,Manufacturing,51.25,142062.2306,99086.56726,254612.8443,169031.6042,117897.3563,302949.048
37508788,ROXAS AND COMPANY INC.,2011,Philippines (the),PH,1081,Manufacturing,45.375,34042.94547,35293.90795,263445.2002,38978.2436,40410.56151,301637.5654
37508788,ROXAS AND COMPANY INC.,2012,Philippines (the),PH,1081,Manufacturing,39.5,188638.5829,121008.1878,266039.7753,211763.1007,135842.1415,298652.6239
37508788,ROXAS AND COMPANY INC.,2013,Philippines (the),PH,1081,Manufacturing,33.625,145022.1694,85446.67575,246020.1628,159512.261,93984.19909,270601.6092
37508788,ROXAS AND COMPANY INC.,2014,Philippines (the),PH,1081,Manufacturing,27.75,31709.53701,20008.62932,98.83023013,33844.54673,21355.81449,105.4844901
37508788,ROXAS AND COMPANY INC.,2015,Philippines (the),PH,1081,Manufacturing,21.875,5846.844205,3259.152841,1279.972775,6285.750909,3503.808587,1376.056853
37508788,ROXAS AND COMPANY INC.,2016,Philippines (the),PH,1081,Manufacturing,16,1104.510877,488.0252171,52355.65043,1172.412966,518.0275759,55574.32224
37508788,ROXAS AND COMPANY INC.,2017,Philippines (the),PH,1081,Manufacturing,15.8,10712.07623,4637.040884,76059.00827,11112.77792,4810.496532,78904.11248
37508788,ROXAS AND COMPANY INC.,2018,Philippines (the),PH,1081,Manufacturing,15.6,11261.2667,5053.448361,71600.3748,11261.2667,5053.448361,71600.3748
37508788,ROXAS AND COMPANY INC.,2019,Philippines (the),PH,1081,Manufacturing,15.4,19107.65802,7236.22496,70570.78657,18975.3851,7186.132136,70082.25975
37508788,ROXAS AND COMPANY INC.,2020,Philippines (the),PH,1081,Manufacturing,15.2,12777.02101,8234.552997,57791.69611,12482.54874,8044.771083,56459.76968
37508788,ROXAS AND COMPANY INC.,2021,Philippines (the),PH,1081,Manufacturing,15,20318.33261,9433.253423,63113.48451,19407.09286,9010.189402,60282.96111
37508788,ROXAS AND COMPANY INC.,2022,Philippines (the),PH,1081,Manufacturing,13,15397.71922,8570.812572,40519.11987,13941.93608,7760.481883,36688.22449
37508788,ROXAS AND COMPANY INC.,2023,Philippines (the),PH,1081,Manufacturing,17,14762.37678,9954.307301,38184.40758,12778.66081,8616.682697,33053.32196
37508788,ROXAS AND COMPANY INC.,2024,Philippines (the),PH,1081,Manufacturing,23,9384.906816,5658.547771,47765.8827,7893.756996,4759.471983,40176.45333
37508767,ROXAS HOLDINGS INC,2005,Philippines (the),PH,1081,Manufacturing,1615,81904.18676,52611.81603,83191.76349,121449.9976,78014.38711,123359.2552
37508767,ROXAS HOLDINGS INC,2006,Philippines (the),PH,1081,Manufacturing,739,95899.35742,61781.28863,82836.52535,135287.1393,87156.09805,116859.1411
37508767,ROXAS HOLDINGS INC,2007,Philippines (the),PH,1081,Manufacturing,706,122433.7695,81611.97248,91931.59969,167422.0459,111600.2836,125711.8568
37508767,ROXAS HOLDINGS INC,2008,Philippines (the),PH,1081,Manufacturing,649,137130.3511,95183.17085,148477.4777,174958.2535,121439.7922,189435.526
37508767,ROXAS HOLDINGS INC,2009,Philippines (the),PH,1081,Manufacturing,673,122784.7349,96564.68866,200015.9592,152480.0494,119918.722,248389.536
37508767,ROXAS HOLDINGS INC,2010,Philippines (the),PH,1081,Manufacturing,649,140289.2226,98215.8914,254421.0283,166922.0049,116861.3896,302720.8172
37508767,ROXAS HOLDINGS INC,2011,Philippines (the),PH,1081,Manufacturing,613,33466.40318,35030.54743,263272.1092,38318.11841,40109.02089,301439.3809
37508767,ROXAS HOLDINGS INC,2012,Philippines (the),PH,1081,Manufacturing,516,186111.8876,119477.8631,266277.2873,208926.6671,134124.2198,298919.2515
37508767,ROXAS HOLDINGS INC,2013,Philippines (the),PH,1081,Manufacturing,1028,142479.1183,84651.32142,245914.5035,156715.1174,93109.37582,270485.3928
37508767,ROXAS HOLDINGS INC,2014,Philippines (the),PH,1081,Manufacturing,918,189984.1491,134289.4893,253460.2884,202775.8213,143331.2285,270525.8224
37508767,ROXAS HOLDINGS INC,2015,Philippines (the),PH,1081,Manufacturing,1017.5,176669.2524,130632.1069,306299.6971,189931.333,140438.3042,329292.7829
37508767,ROXAS HOLDINGS INC,2016,Philippines (the),PH,1081,Manufacturing,1117,250923.3629,201999.4151,304422.2116,266349.3952,214417.7467,323137.1962
37508767,ROXAS HOLDINGS INC,2017,Philippines (the),PH,1081,Manufacturing,1163,216269.7455,170252.6535,294665.8235,224359.648,176621.2159,305688.2519
37508767,ROXAS HOLDINGS INC,2018,Philippines (the),PH,1081,Manufacturing,1209,219978.1661,182313.9188,165388.5158,219978.1661,182313.9188,165388.5158
37508767,ROXAS HOLDINGS INC,2019,Philippines (the),PH,1081,Manufacturing,1222.5,249535.4239,236638.1298,163066.2483,247808.013,235000.0005,161937.4209
37508767,ROXAS HOLDINGS INC,2020,Philippines (the),PH,1081,Manufacturing,1236,199785.2809,177439.1351,195898.7857,195180.8254,173349.6916,191383.9023
37508767,ROXAS HOLDINGS INC,2021,Philippines (the),PH,1081,Manufacturing,639,93162.18724,80809.94354,183749.7753,88984.03494,77185.76659,175508.9368
37508767,ROXAS HOLDINGS INC,2022,Philippines (the),PH,1081,Manufacturing,445,122432.0517,114325.2615,186223.7353,110856.6674,103516.3367,168617.1425
37508767,ROXAS HOLDINGS INC,2023,Philippines (the),PH,1081,Manufacturing,251,113177.6154,125961.7136,35248.99576,97969.20782,109035.4241,30512.3604
37508771,SAN MIGUEL CORPORATION,1996,Philippines (the),PH,1105,Manufacturing,18402,2402160.566,2032105.806,1572884.891,5990566.043,5067714.544,3922498.333
37508771,SAN MIGUEL CORPORATION,1997,Philippines (the),PH,1105,Manufacturing,18444,1713245.823,1495034.435,1312645.437,4020836.838,3508713.957,3080663.066
37508771,SAN MIGUEL CORPORATION,1998,Philippines (the),PH,1105,Manufacturing,15923,2020686.667,1394556.961,1235976.352,4295407.444,2964433.057,2627335.602
37508771,SAN MIGUEL CORPORATION,1999,Philippines (the),PH,1105,Manufacturing,14511,1901612.923,1332679.915,1115088.071,3801480.314,2664136.533,2229152.578
37508771,SAN MIGUEL CORPORATION,2000,Philippines (the),PH,1105,Manufacturing,18760.33333,1646225.887,1081003.265,994199.7908,3110032.162,2042219.69,1878231.505
37508771,SAN MIGUEL CORPORATION,2001,Philippines (the),PH,1105,Manufacturing,23009.66667,2422690.933,1560968.077,1164461.954,4333431.965,2792080.851,2082856.127
37508771,SAN MIGUEL CORPORATION,2002,Philippines (the),PH,1105,Manufacturing,27259,2562339.914,1623380.293,1167093.567,4397171.69,2785845.012,2002822.016
37508771,SAN MIGUEL CORPORATION,2003,Philippines (the),PH,1105,Manufacturing,24807.2,2673972.796,1392880.869,1253594.582,4446794.744,2316349.418,2084717.469
37508771,SAN MIGUEL CORPORATION,2004,Philippines (the),PH,1105,Manufacturing,22355.4,3104892.705,1651447.542,1407610.127,4876167.738,2593563.125,2210621.668
37508771,SAN MIGUEL CORPORATION,2005,Philippines (the),PH,1105,Manufacturing,19903.6,4292046.064,2358848.336,1782708.718,6364375.313,3497771.435,2643454.237
37508771,SAN MIGUEL CORPORATION,2006,Philippines (the),PH,1105,Manufacturing,17451.8,5085199.093,2902385.432,1994341.788,7173791.946,4094453.109,2813457.8
37508771,SAN MIGUEL CORPORATION,2007,Philippines (the),PH,1105,Manufacturing,15000,5853457.556,3447187.213,1554431.029,8004309.948,4713855.809,2125606.554
37508771,SAN MIGUEL CORPORATION,2008,Philippines (the),PH,1105,Manufacturing,15344,3544614.13,2011414.154,1438622.74,4522408.736,2566270.011,1835472.017
37508771,SAN MIGUEL CORPORATION,2009,Philippines (the),PH,1105,Manufacturing,14593,3785701.884,2017624.432,1422016.54,4701268.53,2505584.047,1765929.228
37508771,SAN MIGUEL CORPORATION,2010,Philippines (the),PH,1105,Manufacturing,16700,5725396.024,3166047.681,7069818.971,6812316.477,3767096.407,8411967.324
37508771,SAN MIGUEL CORPORATION,2011,Philippines (the),PH,1105,Manufacturing,12566,12215944.64,8743079.845,7326625.605,13986923.26,10010587.84,8388786.39
37508771,SAN MIGUEL CORPORATION,2012,Philippines (the),PH,1105,Manufacturing,18275,17101718.61,13245435.87,9077466.407,19198156.1,14869145.69,10190240
37508771,SAN MIGUEL CORPORATION,2013,Philippines (the),PH,1105,Manufacturing,18095,17965281.64,12942563.46,9630814.835,19760307.72,14235737.67,10593091.08
37508771,SAN MIGUEL CORPORATION,2014,Philippines (the),PH,1105,Manufacturing,18538,17536858.34,14398951.23,10249389.36,18717618.66,15368435.61,10939482.87
37508771,SAN MIGUEL CORPORATION,2015,Philippines (the),PH,1105,Manufacturing,18586,14641881.8,10850782.3,10590870.5,15741008.08,11665321.04,11385898.36
37508771,SAN MIGUEL CORPORATION,2016,Philippines (the),PH,1105,Manufacturing,22396,13779977.19,9770300.981,10177544.07,14627129.77,10370950.43,10803229.63
37508771,SAN MIGUEL CORPORATION,2017,Philippines (the),PH,1105,Manufacturing,36636,16975321.41,12281392.93,10541854.09,17610309.43,12740797.32,10936188.36
37508771,SAN MIGUEL CORPORATION,2018,Philippines (the),PH,1105,Manufacturing,28598,19918254.4,14970071.19,11327213.9,19918254.4,14970071.19,11327213.9
37508771,SAN MIGUEL CORPORATION,2019,Philippines (the),PH,1105,Manufacturing,47730,20698190.88,15416285.64,12557504.31,20554907.5,15309566.28,12470574.89
37508771,SAN MIGUEL CORPORATION,2020,Philippines (the),PH,1105,Manufacturing,45531,15825255.57,11273627.76,14173369.53,15460530.57,11013804.23,13846715.59
37508771,SAN MIGUEL CORPORATION,2021,Philippines (the),PH,1105,Manufacturing,45614,19227892.6,13934001.93,14396600.9,18365557.08,13309087.63,13750939.9
37508771,SAN MIGUEL CORPORATION,2022,Philippines (the),PH,1105,Manufacturing,50496,27962063.53,22183036.42,14616161.84,25318379.74,20085732.92,13234271.34
37508771,SAN MIGUEL CORPORATION,2023,Philippines (the),PH,1105,Manufacturing,53184,27193189.9,20694656.67,15503554.09,23539065.23,17913781.91,13420241.34
37508771,SAN MIGUEL CORPORATION,2024,Philippines (the),PH,1105,Manufacturing,56622,28233356.64,21533249.96,16112524.09,23747412.82,18111873.23,13552436.08
37507198,"SAN MIGUEL FOOD AND BEVERAGE, INC",2002,Philippines (the),PH,1012,Manufacturing,3189,594882.3642,486210.5245,72195.32548,1020863.734,834374.5272,123892.7121
37507198,"SAN MIGUEL FOOD AND BEVERAGE, INC",2003,Philippines (the),PH,1012,Manufacturing,3477,656734.0711,539811.0429,82005.32355,1092143.353,897701.3201,136374.1779
37507198,"SAN MIGUEL FOOD AND BEVERAGE, INC",2004,Philippines (the),PH,1012,Manufacturing,3896,805532.1136,679398.7865,113507.6851,1265070.995,1066981.297,178261.3974
37507198,"SAN MIGUEL FOOD AND BEVERAGE, INC",2005,Philippines (the),PH,1012,Manufacturing,3894.666667,952678.8943,787751.0422,133484.3549,1412660.989,1168100.997,197934.6262
37507198,"SAN MIGUEL FOOD AND BEVERAGE, INC",2006,Philippines (the),PH,1012,Manufacturing,3893.333333,1082463.372,877968.5809,154968.1482,1527052.703,1238567.816,218616.6624
37507198,"SAN MIGUEL FOOD AND BEVERAGE, INC",2007,Philippines (the),PH,1012,Manufacturing,3892,1498809.112,1217509.824,199300.7868,2049546.37,1664883.687,272533.8409
37507198,"SAN MIGUEL FOOD AND BEVERAGE, INC",2008,Philippines (the),PH,1012,Manufacturing,3578,1496807.957,1246238.511,169704.6034,1909707.836,1590017.904,216518.231
37507198,"SAN MIGUEL FOOD AND BEVERAGE, INC",2009,Philippines (the),PH,1012,Manufacturing,3520,1620015.586,1291424.882,178932.454,2011814.064,1603754.163,222207.0149
37507198,"SAN MIGUEL FOOD AND BEVERAGE, INC",2010,Philippines (the),PH,1012,Manufacturing,3676,1810112.394,1396247.103,207498.7618,2153747.695,1661313.402,246890.7353
37507198,"SAN MIGUEL FOOD AND BEVERAGE, INC",2011,Philippines (the),PH,1012,Manufacturing,3627,2039498.331,1619008.722,199060.3092,2335169.935,1853720.807,227918.6221
37507198,"SAN MIGUEL FOOD AND BEVERAGE, INC",2012,Philippines (the),PH,1012,Manufacturing,3578,2333169.427,1834495.345,245296.8513,2619184.182,2059379.457,275366.9002
37507198,"SAN MIGUEL FOOD AND BEVERAGE, INC",2013,Philippines (the),PH,1012,Manufacturing,3529,2246429.782,1732455.911,296417.6681,2470884.936,1905556.65,326034.6513
37507198,"SAN MIGUEL FOOD AND BEVERAGE, INC",2014,Philippines (the),PH,1012,Manufacturing,3223,2308523.704,1787145.367,284485.1096,2463957.085,1907474.237,303639.5512
37507198,"SAN MIGUEL FOOD AND BEVERAGE, INC",2015,Philippines (the),PH,1012,Manufacturing,3371,2265620.098,1719901.426,309812.9572,2435694.042,1849009.752,333069.7739
37507198,"SAN MIGUEL FOOD AND BEVERAGE, INC",2016,Philippines (the),PH,1012,Manufacturing,3393,2240089.166,1660911.539,400182.1636,2377803.277,1763019.508,424784.1891
37507198,"SAN MIGUEL FOOD AND BEVERAGE, INC",2017,Philippines (the),PH,1012,Manufacturing,3656,5043126.242,3265869.327,1078060.176,5231772.137,3388034.193,1118386.675
37507198,"SAN MIGUEL FOOD AND BEVERAGE, INC",2018,Philippines (the),PH,1012,Manufacturing,10535,5435835.905,3558189.971,1174436.739,5435835.905,3558189.971,1174436.739
37507198,"SAN MIGUEL FOOD AND BEVERAGE, INC",2019,Philippines (the),PH,1012,Manufacturing,10590.5,6156156.382,4027589.462,1582886.644,6113540.342,3999708.442,1571929.099
37507198,"SAN MIGUEL FOOD AND BEVERAGE, INC",2020,Philippines (the),PH,1012,Manufacturing,10646,5838037.958,3995128.53,1862103.365,5703488.575,3903052.719,1819187.43
37507198,"SAN MIGUEL FOOD AND BEVERAGE, INC",2021,Philippines (the),PH,1012,Manufacturing,8817,6115768.032,4153818.964,1887422.733,5841487.113,3967527.844,1802775.304
37507198,"SAN MIGUEL FOOD AND BEVERAGE, INC",2022,Philippines (the),PH,1012,Manufacturing,9460,6402851.054,4498218.118,1991838.923,5797491.1,4072932.4,1803519.765
37507198,"SAN MIGUEL FOOD AND BEVERAGE, INC",2023,Philippines (the),PH,1012,Manufacturing,9780,6890222.537,4831590.638,2206939.346,5964338.805,4182338.579,1910378.643
37507198,"SAN MIGUEL FOOD AND BEVERAGE, INC",2024,Philippines (the),PH,1012,Manufacturing,10138,6919260.665,4806443.131,2301392.7,5819872.627,4042756.613,1935728.834
108755305,SBS PHILIPPINES CORPORATION,2015,Philippines (the),PH,4675,Wholesale and retail trade; repair of motor vehicles and motorcycles,84,22066.29767,14463.80862,329.1141911,23722.75466,15549.56742,353.8198989
108755305,SBS PHILIPPINES CORPORATION,2016,Philippines (the),PH,4675,Wholesale and retail trade; repair of motor vehicles and motorcycles,101,22330.07461,15937.40599,409.8930021,23702.86209,16917.19096,435.0920216
108755305,SBS PHILIPPINES CORPORATION,2017,Philippines (the),PH,4675,Wholesale and retail trade; repair of motor vehicles and motorcycles,109,22114.93625,15094.76542,424.6739834,22942.17946,15659.40834,440.559567
108755305,SBS PHILIPPINES CORPORATION,2018,Philippines (the),PH,4675,Wholesale and retail trade; repair of motor vehicles and motorcycles,96,22555.95271,14898.68055,2011.000769,22555.95271,14898.68055,2011.000769
108755305,SBS PHILIPPINES CORPORATION,2019,Philippines (the),PH,4675,Wholesale and retail trade; repair of motor vehicles and motorcycles,103.5,25589.82338,17491.6443,3660.117446,25412.67763,17370.55826,3634.780254
108755305,SBS PHILIPPINES CORPORATION,2020,Philippines (the),PH,4675,Wholesale and retail trade; repair of motor vehicles and motorcycles,111,20686.1306,13215.98344,1339.516155,20209.37691,12911.39439,1308.644298
108755305,SBS PHILIPPINES CORPORATION,2021,Philippines (the),PH,4675,Wholesale and retail trade; repair of motor vehicles and motorcycles,114,16729.29091,10498.07008,1357.092239,15979.01306,10027.251,1296.229155
108755305,SBS PHILIPPINES CORPORATION,2022,Philippines (the),PH,4675,Wholesale and retail trade; repair of motor vehicles and motorcycles,115,21360.17469,12900.57025,4330.702081,19340.66897,11680.881,3921.254229
108755305,SBS PHILIPPINES CORPORATION,2023,Philippines (the),PH,4675,Wholesale and retail trade; repair of motor vehicles and motorcycles,117,18799.23315,11153.13033,4632.677616,16273.05869,9654.412128,4010.154785
108755305,SBS PHILIPPINES CORPORATION,2024,Philippines (the),PH,4675,Wholesale and retail trade; repair of motor vehicles and motorcycles,117,19500.3097,11180.00795,4647.70559,16401.94294,9403.637955,3909.240575
37507638,SEMIRARA MINING AND POWER CORPORATION,2003,Philippines (the),PH,729,"Professional, scientific and technical activities",975,39180.85472,20058.62904,31483.90168,65157.43883,33357.33495,52357.46929
37507638,SEMIRARA MINING AND POWER CORPORATION,2004,Philippines (the),PH,729,"Professional, scientific and technical activities",873,90075.85151,35571.36465,40039.64974,141462.2027,55864.06914,62881.41551
37507638,SEMIRARA MINING AND POWER CORPORATION,2005,Philippines (the),PH,729,"Professional, scientific and technical activities",833,104722.8825,38941.15132,53359.09521,155286.2477,57743.11329,79122.4752
37507638,SEMIRARA MINING AND POWER CORPORATION,2006,Philippines (the),PH,729,"Professional, scientific and technical activities",793,97191.953,51773.73236,61362.26944,137110.6297,73038.23852,86564.97931
37507638,SEMIRARA MINING AND POWER CORPORATION,2007,Philippines (the),PH,729,"Professional, scientific and technical activities",753,156299.3865,85556.6036,45998.2119,213731.5804,116994.369,62900.25025
37507638,SEMIRARA MINING AND POWER CORPORATION,2008,Philippines (the),PH,729,"Professional, scientific and technical activities",1649,178999.1387,121919.6392,23292.91382,228376.6974,155551.6119,29718.34821
37507638,SEMIRARA MINING AND POWER CORPORATION,2009,Philippines (the),PH,729,"Professional, scientific and technical activities",2043,259112.4075,174995.7468,395992.7655,321778.3768,217318.2207,491763.0557
37507638,SEMIRARA MINING AND POWER CORPORATION,2010,Philippines (the),PH,729,"Professional, scientific and technical activities",2137,522178.6353,306199.3674,446221.1542,621310.0555,364328.8582,530932.6566
37507638,SEMIRARA MINING AND POWER CORPORATION,2011,Philippines (the),PH,729,"Professional, scientific and technical activities",2195,588689.2363,320786.1824,472075.5468,674033.1115,367291.4253,540513.6191
37507638,SEMIRARA MINING AND POWER CORPORATION,2012,Philippines (the),PH,729,"Professional, scientific and technical activities",2158,590920.6582,300847.2489,551678.8398,663359.4727,337727.019,619307.1425
37507638,SEMIRARA MINING AND POWER CORPORATION,2013,Philippines (the),PH,729,"Professional, scientific and technical activities",2371,621701.1224,269734.8647,614359.3606,683819.2539,296685.7986,675743.9298
37507638,SEMIRARA MINING AND POWER CORPORATION,2014,Philippines (the),PH,729,"Professional, scientific and technical activities",2674,645280.7743,387363.6099,772172.9692,688727.6631,413444.8824,824163.5359
37507638,SEMIRARA MINING AND POWER CORPORATION,2015,Philippines (the),PH,729,"Professional, scientific and technical activities",3319,530757.429,191152.5879,779007.2478,570599.9467,205501.8932,837485.2047
37507638,SEMIRARA MINING AND POWER CORPORATION,2016,Philippines (the),PH,729,"Professional, scientific and technical activities",3662,753277.0805,286751.7331,870298.2604,799586.3459,304380.3885,923801.6446
37507638,SEMIRARA MINING AND POWER CORPORATION,2017,Philippines (the),PH,729,"Professional, scientific and technical activities",4237.5,899242.3625,294893.546,861607.8066,932879.9064,305924.4927,893837.572
37507638,SEMIRARA MINING AND POWER CORPORATION,2018,Philippines (the),PH,729,"Professional, scientific and technical activities",4813,807113.3415,272562.3741,825425.3444,807113.3415,272562.3741,825425.3444
37507638,SEMIRARA MINING AND POWER CORPORATION,2019,Philippines (the),PH,729,"Professional, scientific and technical activities",3229,888625.4911,402088.0688,942113.5487,882473.9742,399304.611,935591.7603
37507638,SEMIRARA MINING AND POWER CORPORATION,2020,Philippines (the),PH,729,"Professional, scientific and technical activities",3169,593244.3192,284429.9812,956565.6087,579571.805,277874.7175,934519.6212
37507638,SEMIRARA MINING AND POWER CORPORATION,2021,Philippines (the),PH,729,"Professional, scientific and technical activities",3334,1037227.085,398197.018,851711.0892,990709.3631,380338.616,813513.4174
37507638,SEMIRARA MINING AND POWER CORPORATION,2022,Philippines (the),PH,729,"Professional, scientific and technical activities",3655,1628133.131,428090.1297,731970.4763,1474200.673,387616.1878,662766.0532
37507638,SEMIRARA MINING AND POWER CORPORATION,2023,Philippines (the),PH,729,"Professional, scientific and technical activities",3885,1398060.722,467124.2591,676933.676,1210194.267,404353.7536,585969.7232
37507638,SEMIRARA MINING AND POWER CORPORATION,2024,Philippines (the),PH,729,"Professional, scientific and technical activities",4119,1134333.369,447239.567,642777.5521,954101.3185,376178.5311,540647.8613
84014512,SHAKEY'S PIZZA ASIA VENTURES INC,2018,Philippines (the),PH,5610,Accommodation and food service activities,1200,144914.144,97316.63415,33262.15907,144914.144,97316.63415,33262.15907
84014512,SHAKEY'S PIZZA ASIA VENTURES INC,2019,Philippines (the),PH,5610,Accommodation and food service activities,1200,163546.0347,101451.4029,59690.11104,162413.886,100749.1048,59276.90578
84014512,SHAKEY'S PIZZA ASIA VENTURES INC,2020,Philippines (the),PH,5610,Accommodation and food service activities,1200,111429.7159,78062.7422,56855.23182,108861.5929,76263.62855,55544.8881
84014512,SHAKEY'S PIZZA ASIA VENTURES INC,2021,Philippines (the),PH,5610,Accommodation and food service activities,1300,108665.6775,69626.73945,51307.34334,103792.2222,66504.10858,49006.3036
84014512,SHAKEY'S PIZZA ASIA VENTURES INC,2022,Philippines (the),PH,5610,Accommodation and food service activities,1300,181657.2707,119770.7238,57172.20261,164482.4159,108446.9558,51766.83527
84014512,SHAKEY'S PIZZA ASIA VENTURES INC,2023,Philippines (the),PH,5610,Accommodation and food service activities,2269,254872.8713,180062.1752,60726.90557,220623.9564,155866.057,52566.63881
84014512,SHAKEY'S PIZZA ASIA VENTURES INC,2024,Philippines (the),PH,5610,Accommodation and food service activities,2288,250089.3849,165733.2147,71044.78021,210353.1628,139400.1825,59756.61153
37507806,SHANG PROPERTIES INC,2005,Philippines (the),PH,4110,Construction,195,32717.05702,13547.53475,928.4489765,48513.83859,20088.693,1376.732136
37507806,SHANG PROPERTIES INC,2006,Philippines (the),PH,4110,Construction,234,32914.14988,12914.82139,798.7665938,46432.64875,18219.19653,1126.835991
37507806,SHANG PROPERTIES INC,2007,Philippines (the),PH,4110,Construction,216,60236.32187,34983.13997,614.8643658,82370.1523,47837.69124,840.7962154
37507806,SHANG PROPERTIES INC,2008,Philippines (the),PH,4110,Construction,227,76159.2933,29407.47639,1699.652542,97168.10934,37519.63493,2168.507832
37507806,SHANG PROPERTIES INC,2009,Philippines (the),PH,4110,Construction,203.3333333,82666.6219,27172.46905,6770.083567,102659.4275,33744.09225,8407.418701
37507806,SHANG PROPERTIES INC,2010,Philippines (the),PH,4110,Construction,179.6666667,58646.12159,8734.305728,7142.212729,69779.61678,10392.44352,8498.104456
37507806,SHANG PROPERTIES INC,2011,Philippines (the),PH,4110,Construction,156,73636.95357,13739.23279,7782.553501,84312.30244,15731.04663,8910.811389
37507806,SHANG PROPERTIES INC,2012,Philippines (the),PH,4110,Construction,132.3333333,123075.5474,54012.3805,8554.063809,138162.9312,60633.56179,9602.675382
37507806,SHANG PROPERTIES INC,2013,Philippines (the),PH,4110,Construction,108.6666667,144638.2031,67343.94719,12428.10855,159089.9301,74072.71125,13669.88028
37507806,SHANG PROPERTIES INC,2014,Philippines (the),PH,4110,Construction,85,164213.463,54742.45301,1501.893913,175269.9896,58428.27376,1603.016743
37507806,SHANG PROPERTIES INC,2015,Philippines (the),PH,4110,Construction,91,157965.1013,50346.98703,2868.549367,169823.1122,54126.39851,3083.883572
37507806,SHANG PROPERTIES INC,2016,Philippines (the),PH,4110,Construction,96,220212.1346,92868.74965,209741.0326,233750.1307,98578.04796,222635.2961
37507806,SHANG PROPERTIES INC,2017,Philippines (the),PH,4110,Construction,96,291104.4709,131099.5689,239323.2296,301993.6815,136003.5499,248275.4831
37507806,SHANG PROPERTIES INC,2018,Philippines (the),PH,4110,Construction,111,231143.7205,95913.93323,260882.0193,231143.7205,95913.93323,260882.0193
37507806,SHANG PROPERTIES INC,2019,Philippines (the),PH,4110,Construction,327,225455.5214,95309.15954,252473.0013,223894.8038,94649.38114,250725.255
37507806,SHANG PROPERTIES INC,2020,Philippines (the),PH,4110,Construction,337,135841.9477,53347.23792,243246.5576,132711.1955,52117.74302,237640.4491
37507806,SHANG PROPERTIES INC,2021,Philippines (the),PH,4110,Construction,312,93326.05452,31687.57693,212980.2696,89140.55307,30266.44754,203428.4973
37507806,SHANG PROPERTIES INC,2022,Philippines (the),PH,4110,Construction,368,141836.1729,49490.075,188418.9956,128426.2188,44811.0173,170604.851
37507806,SHANG PROPERTIES INC,2023,Philippines (the),PH,4110,Construction,783,183728.6498,56213.20145,184391.1833,159039.8438,48659.47028,159613.3484
37507806,SHANG PROPERTIES INC,2024,Philippines (the),PH,4110,Construction,1092,206574.2519,67600.491,172036.2276,173752.0657,56859.57882,144701.7218
37507230,SHELL PILIPINAS CORPORATION,2014,Philippines (the),PH,1920,Manufacturing,359,5032731.591,5033150.871,417570.1907,5371586.456,5372033.966,445685.2785
37507230,SHELL PILIPINAS CORPORATION,2015,Philippines (the),PH,1920,Manufacturing,754,3342391.963,2950442.807,472990.6693,3593296.244,3171924.53,508496.7934
37507230,SHELL PILIPINAS CORPORATION,2016,Philippines (the),PH,1920,Manufacturing,698,2763517.09,2242369.535,469321.6255,2933410.014,2380223.836,498174.1424
37507230,SHELL PILIPINAS CORPORATION,2017,Philippines (the),PH,1920,Manufacturing,699,3410072.635,2849926.389,509472.0295,3537631.648,2956532.27,528529.6145
37507230,SHELL PILIPINAS CORPORATION,2018,Philippines (the),PH,1920,Manufacturing,703,4167797.481,3715917.653,533508.7664,4167797.481,3715917.653,533508.7664
37507230,SHELL PILIPINAS CORPORATION,2019,Philippines (the),PH,1920,Manufacturing,681,4321048.668,3829230.917,858720.1034,4291136.175,3802723.036,852775.6067
37507230,SHELL PILIPINAS CORPORATION,2020,Philippines (the),PH,1920,Manufacturing,585,3283401.889,3182004.856,783630.4196,3207729.257,3108669.124,765570.073
37507230,SHELL PILIPINAS CORPORATION,2021,Philippines (the),PH,1920,Manufacturing,489,3528126.216,3040560.996,815060.4208,3369896.261,2904197.442,778506.4639
37507230,SHELL PILIPINAS CORPORATION,2022,Philippines (the),PH,1920,Manufacturing,489,5214832.216,4741977.332,844190.523,4721793.948,4293645.307,764376.2135
37507230,SHELL PILIPINAS CORPORATION,2023,Philippines (the),PH,1920,Manufacturing,479,4585599.837,4196316.166,930264.1931,3969403.151,3632430.043,805258.5815
37507230,SHELL PILIPINAS CORPORATION,2024,Philippines (the),PH,1920,Manufacturing,509,4233097.576,3815011.868,827804.3333,3560508.832,3208851.959,696276.0926
37508494,SM PRIME HOLDINGS INC,2006,Philippines (the),PH,6831,Real estate activities,3098,274148.5406,185476.2429,1051658.662,386746.8229,261655.041,1483595.883
37508494,SM PRIME HOLDINGS INC,2007,Philippines (the),PH,6831,Real estate activities,3378,388965.5021,211110.7854,1589825.56,531890.8368,288683.4223,2174006.802
37508494,SM PRIME HOLDINGS INC,2008,Philippines (the),PH,6831,Real estate activities,4633,382408.4071,236745.328,1583108.579,487897.147,302052.3815,2019814.797
37508494,SM PRIME HOLDINGS INC,2009,Philippines (the),PH,6831,Real estate activities,5102,442175.7399,262379.8705,1810655.91,549115.3171,325836.0711,2248560.48
37508494,SM PRIME HOLDINGS INC,2010,Philippines (the),PH,6831,Real estate activities,5102,540410.9018,288014.4131,2140601.656,643003.5714,342691.6364,2546977.689
37508494,SM PRIME HOLDINGS INC,2011,Philippines (the),PH,6831,Real estate activities,5251,612307.7719,313648.9557,2454840.175,701075.6902,359119.4954,2810725.013
37508494,SM PRIME HOLDINGS INC,2012,Philippines (the),PH,6831,Real estate activities,5939,1397892.004,339283.4982,539020.5811,1569254.501,380875.0284,605097.1538
37508494,SM PRIME HOLDINGS INC,2013,Philippines (the),PH,6831,Real estate activities,6364,1356291.246,268400.4882,520530.273,1491806.971,295218.0959,572539.7785
37508494,SM PRIME HOLDINGS INC,2014,Philippines (the),PH,6831,Real estate activities,6545,1484637.486,274716.6356,563567.5475,1584598.437,293213.3638,601512.6677
37508494,SM PRIME HOLDINGS INC,2015,Philippines (the),PH,6831,Real estate activities,6997,1673281.552,255249.0343,525504.2806,1798890.25,274409.8856,564952.4587
37508494,SM PRIME HOLDINGS INC,2016,Philippines (the),PH,6831,Real estate activities,8986,1602317.296,263327.667,32513.62113,1700823.063,279516.2795,34512.46318
37508494,SM PRIME HOLDINGS INC,2017,Philippines (the),PH,6831,Real estate activities,10062,1821241.65,303503.465,29914.60747,1889367.995,314856.4789,31033.60938
37508494,SM PRIME HOLDINGS INC,2018,Philippines (the),PH,6831,Real estate activities,11377,1974064.362,337023.1537,26915.84593,1974064.362,337023.1537,26915.84593
37508494,SM PRIME HOLDINGS INC,2019,Philippines (the),PH,6831,Real estate activities,11695,2331536.532,409789.5311,27260.75985,2315396.452,406952.7598,27072.04702
37508494,SM PRIME HOLDINGS INC,2020,Philippines (the),PH,6831,Real estate activities,10739,1721175.232,428395.4818,27296.36022,1681507.271,418522.2422,26667.26044
37508494,SM PRIME HOLDINGS INC,2021,Philippines (the),PH,6831,Real estate activities,8141,1693130.533,368036.9552,27027.1404,1617196.751,351531.1764,25815.02299
37508494,SM PRIME HOLDINGS INC,2022,Philippines (the),PH,6831,Real estate activities,9295,1884989.938,301114.8976,24943.69217,1706772.858,272645.8767,22585.38144
37508494,SM PRIME HOLDINGS INC,2023,Philippines (the),PH,6831,Real estate activities,12927,2311376.043,299834.6107,27984.05497,2000781.506,259543.8963,24223.65665
37508494,SM PRIME HOLDINGS INC,2024,Philippines (the),PH,6831,Real estate activities,13747,2428750.23,329929.4039,25740.2516,2042850.771,277507.5546,21650.43246
37508456,SOCRESOURCES INC,2012,Philippines (the),PH,610,Information and communication,7,5782.797572,353.4424124,465.5030056,6491.689696,396.7696324,522.5673261
37508456,SOCRESOURCES INC,2013,Philippines (the),PH,610,Information and communication,6,2384.518451,1496.375052,387.8732023,2622.770926,1645.887445,426.6280922
37508456,SOCRESOURCES INC,2014,Philippines (the),PH,610,Information and communication,6,3501.647391,2257.27864,774.2564576,3737.414039,2409.26168,826.3873059
37508456,SOCRESOURCES INC,2015,Philippines (the),PH,610,Information and communication,6,5706.377452,4154.857295,786.3079304,6134.739698,4466.75114,845.3339298
37508456,SOCRESOURCES INC,2016,Philippines (the),PH,610,Information and communication,6,3967.618917,2281.693547,696.2640314,4211.53649,2421.965373,739.0683017
37508456,SOCRESOURCES INC,2017,Philippines (the),PH,610,Information and communication,6,1563.427625,669.2706539,698.415536,1621.91004,694.3057523,724.5408435
37508456,SOCRESOURCES INC,2018,Philippines (the),PH,610,Information and communication,6,2828.996403,1246.415348,682.40273,2828.996403,1246.415348,682.40273
37508456,SOCRESOURCES INC,2019,Philippines (the),PH,610,Information and communication,6,2393.819955,1338.20747,748.0884427,2377.248718,1328.943719,742.9097946
37508456,SOCRESOURCES INC,2020,Philippines (the),PH,610,Information and communication,6,1315.492507,587.8299427,761.2207276,1285.174323,574.2822137,743.6768576
37508456,SOCRESOURCES INC,2021,Philippines (the),PH,610,Information and communication,6,6372.375749,3680.95883,664.8481636,6086.586448,3515.874614,635.0309494
37508456,SOCRESOURCES INC,2022,Philippines (the),PH,610,Information and communication,6,3815.181766,1884.230227,551.6928029,3454.473975,1706.084974,499.5328
37508456,SOCRESOURCES INC,2023,Philippines (the),PH,610,Information and communication,7,5381.053442,2741.195283,509.1331129,4657.966515,2372.843157,440.7176061
37508456,SOCRESOURCES INC,2024,Philippines (the),PH,610,Information and communication,40,3105.457212,1560.019949,449.3053269,2612.03708,1312.151376,377.9160664
37508789,SOLID GROUP INC,2003,Philippines (the),PH,2640,Manufacturing,802,26325.05432,22608.3959,61225.05118,43778.3486,37597.57624,101816.756
37508789,SOLID GROUP INC,2004,Philippines (the),PH,2640,Manufacturing,775,23680.80728,17813.976,13318.33918,37190.20252,27976.46917,20916.16748
37508789,SOLID GROUP INC,2005,Philippines (the),PH,2640,Manufacturing,748,22215.25701,15874.02777,13996.28823,32941.45291,23538.48699,20754.11819
37508789,SOLID GROUP INC,2006,Philippines (the),PH,2640,Manufacturing,721,22655.866,16775.80815,30764.30862,31961.08275,23665.96768,43399.82474
37508789,SOLID GROUP INC,2007,Philippines (the),PH,2640,Manufacturing,694,32943.6482,21953.28582,35189.89826,45048.78842,30020.01849,48120.42284
37508789,SOLID GROUP INC,2008,Philippines (the),PH,2640,Manufacturing,681,39794.25128,24494.72494,30286.36447,50771.63918,31251.68325,38640.96746
37508789,SOLID GROUP INC,2009,Philippines (the),PH,2640,Manufacturing,560,52243.61361,36515.76855,30152.38529,64878.65766,45347.05552,37444.69702
37508789,SOLID GROUP INC,2010,Philippines (the),PH,2640,Manufacturing,554,62881.21338,42049.60768,31830.21591,74818.70674,50032.38799,37872.92676
37508789,SOLID GROUP INC,2011,Philippines (the),PH,2640,Manufacturing,564,99510.49741,69946.3461,31572.91571,113936.8041,80086.6576,36150.12693
37508789,SOLID GROUP INC,2012,Philippines (the),PH,2640,Manufacturing,392,125005.5338,87000.50893,25451.73794,140329.5076,97665.58491,28571.77394
37508789,SOLID GROUP INC,2013,Philippines (the),PH,2640,Manufacturing,388,96982.5078,75809.40873,35139.39381,106672.6498,83384.01114,38650.39517
37508789,SOLID GROUP INC,2014,Philippines (the),PH,2640,Manufacturing,395,111405.34,95252.48325,38981.30799,118906.2847,101665.8528,41605.92756
37508789,SOLID GROUP INC,2015,Philippines (the),PH,2640,Manufacturing,383,141867.5099,105094.9196,38484.77701,152517.1183,112984.1096,41373.72463
37508789,SOLID GROUP INC,2016,Philippines (the),PH,2640,Manufacturing,367,127592.9383,106154.0568,37622.669,135436.9779,112680.0968,39935.60033
37508789,SOLID GROUP INC,2017,Philippines (the),PH,2640,Manufacturing,376,103145.14,78422.02724,38239.18704,107003.4426,81355.52381,39669.58266
37508789,SOLID GROUP INC,2018,Philippines (the),PH,2640,Manufacturing,398,77775.05832,56596.84636,33431.17129,77775.05832,56596.84636,33431.17129
37508789,SOLID GROUP INC,2019,Philippines (the),PH,2640,Manufacturing,425,53624.54665,35835.86231,33679.90298,53253.33031,35587.78827,33446.75359
37508789,SOLID GROUP INC,2020,Philippines (the),PH,2640,Manufacturing,374.5,24871.03346,14010.15861,35172.6819,24297.83023,13687.2662,34362.05637
37508789,SOLID GROUP INC,2021,Philippines (the),PH,2640,Manufacturing,324,31358.03819,17473.64827,32146.02024,29951.688,16689.98737,30704.33051
37508789,SOLID GROUP INC,2022,Philippines (the),PH,2640,Manufacturing,360,30487.81193,17385.53106,28316.19752,27605.33032,15741.80951,25639.03201
37508789,SOLID GROUP INC,2023,Philippines (the),PH,2640,Manufacturing,396,45574.08123,26590.24211,28783.12635,39449.9974,23017.13943,24915.35165
37508789,SOLID GROUP INC,2024,Philippines (the),PH,2640,Manufacturing,417,50532.76647,30121.81454,27848.191,42503.71226,25335.81728,23423.44541
37508500,SPC POWER CORPORATION,2003,Philippines (the),PH,3511,"Electricity, gas, steam and air conditioning supply",282,11956.73801,3589.213272,16860.29916,19883.95687,5968.832121,28038.53869
37508500,SPC POWER CORPORATION,2004,Philippines (the),PH,3511,"Electricity, gas, steam and air conditioning supply",276,25510.35211,11353.1198,17251.65706,40063.46362,17829.83239,27093.35928
37508500,SPC POWER CORPORATION,2005,Philippines (the),PH,3511,"Electricity, gas, steam and air conditioning supply",274,34124.33466,11878.51251,18301.09176,50600.59232,17613.8165,27137.41065
37508500,SPC POWER CORPORATION,2006,Philippines (the),PH,3511,"Electricity, gas, steam and air conditioning supply",272,34772.22609,12518.33845,17733.9617,49053.87399,17659.87012,25017.65404
37508500,SPC POWER CORPORATION,2007,Philippines (the),PH,3511,"Electricity, gas, steam and air conditioning supply",270,36171.87935,14224.58373,4935.871039,49463.23279,19451.40559,6749.556356
37508500,SPC POWER CORPORATION,2008,Philippines (the),PH,3511,"Electricity, gas, steam and air conditioning supply",263,29372.96022,15477.16139,4172.496627,37475.59736,19746.59224,5323.494887
37508500,SPC POWER CORPORATION,2009,Philippines (the),PH,3511,"Electricity, gas, steam and air conditioning supply",233,39081.17535,19469.25926,6880.295835,48532.90232,24177.87207,8544.285651
37508500,SPC POWER CORPORATION,2010,Philippines (the),PH,3511,"Electricity, gas, steam and air conditioning supply",231,42318.24161,24685.90679,6870.730441,50352.01992,29372.32794,8175.083435
37508500,SPC POWER CORPORATION,2011,Philippines (the),PH,3511,"Electricity, gas, steam and air conditioning supply",223,44477.10022,27027.81905,5687.10179,50925.06606,30946.11528,6511.576361
37508500,SPC POWER CORPORATION,2012,Philippines (the),PH,3511,"Electricity, gas, steam and air conditioning supply",177,60795.17806,33956.42323,6463.536544,68247.83784,38119.01767,7255.877982
37508500,SPC POWER CORPORATION,2013,Philippines (the),PH,3511,"Electricity, gas, steam and air conditioning supply",174,52852.7729,31681.76776,7504.345654,58133.63114,34847.29561,8254.152777
37508500,SPC POWER CORPORATION,2014,Philippines (the),PH,3511,"Electricity, gas, steam and air conditioning supply",101,63575.34192,40465.60771,17592.75631,67855.88291,43190.1655,18777.28025
37508500,SPC POWER CORPORATION,2015,Philippines (the),PH,3511,"Electricity, gas, steam and air conditioning supply",81,60611.66917,39301.27618,9488.720649,65161.62245,42251.51617,10201.01312
37508500,SPC POWER CORPORATION,2016,Philippines (the),PH,3511,"Electricity, gas, steam and air conditioning supply",82,60363.1184,37684.68092,13550.73984,64074.06586,40001.42456,14383.79958
37508500,SPC POWER CORPORATION,2017,Philippines (the),PH,3511,"Electricity, gas, steam and air conditioning supply",144,52540.85111,32914.8878,15590.9295,54506.22247,34146.11981,16174.1322
37508500,SPC POWER CORPORATION,2018,Philippines (the),PH,3511,"Electricity, gas, steam and air conditioning supply",78,53272.61057,32179.4263,14816.8203,53272.61057,32179.4263,14816.8203
37508500,SPC POWER CORPORATION,2019,Philippines (the),PH,3511,"Electricity, gas, steam and air conditioning supply",85,58017.7754,39148.56922,15642.30251,57616.1469,38877.56295,15534.01855
37508500,SPC POWER CORPORATION,2020,Philippines (the),PH,3511,"Electricity, gas, steam and air conditioning supply",45,44632.75322,28014.36336,15606.62788,43604.10123,27368.71574,15246.9416
37508500,SPC POWER CORPORATION,2021,Philippines (the),PH,3511,"Electricity, gas, steam and air conditioning supply",83,50017.74628,36664.94734,14412.21913,47774.54259,35020.59206,13765.85768
37508500,SPC POWER CORPORATION,2022,Philippines (the),PH,3511,"Electricity, gas, steam and air conditioning supply",73,69348.61034,56822.75499,13091.91023,62792.01997,51450.42631,11854.13067
37508500,SPC POWER CORPORATION,2023,Philippines (the),PH,3511,"Electricity, gas, steam and air conditioning supply",77,82777.15098,64379.32513,13256.62699,71653.85024,55728.25915,11475.24834
37508500,SPC POWER CORPORATION,2024,Philippines (the),PH,3511,"Electricity, gas, steam and air conditioning supply",280,70057.75986,55562.81079,7757.161837,58926.41695,46734.5425,6524.64129
197338250,"SSI GROUP, INC.",2015,Philippines (the),PH,4719,Wholesale and retail trade; repair of motor vehicles and motorcycles,6610,370290.886,170861.0645,110429.9279,398087.6164,183687.1402,118719.6024
197338250,"SSI GROUP, INC.",2016,Philippines (the),PH,4719,Wholesale and retail trade; repair of motor vehicles and motorcycles,5804,372408.8512,185529.5415,85617.75087,395303.455,196935.3535,90881.27905
197338250,"SSI GROUP, INC.",2017,Philippines (the),PH,4719,Wholesale and retail trade; repair of motor vehicles and motorcycles,6452,371160.0137,194927.8422,67055.54324,385043.825,202219.418,69563.85899
197338250,"SSI GROUP, INC.",2018,Philippines (the),PH,4719,Wholesale and retail trade; repair of motor vehicles and motorcycles,6236,385670.2046,221421.4494,53220.64183,385670.2046,221421.4494,53220.64183
197338250,"SSI GROUP, INC.",2019,Philippines (the),PH,4719,Wholesale and retail trade; repair of motor vehicles and motorcycles,6088,442868.6537,242817.4952,110217.5428,439802.8919,241136.5892,109454.561
197338250,"SSI GROUP, INC.",2020,Philippines (the),PH,4719,Wholesale and retail trade; repair of motor vehicles and motorcycles,4854,256681.8973,151624.7351,94464.79432,250766.1443,148130.2367,92287.66223
197338250,"SSI GROUP, INC.",2021,Philippines (the),PH,4719,Wholesale and retail trade; repair of motor vehicles and motorcycles,4319,305482.0637,185969.811,75184.64321,291781.7564,177629.4079,71812.7506
197338250,"SSI GROUP, INC.",2022,Philippines (the),PH,4719,Wholesale and retail trade; repair of motor vehicles and motorcycles,4733,424856.2736,238434.7299,78357.78714,384688.0779,215891.829,70949.42077
197338250,"SSI GROUP, INC.",2023,Philippines (the),PH,4719,Wholesale and retail trade; repair of motor vehicles and motorcycles,4415,499894.6261,272500.8158,90321.03485,432720.5545,235883.1201,78184.01368
197338250,"SSI GROUP, INC.",2024,Philippines (the),PH,4719,Wholesale and retail trade; repair of motor vehicles and motorcycles,6531,519288.0876,279459.8808,114570.7037,436779.4007,235057.037,96366.78463
37507347,STA. LUCIA LAND INC,2004,Philippines (the),PH,6831,Real estate activities,1,331.3487438,204.8980727,285.9047008,520.3761315,321.7880509,449.0072317
37507347,STA. LUCIA LAND INC,2005,Philippines (the),PH,6831,Real estate activities,1,135.5644802,72.75708338,281.3613085,201.0190986,107.8863969,417.2110315
37507347,STA. LUCIA LAND INC,2006,Philippines (the),PH,6831,Real estate activities,1,291.6225699,183.5260129,280.3264695,411.397785,258.9038126,395.4621506
37507347,STA. LUCIA LAND INC,2008,Philippines (the),PH,6831,Real estate activities,16.42857143,12638.32804,7791.744852,410.6349421,16124.65646,9941.125804,523.9100736
37507347,STA. LUCIA LAND INC,2009,Philippines (the),PH,6831,Real estate activities,24.14285714,16450.62096,9986.819202,238.9981832,20429.18036,12402.1173,296.7995558
37507347,STA. LUCIA LAND INC,2010,Philippines (the),PH,6831,Real estate activities,31.85714286,27635.9809,15454.43801,41.97334016,32882.44992,18388.33895,49.9416417
37507347,STA. LUCIA LAND INC,2011,Philippines (the),PH,6831,Real estate activities,39.57142857,31063.96924,11088.73644,174.6721961,35567.39711,12696.30064,199.9948981
37507347,STA. LUCIA LAND INC,2012,Philippines (the),PH,6831,Real estate activities,47.28571429,41789.57037,19479.31618,231.5498132,46912.40182,21867.2147,259.9346627
37507347,STA. LUCIA LAND INC,2013,Philippines (the),PH,6831,Real estate activities,55,27752.71376,9467.780653,534.3135174,30525.66472,10413.76711,587.7001949
37507347,STA. LUCIA LAND INC,2014,Philippines (the),PH,6831,Real estate activities,59,49470.04558,23070.57873,865.9031403,52800.87404,24623.92559,924.2045789
37507347,STA. LUCIA LAND INC,2015,Philippines (the),PH,6831,Real estate activities,71,63006.55107,26371.22069,915.0235301,67736.28162,28350.83655,983.7118597
37507347,STA. LUCIA LAND INC,2016,Philippines (the),PH,6831,Real estate activities,98,63161.34378,27981.91251,1271.4151,67044.31793,29702.15841,1349.577971
37507347,STA. LUCIA LAND INC,2017,Philippines (the),PH,6831,Real estate activities,106,70550.5254,25937.40271,1116.639587,73189.57633,26907.63116,1158.409208
37507347,STA. LUCIA LAND INC,2018,Philippines (the),PH,6831,Real estate activities,114,70633.66131,26590.4533,844.6817749,70633.66131,26590.4533,844.6817749
37507347,STA. LUCIA LAND INC,2019,Philippines (the),PH,6831,Real estate activities,146,141053.4248,61245.48705,1160.807187,140076.9814,60821.51468,1152.77149
37507347,STA. LUCIA LAND INC,2020,Philippines (the),PH,6831,Real estate activities,160,132487.1306,46671.51575,1141.955998,129433.6969,45595.87636,1115.637314
37507347,STA. LUCIA LAND INC,2021,Philippines (the),PH,6831,Real estate activities,203,154453.7589,42825.69902,978.6111192,147526.7926,40905.04539,934.7222151
37507347,STA. LUCIA LAND INC,2022,Philippines (the),PH,6831,Real estate activities,225,175815.6456,42927.76208,1204.044908,159193.0895,38869.14071,1090.20803
37507347,STA. LUCIA LAND INC,2023,Philippines (the),PH,6831,Real estate activities,223,202720.7312,51098.06122,1375.6546,175479.8365,44231.68451,1190.799001
37507347,STA. LUCIA LAND INC,2024,Philippines (the),PH,6831,Real estate activities,265,207824.8465,42430.63619,1200.520529,174803.9558,35688.91389,1009.772128
37507299,STENIEL MANUFACTURING CORP,2005,Philippines (the),PH,1721,Manufacturing,645,17095.86059,15292.00879,15810.22163,25350.25754,22675.4517,23443.87333
37507299,STENIEL MANUFACTURING CORP,2006,Philippines (the),PH,1721,Manufacturing,363,13167.22309,11151.16429,15934.80839,18575.26465,15731.17023,22479.55252
37507299,STENIEL MANUFACTURING CORP,2007,Philippines (the),PH,1721,Manufacturing,300,12289.38896,10573.39179,313.4706843,16805.1237,14458.58354,428.6554558
37507299,STENIEL MANUFACTURING CORP,2008,Philippines (the),PH,1721,Manufacturing,128,8034.052952,7188.354301,156.8074147,10250.27547,9171.28779,200.0633062
37507299,STENIEL MANUFACTURING CORP,2009,Philippines (the),PH,1721,Manufacturing,117,15396.77681,13829.21278,290.9224207,19120.46551,17173.78832,361.2815967
37507299,STENIEL MANUFACTURING CORP,2010,Philippines (the),PH,1721,Manufacturing,108,16384.86984,14260.93224,768.2351738,19495.40579,16968.25569,914.0784518
37507299,STENIEL MANUFACTURING CORP,2011,Philippines (the),PH,1721,Manufacturing,108,20952.19512,13427.65474,874.5675001,23989.69168,15374.29827,1001.355923
37507299,STENIEL MANUFACTURING CORP,2012,Philippines (the),PH,1721,Manufacturing,86,14293.09075,13271.58173,1188.847337,16045.22876,14898.49666,1334.583808
37507299,STENIEL MANUFACTURING CORP,2013,Philippines (the),PH,1721,Manufacturing,65,16353.10977,14972.44148,401.7877341,17987.05345,16468.43377,441.9329138
37507299,STENIEL MANUFACTURING CORP,2014,Philippines (the),PH,1721,Manufacturing,44,417.4193738,388.5290402,1377.636342,445.524307,414.6887813,1470.392883
37507299,STENIEL MANUFACTURING CORP,2015,Philippines (the),PH,1721,Manufacturing,23,2257.219174,940.3807789,1285.247843,2426.662483,1010.972608,1381.727905
37507299,STENIEL MANUFACTURING CORP,2016,Philippines (the),PH,1721,Manufacturing,2,1222.612578,4115.72356,931.7648056,1297.775213,4368.746171,989.0469727
37507299,STENIEL MANUFACTURING CORP,2017,Philippines (the),PH,1721,Manufacturing,3,1235.743002,7291.06634,645.9146865,1281.96787,7563.799892,670.076119
37507299,STENIEL MANUFACTURING CORP,2018,Philippines (the),PH,1721,Manufacturing,3,696.6467181,10466.40912,342.3678167,696.6467181,10466.40912,342.3678167
37507299,STENIEL MANUFACTURING CORP,2019,Philippines (the),PH,1721,Manufacturing,1,1182.4058,13641.7519,113.077408,1174.220586,13547.31677,112.2946287
37507299,STENIEL MANUFACTURING CORP,2020,Philippines (the),PH,1721,Manufacturing,134,6402.385513,16817.09468,10205.94939,6254.8296,16429.51075,9970.73266
37507299,STENIEL MANUFACTURING CORP,2021,Philippines (the),PH,1721,Manufacturing,134,25143.75517,19992.43746,11398.19615,24016.10411,19095.81351,10887.00807
37507299,STENIEL MANUFACTURING CORP,2022,Philippines (the),PH,1721,Manufacturing,255,39474.80412,29647.02433,16004.75771,35742.64396,26844.0353,14491.58189
37507299,STENIEL MANUFACTURING CORP,2023,Philippines (the),PH,1721,Manufacturing,3,62142.81788,50504.90342,14301.54572,53792.28583,43718.23315,12379.7546
37507299,STENIEL MANUFACTURING CORP,2024,Philippines (the),PH,1721,Manufacturing,272,57417.94916,45053.38234,14495.86264,48294.92149,37894.93695,12192.64287
37507113,"STI EDUCATION SYSTEMS HOLDINGS, INC",2003,Philippines (the),PH,6420,Financial and insurance activities,137,10540.22886,5918.443509,983.0660601,17528.31381,9842.322828,1634.830764
37507113,"STI EDUCATION SYSTEMS HOLDINGS, INC",2004,Philippines (the),PH,6420,Financial and insurance activities,111,14914.99439,8997.085213,748.484893,23423.68043,14129.73034,1175.479553
37507113,"STI EDUCATION SYSTEMS HOLDINGS, INC",2010,Philippines (the),PH,6420,Financial and insurance activities,1071.75,34561.82001,3691.747938,32722.02451,41123.10397,4392.596635,38934.03807
37507113,"STI EDUCATION SYSTEMS HOLDINGS, INC",2011,Philippines (the),PH,6420,Financial and insurance activities,1231.875,36902.99986,3557.720917,35912.32545,42252.92784,4073.493367,41118.63267
37507113,"STI EDUCATION SYSTEMS HOLDINGS, INC",2012,Philippines (the),PH,6420,Financial and insurance activities,1392,40904.51482,3972.543912,64372.36903,45918.85053,4459.523623,72263.54365
37507113,"STI EDUCATION SYSTEMS HOLDINGS, INC",2013,Philippines (the),PH,6420,Financial and insurance activities,1362,43584.33977,3779.558091,98258.82061,47939.12964,4157.197889,108076.4872
37507113,"STI EDUCATION SYSTEMS HOLDINGS, INC",2014,Philippines (the),PH,6420,Financial and insurance activities,1629,54282.54852,4156.665848,124593.4927,57937.40381,4436.535024,132982.3985
37507113,"STI EDUCATION SYSTEMS HOLDINGS, INC",2015,Philippines (the),PH,6420,Financial and insurance activities,2173,69257.48102,4586.058725,121680.3567,74456.45189,4930.32169,130814.5704
37507113,"STI EDUCATION SYSTEMS HOLDINGS, INC",2016,Philippines (the),PH,6420,Financial and insurance activities,2223,60653.42427,5890.743871,136979.9368,64382.21888,6252.889525,145401.0616
37507113,"STI EDUCATION SYSTEMS HOLDINGS, INC",2017,Philippines (the),PH,6420,Financial and insurance activities,2089,61242.76225,5994.732299,161412.1039,63533.64198,6218.974482,167449.9719
37507113,"STI EDUCATION SYSTEMS HOLDINGS, INC",2018,Philippines (the),PH,6420,Financial and insurance activities,2124,54548.32955,5940.471987,188775.4302,54548.32955,5940.471987,188775.4302
37507113,"STI EDUCATION SYSTEMS HOLDINGS, INC",2019,Philippines (the),PH,6420,Financial and insurance activities,2050,55932.644,5386.607407,200340.5213,55545.44983,5349.318575,198953.6625
37507113,"STI EDUCATION SYSTEMS HOLDINGS, INC",2020,Philippines (the),PH,6420,Financial and insurance activities,1847.5,4920.623282,291.1476095,202877.3473,4807.217575,284.4375245,198201.6288
37507113,"STI EDUCATION SYSTEMS HOLDINGS, INC",2021,Philippines (the),PH,6420,Financial and insurance activities,1645,46593.21438,3716.401613,206849.0234,44503.59463,3549.727854,197572.2262
37507113,"STI EDUCATION SYSTEMS HOLDINGS, INC",2022,Philippines (the),PH,6420,Financial and insurance activities,1861,50784.41118,4121.008472,175796.7922,45982.97998,3731.38618,159176.0186
37507113,"STI EDUCATION SYSTEMS HOLDINGS, INC",2023,Philippines (the),PH,6420,Financial and insurance activities,2117,65051.26008,5180.86393,174934.2622,56309.90186,4484.677762,151427.2149
37507113,"STI EDUCATION SYSTEMS HOLDINGS, INC",2024,Philippines (the),PH,6420,Financial and insurance activities,2248,83317.59326,7318.135609,168617.401,70079.42088,6155.371097,141826.106
37507187,"SUNTRUST RESORT HOLDINGS, INC",2004,Philippines (the),PH,4110,Construction,112,4623.100516,3466.507857,76.36803004,7260.480709,5444.076617,119.9343616
37507187,"SUNTRUST RESORT HOLDINGS, INC",2005,Philippines (the),PH,4110,Construction,84.5,4872.237165,3432.038871,164.0190763,7224.700171,5089.130718,243.2124317
37507187,"SUNTRUST RESORT HOLDINGS, INC",2006,Philippines (the),PH,4110,Construction,57,2793.352622,1950.419293,183.7091929,3940.638345,2751.495459,259.1622283
37507187,"SUNTRUST RESORT HOLDINGS, INC",2007,Philippines (the),PH,4110,Construction,29.5,4676.312095,3475.616478,270.6456324,6394.622505,4752.731404,370.0943429
37507187,"SUNTRUST RESORT HOLDINGS, INC",2011,Philippines (the),PH,4110,Construction,402,3918.799061,3076.466127,310.6674651,4486.917989,3522.469765,355.7057701
37507187,"SUNTRUST RESORT HOLDINGS, INC",2012,Philippines (the),PH,4110,Construction,465,4996.455572,3988.444318,272.2373249,5608.952889,4477.373202,305.6099085
37507187,"SUNTRUST RESORT HOLDINGS, INC",2013,Philippines (the),PH,4110,Construction,441,6317.310006,4699.103997,444.4544618,6948.512814,5168.621502,488.8627469
37507187,"SUNTRUST RESORT HOLDINGS, INC",2014,Philippines (the),PH,4110,Construction,492,6810.812095,4396.485691,517.5605766,7269.38549,4692.501988,552.4080379
37507187,"SUNTRUST RESORT HOLDINGS, INC",2015,Philippines (the),PH,4110,Construction,523,7654.369641,3821.778384,442.373742,8228.962368,4108.6689,475.5815365
37507187,"SUNTRUST RESORT HOLDINGS, INC",2016,Philippines (the),PH,4110,Construction,533,8226.246207,4684.660657,879.5695953,8731.971694,4972.659853,933.6429539
37507187,"SUNTRUST RESORT HOLDINGS, INC",2017,Philippines (the),PH,4110,Construction,583,10561.18386,5575.826582,1341.245472,10956.24119,5784.398953,1391.416822
37507187,"SUNTRUST RESORT HOLDINGS, INC",2018,Philippines (the),PH,4110,Construction,596,12171.97154,6334.193427,1061.376269,12171.97154,6334.193427,1061.376269
37508231,SUPERCITY REALTY DEVELOPMENT CORPORATION,2002,Philippines (the),PH,4120,Construction,28,5288.19497,4561.963238,134.2850686,9074.947898,7828.678582,230.4434704
37508231,SUPERCITY REALTY DEVELOPMENT CORPORATION,2003,Philippines (the),PH,4120,Construction,30,4378.844151,3831.182706,139.2682917,7281.981772,6371.225298,231.6020225
37508231,SUPERCITY REALTY DEVELOPMENT CORPORATION,2004,Philippines (the),PH,4120,Construction,40.5,4321.982636,3649.332601,551.619948,6787.581503,5731.198977,866.3073573
37508231,SUPERCITY REALTY DEVELOPMENT CORPORATION,2005,Philippines (the),PH,4120,Construction,51,5241.901942,4686.415461,447.0386659,7772.850248,6949.158145,662.8824124
37508231,SUPERCITY REALTY DEVELOPMENT CORPORATION,2006,Philippines (the),PH,4120,Construction,52,4499.104486,3964.707348,327.4037311,6346.976576,5593.091858,461.8749839
37508231,SUPERCITY REALTY DEVELOPMENT CORPORATION,2007,Philippines (the),PH,4120,Construction,43,3957.368119,3384.121105,170.2857393,5411.502637,4627.616065,232.8572171
37508231,SUPERCITY REALTY DEVELOPMENT CORPORATION,2008,Philippines (the),PH,4120,Construction,8,1929.640962,1580.01476,15.58386877,2461.939388,2015.867536,19.88273524
37508231,SUPERCITY REALTY DEVELOPMENT CORPORATION,2009,Philippines (the),PH,4120,Construction,6,1784.58017,1535.594068,0.1078609,2216.17836,1906.975321,0.133946907
37508231,SUPERCITY REALTY DEVELOPMENT CORPORATION,2010,Philippines (the),PH,4120,Construction,5,897.7783002,796.9921528,0.113934148,1068.2143,948.2947123,0.135563631
37508231,SUPERCITY REALTY DEVELOPMENT CORPORATION,2011,Philippines (the),PH,4120,Construction,5,525.5645759,427.6315917,0.045529049,601.7570978,489.6265033,0.052129519
37508231,SUPERCITY REALTY DEVELOPMENT CORPORATION,2012,Philippines (the),PH,4120,Construction,5,888.9347356,714.7018766,0.485531166,997.906012,802.3145805,0.545050666
37508231,SUPERCITY REALTY DEVELOPMENT CORPORATION,2013,Philippines (the),PH,4120,Construction,5,137.1639605,113.2976115,0.270185083,150.8688883,124.6178998,0.297181001
37508231,SUPERCITY REALTY DEVELOPMENT CORPORATION,2014,Philippines (the),PH,4120,Construction,5,424.1880943,352.4217264,0.089651927,452.7487669,376.1503546,0.09568821
37508231,SUPERCITY REALTY DEVELOPMENT CORPORATION,2015,Philippines (the),PH,4120,Construction,5,310.0114476,259.8693964,0.076844509,333.2831645,279.3770857,0.082613018
37508231,SUPERCITY REALTY DEVELOPMENT CORPORATION,2016,Philippines (the),PH,4120,Construction,5,257.8242642,216.1483962,0.064037091,273.6745437,229.4365656,0.067973903
37508231,SUPERCITY REALTY DEVELOPMENT CORPORATION,2017,Philippines (the),PH,4120,Construction,5,871.1014665,628.9485593,0.051229673,903.6863568,652.4753477,0.053145997
37508231,SUPERCITY REALTY DEVELOPMENT CORPORATION,2018,Philippines (the),PH,4120,Construction,5,1279.208764,1084.989804,0.038422255,1279.208764,1084.989804,0.038422255
37508231,SUPERCITY REALTY DEVELOPMENT CORPORATION,2019,Philippines (the),PH,4120,Construction,5,4257.62651,3614.318928,0.025614836,4228.153057,3589.298777,0.025437517
37508231,SUPERCITY REALTY DEVELOPMENT CORPORATION,2020,Philippines (the),PH,4120,Construction,5,4747.626633,4100.133107,0.012807418,4638.207983,4005.637253,0.012512245
37507302,THE KEEPERS HOLDINGS INC,2002,Philippines (the),PH,4634,Wholesale and retail trade; repair of motor vehicles and motorcycles,764,25095.39326,14057.08528,57213.46243,43065.61835,24123.0358,98182.68683
37507302,THE KEEPERS HOLDINGS INC,2003,Philippines (the),PH,4634,Wholesale and retail trade; repair of motor vehicles and motorcycles,788,30403.29923,17019.99251,55367.55892,50560.43631,28304.10741,92075.79463
37507302,THE KEEPERS HOLDINGS INC,2004,Philippines (the),PH,4634,Wholesale and retail trade; repair of motor vehicles and motorcycles,810,33618.95918,22384.32801,43255.24676,52797.85801,35154.10949,67931.44202
37507302,THE KEEPERS HOLDINGS INC,2005,Philippines (the),PH,4634,Wholesale and retail trade; repair of motor vehicles and motorcycles,774,35997.85311,22990.37152,44163.77574,53378.70197,34090.81607,65487.37825
37507302,THE KEEPERS HOLDINGS INC,2006,Philippines (the),PH,4634,Wholesale and retail trade; repair of motor vehicles and motorcycles,779,35971.77019,24089.94156,45084.56843,50746.0948,33984.16179,63601.70133
37507302,THE KEEPERS HOLDINGS INC,2007,Philippines (the),PH,4634,Wholesale and retail trade; repair of motor vehicles and motorcycles,708,57366.19801,28709.81333,39054.51499,78445.40171,39259.23136,53405.09261
37507302,THE KEEPERS HOLDINGS INC,2008,Philippines (the),PH,4634,Wholesale and retail trade; repair of motor vehicles and motorcycles,654,44714.54196,31191.89254,30605.91802,57049.20981,39796.28872,39048.67101
37507302,THE KEEPERS HOLDINGS INC,2009,Philippines (the),PH,4634,Wholesale and retail trade; repair of motor vehicles and motorcycles,639,53986.1496,33745.98691,30158.18821,67042.62352,41907.40611,37451.90337
37507302,THE KEEPERS HOLDINGS INC,2010,Philippines (the),PH,4634,Wholesale and retail trade; repair of motor vehicles and motorcycles,643,66605.94855,40273.67054,31250.54175,79250.55297,47919.30345,37183.20612
37507302,THE KEEPERS HOLDINGS INC,2020,Philippines (the),PH,4634,Wholesale and retail trade; repair of motor vehicles and motorcycles,238.6,170074.4597,123489.8788,4539.636799,166154.7501,120643.805,4435.011695
37507302,THE KEEPERS HOLDINGS INC,2021,Philippines (the),PH,4634,Wholesale and retail trade; repair of motor vehicles and motorcycles,197,217354.1028,159436.5848,3995.194469,207606.1721,152286.148,3816.017364
37507302,THE KEEPERS HOLDINGS INC,2022,Philippines (the),PH,4634,Wholesale and retail trade; repair of motor vehicles and motorcycles,206,248922.4527,186806.5758,2626.746266,225387.9861,169144.878,2378.399556
37507302,THE KEEPERS HOLDINGS INC,2023,Philippines (the),PH,4634,Wholesale and retail trade; repair of motor vehicles and motorcycles,245,293582.6627,213490.1806,1705.112728,254132.063,184802.1253,1475.985711
37507302,THE KEEPERS HOLDINGS INC,2024,Philippines (the),PH,4634,Wholesale and retail trade; repair of motor vehicles and motorcycles,245,319361.0069,229168.5733,1245.25111,268618.3499,192756.4188,1047.395552
37507396,THE PHILODRILL CORPORATION,2003,Philippines (the),PH,610,Information and communication,28,406.9355059,445.5721544,5419.298321,676.730396,740.9828243,9012.24849
37507396,THE PHILODRILL CORPORATION,2004,Philippines (the),PH,610,Information and communication,26.5,687.9876218,459.2389798,5269.731749,1080.469879,721.2250182,8276.001261
37507396,THE PHILODRILL CORPORATION,2005,Philippines (the),PH,610,Information and communication,25,1542.766749,801.006305,5585.769142,2287.661051,1187.7563,8282.7469
37507396,THE PHILODRILL CORPORATION,2006,Philippines (the),PH,610,Information and communication,25,3035.598003,1744.993093,5726.349468,4282.378744,2461.696615,8078.275588
37507396,THE PHILODRILL CORPORATION,2007,Philippines (the),PH,610,Information and communication,26,4123.112905,2840.390285,6714.765241,5638.150328,3884.091411,9182.105055
37507396,THE PHILODRILL CORPORATION,2008,Philippines (the),PH,610,Information and communication,29,2923.449544,1694.556195,6256.6706,3729.893657,2162.00564,7982.595777
37507396,THE PHILODRILL CORPORATION,2009,Philippines (the),PH,610,Information and communication,29,7098.563153,3389.334647,6303.498884,8815.340611,4209.040438,7827.991172
37507396,THE PHILODRILL CORPORATION,2010,Philippines (the),PH,610,Information and communication,29,22498.48508,7615.836983,6147.658763,26769.64178,9061.64247,7314.742407
37507396,THE PHILODRILL CORPORATION,2011,Philippines (the),PH,610,Information and communication,31,35552.45052,8159.898258,6173.260974,40706.5857,9342.860839,7068.215361
37507396,THE PHILODRILL CORPORATION,2012,Philippines (the),PH,610,Information and communication,32,17339.33756,7202.345043,10151.75266,19464.90389,8085.254328,11396.2191
37507396,THE PHILODRILL CORPORATION,2013,Philippines (the),PH,610,Information and communication,34,16335.86295,7488.044487,20865.51587,17968.0834,8236.222857,22950.32288
37507396,THE PHILODRILL CORPORATION,2014,Philippines (the),PH,610,Information and communication,34,21724.94812,7652.666106,17862.89998,23187.6934,8167.921707,19065.61275
37507396,THE PHILODRILL CORPORATION,2015,Philippines (the),PH,610,Information and communication,27,11402.59928,6050.947692,14894.01257,12258.56142,6505.17589,16012.06562
37507396,THE PHILODRILL CORPORATION,2016,Philippines (the),PH,610,Information and communication,28,7202.196255,4822.91774,12862.04412,7644.966154,5119.416575,13652.76486
37507396,THE PHILODRILL CORPORATION,2017,Philippines (the),PH,610,Information and communication,28,7777.717419,5701.640331,12859.42307,8068.654903,5914.918959,13340.44957
37507396,THE PHILODRILL CORPORATION,2018,Philippines (the),PH,610,Information and communication,27,7262.290728,9190.501872,9289.508021,7262.290728,9190.501872,9289.508021
37507396,THE PHILODRILL CORPORATION,2019,Philippines (the),PH,610,Information and communication,27,4864.082445,5558.804972,9414.531751,4830.410796,5520.324101,9349.359581
37507396,THE PHILODRILL CORPORATION,2020,Philippines (the),PH,610,Information and communication,26,1886.543367,2068.4486,8097.614039,1843.064163,2020.777022,7910.988159
37507396,THE PHILODRILL CORPORATION,2021,Philippines (the),PH,610,Information and communication,24,4168.866036,2656.556557,6521.684453,3981.900082,2537.414894,6229.198932
37507396,THE PHILODRILL CORPORATION,2022,Philippines (the),PH,610,Information and communication,25,4231.806856,1878.1896,5446.614415,3831.70909,1700.61546,4931.662213
37507396,THE PHILODRILL CORPORATION,2023,Philippines (the),PH,610,Information and communication,22,3663.901195,2481.508781,4713.678929,3171.559113,2148.052409,4080.271428
37507396,THE PHILODRILL CORPORATION,2024,Philippines (the),PH,610,Information and communication,21,3650.084355,2669.165985,3926.77618,3070.129462,2245.067328,3302.858254
37508088,TKC METALS CORPORATION,2001,Philippines (the),PH,2420,Manufacturing,52,1561.648958,1047.836784,238.4639418,2793.298733,1874.250385,426.5369775
37508088,TKC METALS CORPORATION,2002,Philippines (the),PH,2420,Manufacturing,85,1947.114661,1304.448547,231.5993673,3341.398001,2238.533689,397.4422659
37508088,TKC METALS CORPORATION,2003,Philippines (the),PH,2420,Manufacturing,66,1872.14087,1480.429679,218.4131356,3113.354853,2461.942368,363.2192463
37508088,TKC METALS CORPORATION,2004,Philippines (the),PH,2420,Manufacturing,58.33333333,1243.944037,1112.037237,162.2265251,1953.587566,1746.430751,254.7732959
37508088,TKC METALS CORPORATION,2005,Philippines (the),PH,2420,Manufacturing,50.66666667,1317.655089,1149.207648,96.06723934,1953.858694,1704.079751,142.451399
37508088,TKC METALS CORPORATION,2006,Philippines (the),PH,2420,Manufacturing,43,34206.64765,30347.92011,2836.766283,48256.00117,42812.41715,4001.882865
37508088,TKC METALS CORPORATION,2007,Philippines (the),PH,2420,Manufacturing,7,114162.5064,100011.5199,12378.03416,156111.5079,136760.7429,16926.34157
37508088,TKC METALS CORPORATION,2008,Philippines (the),PH,2420,Manufacturing,9,120626.5361,105933.5381,37875.37161,153901.8016,135155.6871,48323.42963
37508088,TKC METALS CORPORATION,2009,Philippines (the),PH,2420,Manufacturing,8,53990.03259,54377.31794,55327.85291,67047.4456,67528.39537,68708.81588
37508088,TKC METALS CORPORATION,2010,Philippines (the),PH,2420,Manufacturing,9,57348.48001,60574.75328,67600.52531,68235.62836,72074.3837,80433.94213
37508088,TKC METALS CORPORATION,2011,Philippines (the),PH,2420,Manufacturing,12,51590.35393,54588.14586,79244.12912,59069.54746,62501.93742,90732.36543
37508088,TKC METALS CORPORATION,2012,Philippines (the),PH,2420,Manufacturing,12,53524.22746,59209.74887,88579.86898,60085.56785,66468.05665,99438.55297
37508088,TKC METALS CORPORATION,2013,Philippines (the),PH,2420,Manufacturing,12,22439.50159,26069.4607,94079.23399,24681.57557,28674.22708,103479.2914
37508088,TKC METALS CORPORATION,2014,Philippines (the),PH,2420,Manufacturing,12,7744.133485,6372.324518,92081.83078,8265.547603,6801.374454,98281.7196
37508088,TKC METALS CORPORATION,2015,Philippines (the),PH,2420,Manufacturing,12,8956.15482,5605.584508,86462.62102,9628.469022,6026.380502,92953.135
37508088,TKC METALS CORPORATION,2016,Philippines (the),PH,2420,Manufacturing,10,6242.406636,5918.997083,80551.44285,6626.171485,6282.879661,85503.50928
37508088,TKC METALS CORPORATION,2017,Philippines (the),PH,2420,Manufacturing,10,7824.890063,6516.675457,68203.93172,8117.592113,6760.441728,70755.20471
37508088,TKC METALS CORPORATION,2018,Philippines (the),PH,2420,Manufacturing,8,14163.75904,12715.32943,63828.41104,14163.75904,12715.32943,63828.41104
37508088,TKC METALS CORPORATION,2019,Philippines (the),PH,2420,Manufacturing,10,11226.09568,10348.10025,64595.12444,11148.38294,10276.46545,64147.96418
37508088,TKC METALS CORPORATION,2020,Philippines (the),PH,2420,Manufacturing,10,10839.5575,9911.857467,68051.72993,10589.73799,9683.418681,66483.34029
37508088,TKC METALS CORPORATION,2021,Philippines (the),PH,2420,Manufacturing,9,22750.87688,21961.55555,67713.24038,21730.542,20976.62028,64676.42641
37508088,TKC METALS CORPORATION,2022,Philippines (the),PH,2420,Manufacturing,9,3641.838928,3247.808278,29385.10344,3297.519901,2940.743027,26606.87782
37508398,TRANSPACIFIC BROADBAND GROUP INTERNATIONAL INC,2015,Philippines (the),PH,6190,Information and communication,9,801.9123912,267.7352319,2542.82745,862.109775,287.8333881,2733.710596
37508398,TRANSPACIFIC BROADBAND GROUP INTERNATIONAL INC,2016,Philippines (the),PH,6190,Information and communication,9,765.2018593,246.602294,2078.292827,812.244225,261.7626796,2206.060174
37508398,TRANSPACIFIC BROADBAND GROUP INTERNATIONAL INC,2017,Philippines (the),PH,6190,Information and communication,9,838.3910936,253.81086,1750.756105,869.7524022,263.3050457,1816.24583
37508398,TRANSPACIFIC BROADBAND GROUP INTERNATIONAL INC,2018,Philippines (the),PH,6190,Information and communication,9,1094.131751,240.4597629,1344.89043,1094.131751,240.4597629,1344.89043
37508398,TRANSPACIFIC BROADBAND GROUP INTERNATIONAL INC,2019,Philippines (the),PH,6190,Information and communication,9,785.4130524,252.7786532,2104.327602,779.9760244,251.028791,2089.760377
37508398,TRANSPACIFIC BROADBAND GROUP INTERNATIONAL INC,2020,Philippines (the),PH,6190,Information and communication,9,904.4674548,69.65608911,1925.992946,883.6221745,68.05072377,1881.604546
37508398,TRANSPACIFIC BROADBAND GROUP INTERNATIONAL INC,2021,Philippines (the),PH,6190,Information and communication,9,1051.995136,43.27017849,1535.805757,1004.815094,41.32959078,1466.927701
37508398,TRANSPACIFIC BROADBAND GROUP INTERNATIONAL INC,2022,Philippines (the),PH,6190,Information and communication,9,701.8888119,43.0862439,1538.827517,635.528471,39.01263882,1393.338493
37508398,TRANSPACIFIC BROADBAND GROUP INTERNATIONAL INC,2023,Philippines (the),PH,6190,Information and communication,9,624.6333185,35.27273342,1631.993791,540.6973027,30.53290827,1412.692238
37508398,TRANSPACIFIC BROADBAND GROUP INTERNATIONAL INC,2024,Philippines (the),PH,6190,Information and communication,9,596.8903883,23.49432827,1269.452164,502.0516208,19.76135957,1067.751348
37507229,UNIHOLDINGS INC.,2003,Philippines (the),PH,2013,Manufacturing,258,22947.10992,20578.9551,27490.38027,38160.85486,34222.6329,45716.27606
37507229,UNIHOLDINGS INC.,2004,Philippines (the),PH,2013,Manufacturing,227,24968.27594,20753.53201,27383.40378,39212.14457,32592.97916,43005.05131
37507229,UNIHOLDINGS INC.,2005,Philippines (the),PH,2013,Manufacturing,252,16686.4536,15637.98653,28349.52147,24743.1765,23188.47792,42037.52521
37507229,UNIHOLDINGS INC.,2006,Philippines (the),PH,2013,Manufacturing,167,10795.99861,8443.723093,28167.16214,15230.13091,11911.72885,39735.97831
37507229,UNIHOLDINGS INC.,2007,Philippines (the),PH,2013,Manufacturing,156,11773.84586,8943.769337,32509.60072,16100.14434,12230.15648,44455.25024
37507229,UNIHOLDINGS INC.,2008,Philippines (the),PH,2013,Manufacturing,130,16267.60048,7626.197836,20948.46818,20755.07682,9729.912045,26727.17877
37507229,UNIHOLDINGS INC.,2009,Philippines (the),PH,2013,Manufacturing,119,7738.501876,6371.796406,20998.31696,9610.047608,7912.806354,26076.73021
37507229,UNIHOLDINGS INC.,2010,Philippines (the),PH,2013,Manufacturing,119,7465.307186,5046.781451,22413.21676,8882.535801,6004.872378,26668.18596
37507229,UNIHOLDINGS INC.,2011,Philippines (the),PH,2013,Manufacturing,103,6637.748331,4836.619157,25928.24699,7600.040709,5537.796954,29687.13528
37507229,UNIHOLDINGS INC.,2012,Philippines (the),PH,2013,Manufacturing,54,5409.326999,4602.301371,22654.54434,6072.436723,5166.480759,25431.68254
37507229,UNIHOLDINGS INC.,2013,Philippines (the),PH,2013,Manufacturing,43,2148.894543,1959.652408,20687.21623,2363.604328,2155.453801,22754.20819
37507229,UNIHOLDINGS INC.,2014,Philippines (the),PH,2013,Manufacturing,6,1405.966351,1247.753112,20347.80487,1500.630358,1331.764588,21717.8268
37507229,UNIHOLDINGS INC.,2015,Philippines (the),PH,2013,Manufacturing,6,449.9639552,456.3456708,21486.24,483.7415264,490.6023001,23099.15364
37507171,UNIVERSAL ROBINA CORPORATION,2004,Philippines (the),PH,1089,Manufacturing,7038,508954.8019,336700.3954,275407.6858,799302.6559,528780.7862,432521.8937
37507171,UNIVERSAL ROBINA CORPORATION,2005,Philippines (the),PH,1089,Manufacturing,6613,584555.0248,382213.9852,306559.8957,866795.8156,566758.4214,454576.2564
37507171,UNIVERSAL ROBINA CORPORATION,2006,Philippines (the),PH,1089,Manufacturing,8435,716609.1893,487157.4444,408119.1999,1010934.899,687242.7386,575741.9082
37507171,UNIVERSAL ROBINA CORPORATION,2007,Philippines (the),PH,1089,Manufacturing,8548,849256.2563,571519.3864,494122.9885,1161315.382,781524.1276,675688.431
37507171,UNIVERSAL ROBINA CORPORATION,2008,Philippines (the),PH,1089,Manufacturing,8783,994954.6179,703425.8775,532501.8041,1269416.442,897468.4457,679394.3495
37507171,UNIVERSAL ROBINA CORPORATION,2009,Philippines (the),PH,1089,Manufacturing,8938,1079381.531,709556.0021,533846.5164,1340428.427,881161.1175,662956.5413
37507171,UNIVERSAL ROBINA CORPORATION,2010,Philippines (the),PH,1089,Manufacturing,9117,1360649.93,839763.3858,586857.8392,1618958.392,999185.7203,698268.0868
37507171,UNIVERSAL ROBINA CORPORATION,2011,Philippines (the),PH,1089,Manufacturing,10132,1539270.982,1058609.085,616057.2561,1762423.271,1212078.515,705368.7474
37507171,UNIVERSAL ROBINA CORPORATION,2012,Philippines (the),PH,1089,Manufacturing,11174,1739080.698,1180336.511,676876.6827,1952268.276,1325029.671,759852.5335
37507171,UNIVERSAL ROBINA CORPORATION,2013,Philippines (the),PH,1089,Manufacturing,11174,1898074.09,1219965.761,708015.093,2087722.8,1341860.335,778757.4048
37507171,UNIVERSAL ROBINA CORPORATION,2014,Philippines (the),PH,1089,Manufacturing,11623,2055810.983,1297729.033,775331.9176,2194229.164,1385105.398,827535.1769
37507171,UNIVERSAL ROBINA CORPORATION,2015,Philippines (the),PH,1089,Manufacturing,12260,2327722.573,1432608.868,836992.2346,2502458.38,1540150.922,899822.9669
37507171,UNIVERSAL ROBINA CORPORATION,2016,Philippines (the),PH,1089,Manufacturing,13070.5,621127.7814,381807.6427,912825.3921,659312.8955,405280.0567,968943.2196
37507171,UNIVERSAL ROBINA CORPORATION,2017,Philippines (the),PH,1089,Manufacturing,13881,2510978.381,1556111.999,976552.6176,2604905.39,1614320.762,1013082.071
37507171,UNIVERSAL ROBINA CORPORATION,2018,Philippines (the),PH,1089,Manufacturing,14239,2423373.69,1550605.805,985325.814,2423373.69,1550605.805,985325.814
37507171,UNIVERSAL ROBINA CORPORATION,2019,Philippines (the),PH,1089,Manufacturing,15048,2644145.668,1656641.531,1147721.679,2625841.549,1645173.417,1139776.567
37507171,UNIVERSAL ROBINA CORPORATION,2020,Philippines (the),PH,1089,Manufacturing,14471,2771672.847,1745100.537,1353268.194,2707794.045,1704881.169,1322079.394
37507171,UNIVERSAL ROBINA CORPORATION,2021,Philippines (the),PH,1089,Manufacturing,13894,2724574.993,1736924.385,1144218.047,2602382.829,1659026.529,1092901.978
37507171,UNIVERSAL ROBINA CORPORATION,2022,Philippines (the),PH,1089,Manufacturing,13510,2724782.635,1816677.643,1106894.925,2467167.039,1644919.174,1002243.129
37507171,UNIVERSAL ROBINA CORPORATION,2023,Philippines (the),PH,1089,Manufacturing,13546,2850013.627,1911789.98,1146600.073,2467038.877,1654890.405,992524.0115
37507171,UNIVERSAL ROBINA CORPORATION,2024,Philippines (the),PH,1089,Manufacturing,13952,2794054.181,1895617.795,1145860.81,2350112.278,1594426.724,963797.1868
257014956,UPSON INTERNATIONAL CORP.,2024,Philippines (the),PH,4651,Wholesale and retail trade; repair of motor vehicles and motorcycles,866,202376.1102,156220.5801,22832.40185,170220.9587,131398.9922,19204.60537
37508350,VANTAGE EQUITIES INC,2004,Philippines (the),PH,6420,Financial and insurance activities,125,2850.711749,252.5992113,1193.950258,4476.981971,396.7016712,1875.073402
37508350,VANTAGE EQUITIES INC,2005,Philippines (the),PH,6420,Financial and insurance activities,86,4237.2851,299.1878303,2070.175516,6283.174104,443.6447356,3069.718672
37508350,VANTAGE EQUITIES INC,2006,Philippines (the),PH,6420,Financial and insurance activities,47,46596.02737,4468.778018,2024.647902,65733.94665,6304.194422,2856.211241
37508350,VANTAGE EQUITIES INC,2007,Philippines (the),PH,6420,Financial and insurance activities,8,9960.024968,539.5521765,2180.768547,13619.83514,737.8105696,2982.091731
37508350,VANTAGE EQUITIES INC,2008,Philippines (the),PH,6420,Financial and insurance activities,101.8,7467.853093,798.1889111,1594.650961,9527.887334,1018.372204,2034.541186
37508350,VANTAGE EQUITIES INC,2009,Philippines (the),PH,6420,Financial and insurance activities,195.6,8438.32497,1014.906357,1522.284033,10479.12193,1260.360024,1890.446273
37508350,VANTAGE EQUITIES INC,2010,Philippines (the),PH,6420,Financial and insurance activities,289.4,8516.805439,848.2625195,1178.033518,10133.65255,1009.298346,1401.67372
37508350,VANTAGE EQUITIES INC,2011,Philippines (the),PH,6420,Financial and insurance activities,383.2,17696.34455,484.3607866,1009.196898,20261.83161,554.5798835,1155.502909
37508350,VANTAGE EQUITIES INC,2012,Philippines (the),PH,6420,Financial and insurance activities,477,21936.61368,789.1823575,1114.561069,24625.74338,885.9253526,1251.191057
37508350,VANTAGE EQUITIES INC,2013,Philippines (the),PH,6420,Financial and insurance activities,502,23222.94827,1324.424762,851.6233821,25543.30141,1456.756503,936.7145157
37508350,VANTAGE EQUITIES INC,2014,Philippines (the),PH,6420,Financial and insurance activities,527,25474.3262,922.8097012,764.9102442,27189.51788,984.9426704,816.41181
37508350,VANTAGE EQUITIES INC,2015,Philippines (the),PH,6420,Financial and insurance activities,491,18387.35522,2051.986592,519.6751876,19767.64401,2206.023649,558.6857916
37508350,VANTAGE EQUITIES INC,2016,Philippines (the),PH,6420,Financial and insurance activities,483,12454.27907,7297.111237,309.2365464,13219.93162,7745.716232,328.2475022
37508350,VANTAGE EQUITIES INC,2017,Philippines (the),PH,6420,Financial and insurance activities,483,28076.39669,7899.965677,2849.007374,29126.6375,8195.476046,2955.578877
37508350,VANTAGE EQUITIES INC,2018,Philippines (the),PH,6420,Financial and insurance activities,511,6524.201781,8116.948985,3383.26014,6524.201781,8116.948985,3383.26014
37508350,VANTAGE EQUITIES INC,2019,Philippines (the),PH,6420,Financial and insurance activities,559,17772.68245,7454.004401,4836.492976,17649.65092,7402.403998,4803.012316
37508350,VANTAGE EQUITIES INC,2020,Philippines (the),PH,6420,Financial and insurance activities,475,11838.72476,7092.742724,3750.666051,11565.87742,6929.276134,3664.224372
37508350,VANTAGE EQUITIES INC,2021,Philippines (the),PH,6420,Financial and insurance activities,476,14567.3379,6420.88483,2953.933173,13914.01965,6132.919985,2821.454717
37508350,VANTAGE EQUITIES INC,2022,Philippines (the),PH,6420,Financial and insurance activities,476,722.8439082,5576.764095,2367.890243,654.5023599,5049.506842,2144.017172
37508350,VANTAGE EQUITIES INC,2023,Philippines (the),PH,6420,Financial and insurance activities,428,21092.68067,4603.091711,2338.2223,18258.32085,3984.54453,2024.020258
37508350,VANTAGE EQUITIES INC,2024,Philippines (the),PH,6420,Financial and insurance activities,413,19436.37686,3286.654849,2057.779096,16348.16827,2764.444572,1730.822528
37508777,VICTORIAS MILLING COMPANY INC,2001,Philippines (the),PH,1081,Manufacturing,2582,44221.71282,24608.51302,116960.0815,79098.73327,44016.88862,209204.7932
37508777,VICTORIAS MILLING COMPANY INC,2002,Philippines (the),PH,1081,Manufacturing,1744,50775.50833,28461.53231,111357.5738,87134.66413,48842.17096,191098.132
37508777,VICTORIAS MILLING COMPANY INC,2003,Philippines (the),PH,1081,Manufacturing,1522,47101.66184,21549.66976,98314.25922,78329.67585,35836.92338,163495.8037
37508777,VICTORIAS MILLING COMPANY INC,2004,Philippines (the),PH,1081,Manufacturing,1487,49905.09662,23973.69001,100307.2581,78374.88933,37650.16859,157530.4084
37508777,VICTORIAS MILLING COMPANY INC,2005,Philippines (the),PH,1081,Manufacturing,1319,54144.31846,24071.81208,98760.00468,80286.82791,35694.40874,146444.3126
37508777,VICTORIAS MILLING COMPANY INC,2006,Philippines (the),PH,1081,Manufacturing,1427.6,57316.59727,26955.38419,93367.05752,80857.66876,38026.49895,131714.7732
37508777,VICTORIAS MILLING COMPANY INC,2007,Philippines (the),PH,1081,Manufacturing,1536.2,60488.87607,29838.95629,87974.11036,82715.50751,40803.27778,120300.1884
37508777,VICTORIAS MILLING COMPANY INC,2008,Philippines (the),PH,1081,Manufacturing,1644.8,63661.15488,32722.52839,82581.1632,81222.31432,41749.156,105361.4752
37508777,VICTORIAS MILLING COMPANY INC,2009,Philippines (the),PH,1081,Manufacturing,1753.4,66833.43368,35606.1005,77188.21604,82997.00508,44217.38553,95856.0769
37508777,VICTORIAS MILLING COMPANY INC,2010,Philippines (the),PH,1081,Manufacturing,1862,91091.41417,37974.58997,82883.64064,108384.3876,45183.7609,98618.43417
37508777,VICTORIAS MILLING COMPANY INC,2011,Philippines (the),PH,1081,Manufacturing,2229,103137.6204,56924.69255,85774.31621,118089.761,65177.21962,98209.25146
37508777,VICTORIAS MILLING COMPANY INC,2012,Philippines (the),PH,1081,Manufacturing,2326,110823.3756,59006.42971,90539.83487,124408.8102,66239.81334,101638.784
37508777,VICTORIAS MILLING COMPANY INC,2013,Philippines (the),PH,1081,Manufacturing,2187,116175.7778,42467.43459,87867.8365,127783.6421,46710.62733,96647.27348
37508777,VICTORIAS MILLING COMPANY INC,2014,Philippines (the),PH,1081,Manufacturing,2173,115220.6083,51789.6364,94087.38293,122978.4358,55276.64339,100422.306
37508777,VICTORIAS MILLING COMPANY INC,2015,Philippines (the),PH,1081,Manufacturing,2468,110018.645,44175.80398,90828.43048,118277.4456,47491.96153,97646.67391
37508777,VICTORIAS MILLING COMPANY INC,2016,Philippines (the),PH,1081,Manufacturing,2763,117363.4358,58841.3688,109702.8598,124578.5955,62458.76356,116447.0698
37508777,VICTORIAS MILLING COMPANY INC,2017,Philippines (the),PH,1081,Manufacturing,2464,180240.1234,131376.9126,121045.8528,186982.2824,136291.2681,125573.7591
37508777,VICTORIAS MILLING COMPANY INC,2018,Philippines (the),PH,1081,Manufacturing,2097,143307.367,88227.32543,109738.2357,143307.367,88227.32543,109738.2357
37508777,VICTORIAS MILLING COMPANY INC,2019,Philippines (the),PH,1081,Manufacturing,1730,119067.9972,68180.07501,111994.8778,118243.7481,67708.09791,111219.5924
37508777,VICTORIAS MILLING COMPANY INC,2020,Philippines (the),PH,1081,Manufacturing,1363,147706.6239,95090.88348,115531.3303,144302.4262,92899.3219,112868.6774
37508777,VICTORIAS MILLING COMPANY INC,2021,Philippines (the),PH,1081,Manufacturing,1649,153723.2789,110241.3252,111847.2204,146829.0733,105297.205,106831.0788
37508777,VICTORIAS MILLING COMPANY INC,2022,Philippines (the),PH,1081,Manufacturing,1497,156092.0703,107343.0154,109821.8128,141334.287,97194.22975,99438.66836
37508777,VICTORIAS MILLING COMPANY INC,2023,Philippines (the),PH,1081,Manufacturing,1686,276738.8508,204023.9715,125740.3115,239551.6629,176607.9519,108843.7732
37508777,VICTORIAS MILLING COMPANY INC,2024,Philippines (the),PH,1081,Manufacturing,670,210489.1559,151640.979,134492.0688,177044.9382,127547.0351,113122.8823
49685735,VILLAR LAND HOLDINGS CORP,2016,Philippines (the),PH,4110,Construction,98,16498.96623,6668.259328,2850.119463,17513.27427,7078.204351,3025.336447
49685735,VILLAR LAND HOLDINGS CORP,2017,Philippines (the),PH,4110,Construction,35,74119.68178,37553.59125,5560.282645,76892.24249,38958.3411,5768.273571
49685735,VILLAR LAND HOLDINGS CORP,2018,Philippines (the),PH,4110,Construction,80,111843.5675,54649.17538,6261.190617,111843.5675,54649.17538,6261.190617
49685735,VILLAR LAND HOLDINGS CORP,2019,Philippines (the),PH,4110,Construction,80,172776.0323,86149.14064,7086.02001,171579.9889,85552.77254,7036.966981
49685735,VILLAR LAND HOLDINGS CORP,2020,Philippines (the),PH,4110,Construction,80,109188.5011,54207.53018,6545.319974,106672.0314,52958.2081,6394.469848
49685735,VILLAR LAND HOLDINGS CORP,2021,Philippines (the),PH,4110,Construction,80,100794.0107,47265.92442,5837.830499,96273.58519,45146.13487,5576.014566
49685735,VILLAR LAND HOLDINGS CORP,2022,Philippines (the),PH,4110,Construction,80,88460.67384,38725.90889,4584.283693,80097.12626,35064.55331,4150.860872
49685735,VILLAR LAND HOLDINGS CORP,2023,Philippines (the),PH,4110,Construction,522,90076.28527,34847.30106,4071.499225,77972.15268,30164.64401,3524.385562
49685735,VILLAR LAND HOLDINGS CORP,2024,Philippines (the),PH,4110,Construction,386,63457.59458,22558.05429,6630.002908,53374.93925,18973.84837,5576.574479
44534008,VISTA LAND & LIFESCAPES INC,2007,Philippines (the),PH,6420,Financial and insurance activities,325,242065.5261,97373.56437,1755.513125,331012.4794,133153.4708,2400.576247
44534008,VISTA LAND & LIFESCAPES INC,2008,Philippines (the),PH,6420,Financial and insurance activities,399,226990.2522,111046.1422,1996.419945,289606.3329,141678.6215,2547.139596
44534008,VISTA LAND & LIFESCAPES INC,2009,Philippines (the),PH,6420,Financial and insurance activities,424,213767.5987,107946.844,367118.7908,265466.9901,134053.6356,455905.951
44534008,VISTA LAND & LIFESCAPES INC,2010,Philippines (the),PH,6420,Financial and insurance activities,610,266742.9921,128889.7141,413831.7722,317382.0069,153358.3911,492394.4107
44534008,VISTA LAND & LIFESCAPES INC,2011,Philippines (the),PH,6420,Financial and insurance activities,751,316419.4003,150504.1932,376227.0418,362291.5789,172323.1942,430769.6964
44534008,VISTA LAND & LIFESCAPES INC,2012,Philippines (the),PH,6420,Financial and insurance activities,941,405505.531,194439.5494,446329.6954,455214.9793,218275.1866,501043.6296
44534008,VISTA LAND & LIFESCAPES INC,2013,Philippines (the),PH,6420,Financial and insurance activities,1009,464718.3205,222163.3997,425021.2646,511151.2972,244361.1644,467487.8548
44534008,VISTA LAND & LIFESCAPES INC,2014,Philippines (the),PH,6420,Financial and insurance activities,1296,564509.0048,247266.3361,10670.28274,602517.5136,263914.8299,11388.7151
44534008,VISTA LAND & LIFESCAPES INC,2015,Philippines (the),PH,6420,Financial and insurance activities,1845,605781.0686,259803.459,16982.04208,651255.4071,279306.1986,18256.83782
44534008,VISTA LAND & LIFESCAPES INC,2016,Philippines (the),PH,6420,Financial and insurance activities,1548,626692.1923,247344.9917,16506.73528,665219.39,262551.0362,17521.52095
44534008,VISTA LAND & LIFESCAPES INC,2017,Philippines (the),PH,6420,Financial and insurance activities,1747,697868.5737,266481.9331,17743.7047,723973.4213,276450.0997,18407.43527
44534008,VISTA LAND & LIFESCAPES INC,2018,Philippines (the),PH,6420,Financial and insurance activities,1946,763625.8007,287860.5691,30611.222,763625.8007,287860.5691,30611.222
44534008,VISTA LAND & LIFESCAPES INC,2019,Philippines (the),PH,6420,Financial and insurance activities,2269,845366.3473,310746.2749,50198.80174,839514.2921,308595.1314,49851.30014
44534008,VISTA LAND & LIFESCAPES INC,2020,Philippines (the),PH,6420,Financial and insurance activities,1661,650680.3446,250243.851,47995.23126,635684.1011,244476.4758,46889.08416
44534008,VISTA LAND & LIFESCAPES INC,2021,Philippines (the),PH,6420,Financial and insurance activities,1950,583605.2227,168066.3955,45631.42642,557431.6046,160528.9276,43584.94109
44534008,VISTA LAND & LIFESCAPES INC,2022,Philippines (the),PH,6420,Financial and insurance activities,1867,513913.455,98769.90409,41002.95808,465325.3147,89431.66647,37126.31803
44534008,VISTA LAND & LIFESCAPES INC,2023,Philippines (the),PH,6420,Financial and insurance activities,1641,644307.7474,109993.7181,47440.94463,557727.9514,95213.15131,41065.99831
44534008,VISTA LAND & LIFESCAPES INC,2024,Philippines (the),PH,6420,Financial and insurance activities,1295,602062.4845,82769.81176,35382.40666,506401.9326,69618.67533,29760.56402
37507402,"VISTAMALLS, INCORPORATION",2004,Philippines (the),PH,6831,Real estate activities,28.66666667,13262.64046,6617.431094,110.0289676,20828.69383,10392.53432,172.7981458
37507402,"VISTAMALLS, INCORPORATION",2005,Philippines (the),PH,6831,Real estate activities,56.33333333,24391.88287,12264.7601,233.6103504,36169.01936,18186.55607,346.4044711
37507402,"VISTAMALLS, INCORPORATION",2006,Philippines (the),PH,6831,Real estate activities,84,39812.30185,17656.96504,254.091022,56164.00953,24909.03331,358.4512806
37507402,"VISTAMALLS, INCORPORATION",2007,Philippines (the),PH,6831,Real estate activities,29,31436.34164,1672.978888,174.7783843,42987.62222,2287.714812,239.0006841
37507402,"VISTAMALLS, INCORPORATION",2008,Philippines (the),PH,6831,Real estate activities,23,5065.810315,2325.450169,137.3275787,6463.232382,2966.933995,175.2098872
37507402,"VISTAMALLS, INCORPORATION",2012,Philippines (the),PH,6831,Real estate activities,121,260862.7863,130.9834768,5813.118994,292841.0065,147.0402648,6525.72811
37507402,"VISTAMALLS, INCORPORATION",2013,Philippines (the),PH,6831,Real estate activities,128,35673.45966,261.9669535,7171.612724,39237.82295,288.1417457,7888.174374
37507402,"VISTAMALLS, INCORPORATION",2014,Philippines (the),PH,6831,Real estate activities,190,43058.7673,1481.005014,4517.762336,45957.92306,1580.72139,4821.944214
37507402,"VISTAMALLS, INCORPORATION",2015,Philippines (the),PH,6831,Real estate activities,190,55469.08767,5474.378672,1293.982948,59633.00133,5885.3254,1391.118732
37507402,"VISTAMALLS, INCORPORATION",2016,Philippines (the),PH,6831,Real estate activities,220,89920.52327,9467.752329,1039.708516,95448.57327,10049.80197,1103.626745
37507402,"VISTAMALLS, INCORPORATION",2017,Philippines (the),PH,6831,Real estate activities,220,106107.2616,13461.12599,1038.459192,110076.3669,13964.66011,1077.304355
37507402,"VISTAMALLS, INCORPORATION",2018,Philippines (the),PH,6831,Real estate activities,279,119219.1652,17454.49964,1279.246697,119219.1652,17454.49964,1279.246697
37507279,VITARICH CORPORATION,2003,Philippines (the),PH,1091,Manufacturing,648,80732.41964,72606.93632,39290.10628,134257.3492,120744.7373,65339.12326
37507279,VITARICH CORPORATION,2004,Philippines (the),PH,1091,Manufacturing,648,78802.2099,71237.42069,37035.98866,123757.1891,111876.8491,58164.22989
37507279,VITARICH CORPORATION,2005,Philippines (the),PH,1091,Manufacturing,586,59654.77826,48442.32943,37789.607,88457.90385,71831.74666,56035.56865
37507279,VITARICH CORPORATION,2006,Philippines (the),PH,1091,Manufacturing,524,52603.43603,41829.19513,39690.58891,74208.71805,59009.28118,55992.30666
37507279,VITARICH CORPORATION,2007,Philippines (the),PH,1091,Manufacturing,462,84136.15484,50908.43138,56922.29569,115051.9765,69614.72939,77838.38753
37507279,VITARICH CORPORATION,2008,Philippines (the),PH,1091,Manufacturing,629,61600.08496,53088.21795,36722.6918,78592.69081,67732.79456,46852.77893
37507279,VITARICH CORPORATION,2009,Philippines (the),PH,1091,Manufacturing,586,59227.95207,50072.2011,37746.52614,73552.1485,62182.09211,46875.47009
37507279,VITARICH CORPORATION,2010,Philippines (the),PH,1091,Manufacturing,529,55001.48213,46475.53917,36455.89674,65443.07179,55298.54703,43376.75596
37507279,VITARICH CORPORATION,2011,Philippines (the),PH,1091,Manufacturing,497,64659.21701,54792.41194,37207.54527,74033.03906,62735.8165,42601.62402
37507279,VITARICH CORPORATION,2012,Philippines (the),PH,1091,Manufacturing,507,79083.55912,65993.03196,39722.93124,88778.12502,74082.87775,44592.42091
37507279,VITARICH CORPORATION,2013,Philippines (the),PH,1091,Manufacturing,454.5,65542.7133,59174.3158,34772.88775,72091.50458,65086.79979,38247.26914
37507279,VITARICH CORPORATION,2014,Philippines (the),PH,1091,Manufacturing,402,54648.04953,47950.62471,8511.912591,58327.51408,51179.15025,9085.021436
37507279,VITARICH CORPORATION,2015,Philippines (the),PH,1091,Manufacturing,644,73741.02077,61987.17271,8712.843962,79276.55879,66640.3813,9366.893478
37507279,VITARICH CORPORATION,2016,Philippines (the),PH,1091,Manufacturing,823,103456.9697,89183.34622,10371.30875,109817.2007,94666.07674,11008.90639
37507279,VITARICH CORPORATION,2017,Philippines (the),PH,1091,Manufacturing,1003,131352.0176,114969.6093,11482.94334,136265.4419,119270.2244,11912.4805
37507279,VITARICH CORPORATION,2018,Philippines (the),PH,1091,Manufacturing,1040,158759.3953,144106.561,18339.71325,158759.3953,144106.561,18339.71325
37507279,VITARICH CORPORATION,2019,Philippines (the),PH,1091,Manufacturing,926,176333.4578,159001.1427,21924.52306,175112.7881,157900.4561,21772.75038
37507279,VITARICH CORPORATION,2020,Philippines (the),PH,1091,Manufacturing,963,164998.9748,148975.3889,20172.05783,161196.24,145541.95,19707.152
37507279,VITARICH CORPORATION,2021,Philippines (the),PH,1091,Manufacturing,822,191689.5496,172680.8046,18846.55569,183092.6267,164936.3889,18001.32242
37507279,VITARICH CORPORATION,2022,Philippines (the),PH,1091,Manufacturing,855,213422.0249,192247.898,36084.24816,193243.9595,174071.7484,32672.64938
37507279,VITARICH CORPORATION,2023,Philippines (the),PH,1091,Manufacturing,1245,225086.5956,206609.7301,37387.24381,194840.2551,178846.2454,32363.27823
37507279,VITARICH CORPORATION,2024,Philippines (the),PH,1091,Manufacturing,1472,216142.4593,188432.5797,37487.53639,181799.999,158492.889,31531.21373
37507956,VIVANT CORPORATION,2004,Philippines (the),PH,3511,"Electricity, gas, steam and air conditioning supply",4.571428571,58.80889258,1290.004743,12.99162903,92.35811088,2025.924922,20.40307617
37507956,VIVANT CORPORATION,2005,Philippines (the),PH,3511,"Electricity, gas, steam and air conditioning supply",5.142857143,41.72084502,2580.009486,288.013277,61.86492691,3825.715856,427.074771
37507956,VIVANT CORPORATION,2006,Philippines (the),PH,3511,"Electricity, gas, steam and air conditioning supply",5.714285714,670.8255361,3870.01423,319.7712309,946.3469847,5459.506384,451.1076634
37507956,VIVANT CORPORATION,2007,Philippines (the),PH,3511,"Electricity, gas, steam and air conditioning supply",6.285714286,9909.132478,5160.018973,397.2609296,13550.24221,7056.067427,543.2344184
37507956,VIVANT CORPORATION,2008,Philippines (the),PH,3511,"Electricity, gas, steam and air conditioning supply",6.857142857,2160.366457,6450.023716,388.1015103,2756.311344,8229.286048,495.1607132
37507956,VIVANT CORPORATION,2009,Philippines (the),PH,3511,"Electricity, gas, steam and air conditioning supply",7.428571429,1744.067616,7740.028459,281.3875171,2165.867902,9611.943394,349.4406901
37507956,VIVANT CORPORATION,2010,Philippines (the),PH,3511,"Electricity, gas, steam and air conditioning supply",8,21602.393,9030.033203,65230.92289,25703.43382,10744.31248,77614.48973
37507956,VIVANT CORPORATION,2011,Philippines (the),PH,3511,"Electricity, gas, steam and air conditioning supply",20.5,32568.68154,14895.3064,58210.25488,37290.25163,17054.71937,66649.1534
37507956,VIVANT CORPORATION,2012,Philippines (the),PH,3511,"Electricity, gas, steam and air conditioning supply",33,67832.36968,38481.33094,1149.349377,76147.69318,43198.61735,1290.243937
37507956,VIVANT CORPORATION,2013,Philippines (the),PH,3511,"Electricity, gas, steam and air conditioning supply",33,62288.96441,32221.19228,1410.546257,68512.65284,35440.61747,1551.482947
37507956,VIVANT CORPORATION,2014,Philippines (the),PH,3511,"Electricity, gas, steam and air conditioning supply",47,76441.71586,41136.96617,17051.12419,81588.55249,43906.72666,18199.17993
37507956,VIVANT CORPORATION,2015,Philippines (the),PH,3511,"Electricity, gas, steam and air conditioning supply",70,67683.58535,42900.13975,19431.30637,72764.40816,46120.53665,20889.96173
37507956,VIVANT CORPORATION,2016,Philippines (the),PH,3511,"Electricity, gas, steam and air conditioning supply",77,51413.74771,29422.64084,12731.33527,54574.5141,31231.4585,13514.02041
37507956,VIVANT CORPORATION,2017,Philippines (the),PH,3511,"Electricity, gas, steam and air conditioning supply",90,59400.43464,37008.27147,10578.21008,61622.39927,38392.6228,10973.9043
37507956,VIVANT CORPORATION,2018,Philippines (the),PH,3511,"Electricity, gas, steam and air conditioning supply",90,47564.07152,31544.04201,11562.74232,47564.07152,31544.04201,11562.74232
37507956,VIVANT CORPORATION,2019,Philippines (the),PH,3511,"Electricity, gas, steam and air conditioning supply",68,72616.64421,39347.68636,44275.65813,72113.95492,39075.30169,43969.15954
37507956,VIVANT CORPORATION,2020,Philippines (the),PH,3511,"Electricity, gas, steam and air conditioning supply",78,46511.63567,12993.46283,61051.7926,45439.68103,12694.00223,59644.73066
37507956,VIVANT CORPORATION,2021,Philippines (the),PH,3511,"Electricity, gas, steam and air conditioning supply",90,64175.60293,26706.83866,75275.31954,61297.44548,25509.0862,71899.36027
37507956,VIVANT CORPORATION,2022,Philippines (the),PH,3511,"Electricity, gas, steam and air conditioning supply",89,81084.6225,55815.62741,105125.9269,73418.44646,50538.51798,95186.75674
37507956,VIVANT CORPORATION,2023,Philippines (the),PH,3511,"Electricity, gas, steam and air conditioning supply",95,112314.6279,67801.86005,151622.634,97222.18551,58690.88594,131248.1208
37507956,VIVANT CORPORATION,2024,Philippines (the),PH,3511,"Electricity, gas, steam and air conditioning supply",89,170754.1061,110659.1135,157448.8181,143623.3141,93076.6995,132432.0778
37508518,WATERFRONT PHILIPPINES INC,2001,Philippines (the),PH,5510,Accommodation and food service activities,979,18464.45872,1867.26721,79346.61028,33027.10822,3339.953646,141926.1255
37508518,WATERFRONT PHILIPPINES INC,2002,Philippines (the),PH,5510,Accommodation and food service activities,927,18031.75381,13546.70785,74901.83821,30943.87164,23247.18901,128537.2954
37508518,WATERFRONT PHILIPPINES INC,2003,Philippines (the),PH,5510,Accommodation and food service activities,827,17324.5148,10572.33309,69407.18479,28810.52548,17581.70288,115423.5769
37508518,WATERFRONT PHILIPPINES INC,2004,Philippines (the),PH,5510,Accommodation and food service activities,1114.5,35174.20469,17713.11759,85246.91098,55240.33789,27818.0732,133878.4546
37508518,WATERFRONT PHILIPPINES INC,2005,Philippines (the),PH,5510,Accommodation and food service activities,1402,33998.70102,23168.58021,100273.9028,50414.29897,34355.06928,148689.1664
37508518,WATERFRONT PHILIPPINES INC,2006,Philippines (the),PH,5510,Accommodation and food service activities,1459,39252.60551,25422.04692,104485.326,55374.43474,35863.38943,147399.5367
37508518,WATERFRONT PHILIPPINES INC,2007,Philippines (the),PH,5510,Accommodation and food service activities,963,49253.254,12263.54417,121568.0762,67351.35724,16769.78225,166238.2536
37508518,WATERFRONT PHILIPPINES INC,2008,Philippines (the),PH,5510,Accommodation and food service activities,995,40976.3509,10481.37319,101913.8266,52279.82526,13372.69783,130027.1237
37508518,WATERFRONT PHILIPPINES INC,2009,Philippines (the),PH,5510,Accommodation and food service activities,854,41198.85155,9368.150649,148350.2214,51162.73552,11633.82463,184228.5126
37508518,WATERFRONT PHILIPPINES INC,2010,Philippines (the),PH,5510,Accommodation and food service activities,1193,43994.39523,10194.18954,151405.5171,52346.37784,12129.47455,180148.6386
37508518,WATERFRONT PHILIPPINES INC,2011,Philippines (the),PH,5510,Accommodation and food service activities,1033,45428.20205,8767.096419,148652.595,52014.0517,10038.08616,170203.1649
37508518,WATERFRONT PHILIPPINES INC,2012,Philippines (the),PH,5510,Accommodation and food service activities,1036,48535.29763,15343.82874,156897.2115,54485.06325,17224.77291,176130.67
37508518,WATERFRONT PHILIPPINES INC,2013,Philippines (the),PH,5510,Accommodation and food service activities,943,44560.09472,14263.22815,146472.0618,49012.3785,15688.35841,161107.0214
37508518,WATERFRONT PHILIPPINES INC,2014,Philippines (the),PH,5510,Accommodation and food service activities,875,44271.13031,11667.05528,139728.6251,47251.91472,12452.60054,149136.5825
37508518,WATERFRONT PHILIPPINES INC,2015,Philippines (the),PH,5510,Accommodation and food service activities,854,44542.84848,4721.960715,125633.5491,47886.55906,5076.425473,135064.5182
37508518,WATERFRONT PHILIPPINES INC,2016,Philippines (the),PH,5510,Accommodation and food service activities,818,43058.94068,4933.129934,132194.99,45706.07805,5236.404292,140321.9502
37508518,WATERFRONT PHILIPPINES INC,2017,Philippines (the),PH,5510,Accommodation and food service activities,779,42163.57046,5065.841222,128007.0865,43740.76367,5255.336806,132795.3885
37508518,WATERFRONT PHILIPPINES INC,2018,Philippines (the),PH,5510,Accommodation and food service activities,575,35297.09581,4884.701673,96791.19979,35297.09581,4884.701673,96791.19979
37508518,WATERFRONT PHILIPPINES INC,2019,Philippines (the),PH,5510,Accommodation and food service activities,575,44103.42102,5315.919114,134797.0989,43798.11474,5279.119623,133863.965
37508518,WATERFRONT PHILIPPINES INC,2020,Philippines (the),PH,5510,Accommodation and food service activities,466,39744.19063,1978.849135,180257.4472,38828.20544,1933.242558,176103.05
37508518,WATERFRONT PHILIPPINES INC,2021,Philippines (the),PH,5510,Accommodation and food service activities,383,27838.22483,5200.00404,202662.7447,26589.73178,4966.793448,193573.6943
37508518,WATERFRONT PHILIPPINES INC,2022,Philippines (the),PH,5510,Accommodation and food service activities,419,26486.83187,8763.649351,198137.3492,23982.62442,7935.086837,179404.3792
37508518,WATERFRONT PHILIPPINES INC,2023,Philippines (the),PH,5510,Accommodation and food service activities,407,32457.86132,8850.774641,213069.5533,28096.28873,7661.438852,184438.0204
37508518,WATERFRONT PHILIPPINES INC,2024,Philippines (the),PH,5510,Accommodation and food service activities,417,33716.42953,8917.536885,203333.086,28359.29079,7500.646575,171025.8825
37507197,WELLEX INDUSTRIES INC,2001,Philippines (the),PH,910,"Arts, entertainment and recreation",269,2822.679276,3297.428341,55727.02725,5048.885285,5898.062019,99678.12151
37507197,WELLEX INDUSTRIES INC,2002,Philippines (the),PH,910,"Arts, entertainment and recreation",19,883.8330574,1255.932651,47656.35831,1516.725271,2155.276694,81781.96363
37507197,WELLEX INDUSTRIES INC,2003,Philippines (the),PH,910,"Arts, entertainment and recreation",21,443.4306727,769.1878269,41773.48721,737.4215579,1279.153023,69468.9653
37507197,WELLEX INDUSTRIES INC,2004,Philippines (the),PH,910,"Arts, entertainment and recreation",8,324.7196362,1225.887272,39972.39895,509.9652596,1925.229802,62775.79959
37507197,WELLEX INDUSTRIES INC,2005,Philippines (the),PH,910,"Arts, entertainment and recreation",11.66666667,304.1438295,843.9331726,7406.863298,450.9936406,1251.409554,10983.12022
37507197,WELLEX INDUSTRIES INC,2006,Philippines (the),PH,910,"Arts, entertainment and recreation",15.33333333,486.6889232,74.96132921,6822.152618,686.5817864,105.7494446,9624.146983
37507197,WELLEX INDUSTRIES INC,2007,Philippines (the),PH,910,"Arts, entertainment and recreation",19,903.1182683,57.70391931,6924.494471,1234.968985,78.90721867,9468.89927
37507197,WELLEX INDUSTRIES INC,2008,Philippines (the),PH,910,"Arts, entertainment and recreation",19,610.1084624,183.3210509,5380.878235,778.4090847,233.8908247,6865.212925
37507197,WELLEX INDUSTRIES INC,2009,Philippines (the),PH,910,"Arts, entertainment and recreation",19,384.5888267,102.1874171,5379.130967,477.6010904,126.9012994,6680.066182
37507197,WELLEX INDUSTRIES INC,2010,Philippines (the),PH,910,"Arts, entertainment and recreation",15,354.3807743,77.5435812,4934.715823,421.6571182,92.26460733,5871.53199
37507197,WELLEX INDUSTRIES INC,2011,Philippines (the),PH,910,"Arts, entertainment and recreation",15,432.594258,108.3591364,4493.011425,495.3086209,124.0682542,5144.375477
37507197,WELLEX INDUSTRIES INC,2012,Philippines (the),PH,910,"Arts, entertainment and recreation",15,374.6358478,94.67857741,4306.612891,420.5610939,106.2848799,4834.544903
37507197,WELLEX INDUSTRIES INC,2013,Philippines (the),PH,910,"Arts, entertainment and recreation",15,242.4010504,89.58887049,2036.790249,266.6208882,98.54026697,2240.298977
37507197,WELLEX INDUSTRIES INC,2014,Philippines (the),PH,910,"Arts, entertainment and recreation",15,316.1126958,77.70580803,1726.875425,337.3966294,82.93775625,1843.146306
37507197,WELLEX INDUSTRIES INC,2015,Philippines (the),PH,910,"Arts, entertainment and recreation",15,3799.855813,86.82101478,969.1303017,4085.100661,93.3384324,1041.88028
37507197,WELLEX INDUSTRIES INC,2016,Philippines (the),PH,910,"Arts, entertainment and recreation",7,3028.486557,121.9360415,569.5701958,3214.669027,129.4323116,604.5857007
37507197,WELLEX INDUSTRIES INC,2017,Philippines (the),PH,910,"Arts, entertainment and recreation",7,356.8094744,179.5765417,304.1884398,370.1564817,186.2938785,315.5670763
37507197,WELLEX INDUSTRIES INC,2018,Philippines (the),PH,910,"Arts, entertainment and recreation",9,526.7430617,154.8251337,145.6073198,526.7430617,154.8251337,145.6073198
37507197,WELLEX INDUSTRIES INC,2019,Philippines (the),PH,910,"Arts, entertainment and recreation",13,588.52278,199.1565502,36.91076771,584.4487265,197.7778874,36.65525263
37507197,WELLEX INDUSTRIES INC,2020,Philippines (the),PH,910,"Arts, entertainment and recreation",13,667.2287245,255.2460576,52.31492885,651.8510902,249.3633963,51.1092256
37507197,WELLEX INDUSTRIES INC,2021,Philippines (the),PH,910,"Arts, entertainment and recreation",14,579.0168309,228.4436961,34.74219156,553.0489937,218.1984176,33.18406833
37507197,WELLEX INDUSTRIES INC,2022,Philippines (the),PH,910,"Arts, entertainment and recreation",8,412.3307212,143.6920888,18.95937283,373.3467586,130.1066664,17.16685182
37507197,WELLEX INDUSTRIES INC,2023,Philippines (the),PH,910,"Arts, entertainment and recreation",18,488.1854283,168.6612539,8.314287163,422.5847973,145.9971512,7.197042664
37507197,WELLEX INDUSTRIES INC,2024,Philippines (the),PH,910,"Arts, entertainment and recreation",18,2625.814382,159.8234862,6.912124457,2208.603777,134.4294394,5.813870277
315673257,WILCON DEPOT INC.,2016,Philippines (the),PH,4647,Wholesale and retail trade; repair of motor vehicles and motorcycles,1900,247554.0736,180665.3896,6863.630015,262772.9719,191772.1678,7285.585855
315673257,WILCON DEPOT INC.,2017,Philippines (the),PH,4647,Wholesale and retail trade; repair of motor vehicles and motorcycles,2033,356892.342,250018.3798,17227.75015,370242.4491,259370.7019,17872.18064
315673257,WILCON DEPOT INC.,2018,Philippines (the),PH,4647,Wholesale and retail trade; repair of motor vehicles and motorcycles,2264.333333,402214.8529,273847.4815,52483.89952,402214.8529,273847.4815,52483.89952
315673257,WILCON DEPOT INC.,2019,Philippines (the),PH,4647,Wholesale and retail trade; repair of motor vehicles and motorcycles,2495.666667,488478.637,321224.6368,201833.4578,485097.1398,319000.9568,200436.2641
315673257,WILCON DEPOT INC.,2020,Philippines (the),PH,4647,Wholesale and retail trade; repair of motor vehicles and motorcycles,2727,478996.3629,309084.0108,271411.3706,467956.9237,301960.5451,265156.1471
315673257,WILCON DEPOT INC.,2021,Philippines (the),PH,4647,Wholesale and retail trade; repair of motor vehicles and motorcycles,2981,548218.528,339496.56,283022.0837,523631.938,324270.7653,270329.0652
315673257,WILCON DEPOT INC.,2022,Philippines (the),PH,4647,Wholesale and retail trade; repair of motor vehicles and motorcycles,3306,605434.1431,364305.5429,308572.5598,548193.145,329862.1387,279398.4514
315673257,WILCON DEPOT INC.,2023,Philippines (the),PH,4647,Wholesale and retail trade; repair of motor vehicles and motorcycles,3595,631953.3465,376303.2693,341258.6749,547033.6912,325736.9671,295401.5413
315673257,WILCON DEPOT INC.,2024,Philippines (the),PH,4647,Wholesale and retail trade; repair of motor vehicles and motorcycles,3671,599732.4435,358930.7131,341464.3607,504442.1074,301900.9014,287209.7442
84024292,XURPAS INC,2014,Philippines (the),PH,5829,Information and communication,60,8764.170701,1529.68601,199.901385,9354.264138,1632.680088,213.3607868
84024292,XURPAS INC,2015,Philippines (the),PH,5829,Information and communication,81,19331.36149,4364.33022,1233.60047,20782.51426,4691.948628,1326.203504
84024292,XURPAS INC,2016,Philippines (the),PH,5829,Information and communication,102,39356.77456,12547.18655,1616.606116,41776.31361,13318.55077,1715.990318
84024292,XURPAS INC,2017,Philippines (the),PH,5829,Information and communication,123,49838.32932,15363.7797,1525.268862,51702.6087,15938.48551,1582.32389
84024292,XURPAS INC,2018,Philippines (the),PH,5829,Information and communication,62,24144.66001,6871.880272,1128.916671,24144.66001,6871.880272,1128.916671
84024292,XURPAS INC,2019,Philippines (the),PH,5829,Information and communication,35,19280.6834,4808.745853,263.5976663,19147.21272,4775.457273,261.7729094
84024292,XURPAS INC,2020,Philippines (the),PH,5829,Information and communication,49,4744.649699,1436.58918,88.53776061,4635.299659,1403.48008,86.49722899
84024292,XURPAS INC,2021,Philippines (the),PH,5829,Information and communication,43,4795.229935,1411.431075,114.9210248,4580.172715,1348.130994,109.7670288
84024292,XURPAS INC,2022,Philippines (the),PH,5829,Information and communication,77,4819.547414,884.8004305,102.9579476,4363.881496,801.146642,93.22374982
84024292,XURPAS INC,2023,Philippines (the),PH,5829,Information and communication,235,3404.484638,1128.619492,92.05103645,2947.002035,976.9595967,79.68154379
84024292,XURPAS INC,2024,Philippines (the),PH,5829,Information and communication,134,3170.889692,1241.165889,38.86992681,2667.073119,1043.959425,32.69395879